OBJECTID,Status,Address,YearBuilt,BuildingName,ArchitecturalStyle,DesignationPart,HeritageConservationDistrict,ByLaw,ShapeSTArea,ShapeSTLength
5992,Listed Heritage Property,857 Adelaide St N,1886, ,Queen Anne Cottage, , , ,596.36940696,115.294978337651
5993,Designated Heritage Property,862 Waterloo St,1924,Copeland Property,Shingle,V,Bishop Hellmuth Heritage Conservation District,LSP3333305,1206.7024768,184.02056168024
5994,Designated Heritage Property,326 St James St,1896, ,Queen Anne,IV,Bishop Hellmuth Heritage Conservation District,LSP3225415,390.37761736,81.2173074001433
5995,Designated Heritage Property,800 Hellmuth Ave,1904c, ,Queen Anne,V,Bishop Hellmuth Heritage Conservation District,LSP3333305,482.3851728,109.899311531006
5996,Listed Heritage Property,446 Piccadilly St,1900c, ,High Victorian, , , ,491.48325744,120.321888388338
5997,Listed Heritage Property,11 Chalmers St,1933, ,Tudor Revival, , , ,529.05302256,120.934195994981
5998,Designated Heritage Property,272 Grosvenor St,1935c, ,Colonial Revival,V,Bishop Hellmuth Heritage Conservation District,LSP3333305,392.94743904,87.0086762282211
5999,Designated Heritage Property,862 Wellington St,1900, ,Vernacular,V,Bishop Hellmuth Heritage Conservation District,LSP3333305,544.5654056,113.070714190931
6000,Listed Heritage Property,2598 Dundas St,1865, ,Ontario Cottage, , , ,2336.32865208,212.656292270075
6001,Designated Heritage Property,798 Hellmuth Ave,1904,Parks Property,Queen Anne,V,Bishop Hellmuth Heritage Conservation District,LSP3333305,468.99100664,109.290463412184
6002,Designated Heritage Property,866 Wellington St,1910c, ,Vernacular,V,Bishop Hellmuth Heritage Conservation District,LSP3333305,807.88791024,124.980169548808
6003,Designated Heritage Property,766 Hellmuth Ave,1902c, ,Vernacular,V,Bishop Hellmuth Heritage Conservation District,LSP3333305,321.4566632,81.6244072688124
6004,Listed Heritage Property,510 Piccadilly St,1895c, ,High Victorian, , , ,593.5704852,121.749950821423
6005,Listed Heritage Property,272 Huron St,1925c, ,Eclectic, , , ,1027.3193864,178.20089402554
6006,Designated Heritage Property,804 Hellmuth Ave,1900,Springham Property,Queen Anne,V,Bishop Hellmuth Heritage Conservation District,LSP3333305,803.98510376,124.523836663141
6007,Listed Heritage Property,220 St James St,1872,Harris Property,Eclectic, , , ,2713.69439176,214.744883049425
6008,Listed Heritage Property,270 Cheapside St,1876, ,Regency, , , ,323.13237456,77.404058668534
6009,Designated Heritage Property,799 Waterloo St,1897,Morrison Property,Queen Anne,V,Bishop Hellmuth Heritage Conservation District,LSP3333305,672.14419208,118.666986911871
6010,Listed Heritage Property,427 Regent St,1930,Kirkness Property,Eclectic, , , ,835.02069544,140.115560528914
6011,Designated Heritage Property,836 Wellington St,1907, ,Late Queen Anne,IV,Bishop Hellmuth Heritage Conservation District,LSP325029,606.26996096,115.860786483553
6012,Listed Heritage Property,1579-1589 Fanshawe Park Rd E,1865, ,Gothic Revival, , , ,34570.64469184,893.544697678869
6013,Listed Heritage Property,32 Alma St,1850c, , , , , ,510.248406,97.4221514813693
6014,Designated Heritage Property,860 Waterloo St, ,Extendicare, ,V,Bishop Hellmuth Heritage Conservation District,LSP3333305,10325.73008064,528.54371399674
6015,Listed Heritage Property,65 Thornton Ave,1914,Grierson Property,Queen Anne, , , ,554.59148928,115.387225421702
6016,Listed Heritage Property,1880 Kilally Rd,1860,The Spinney, , , , ,41251.17025928,1063.18913926753
6017,Designated Heritage Property,769 Hellmuth Ave,1902, ,Queen Anne,V,Bishop Hellmuth Heritage Conservation District,LSP3333305,469.43520296,108.565207487999
6018,Listed Heritage Property,517 St James St,1900, ,Vernacular, , , ,540.08033856,114.557379416886
6019,Listed Heritage Property,262 Regent St,1930c, ,Georgian Revival, , , ,652.50412144,112.952690389232
6020,Listed Heritage Property,447 Piccadilly St,1885c, ,Ontario Cottage, , , ,959.67017192,140.88704991698
6021,Listed Heritage Property,460 Piccadilly St,1892c, ,High Victorian, , , ,497.4018032,103.332840816298
6022,Listed Heritage Property,1204 Richmond St,1906,St. Luke's Church,Gothic Revival, , , ,1763.8628176,168.831715689775
6023,Designated Heritage Property,336 St James St,1925c, ,Neo-classical,V,Bishop Hellmuth Heritage Conservation District,LSP3333305,472.39289456,101.826223321157
6024,Listed Heritage Property,346 St James St,1888,Adkin Property,High Victorian, , , ,901.01205496,140.346570469545
6025,Listed Heritage Property,342 St James St,1835c, ,Vernacular, , , ,308.51301888,89.0090294479736
6026,Listed Heritage Property,836 Richmond St,1910, ,Eclectic, , , ,357.84614176,88.442470916948
6027,Designated Heritage Property,266 Oxford St E, ,Medical Building, ,V,Bishop Hellmuth Heritage Conservation District,LSP3333305,733.97298926,120.115655314479
6028,Listed Heritage Property,443 Regent St,1933, ,Georgian Revival, , , ,718.50649832,135.891826134505
6029,Designated Heritage Property,832 Wellington St,1896, ,Queen Anne,V,Bishop Hellmuth Heritage Conservation District,LSP3333305,351.04297104,104.447820445166
6030,Designated Heritage Property,868 Waterloo St,1912,Brown Property,Edwardian,V,Bishop Hellmuth Heritage Conservation District,LSP3333305,905.03513696,131.008423973736
6031,Listed Heritage Property,306 Huron St,1920,Yurkevich Property,Tudor Revival, , , ,556.10436752,115.707524255246
6032,Designated Heritage Property,270 St James St,1910c, , ,V,Bishop Hellmuth Heritage Conservation District,LSP3333305,613.92742724,111.445825628087
6033,Listed Heritage Property,440 Regent St,1930,Wolfe Property,Tudor Revival, , , ,1151.01573328,143.19469127061
6034,Listed Heritage Property,1000 Wellington St,1899, , , , , ,512.72245312,94.7092315465607
6035,Listed Heritage Property,745 Waterloo St,1884c, ,Italianate, , , ,379.47714384,91.2869661666258
6036,Designated Heritage Property,304 Oxford St E,1902c, ,Vernacular,V,Bishop Hellmuth Heritage Conservation District,LSP3333305,236.25671454,68.930546450974
6037,Listed Heritage Property,268 Grosvenor St,1892,Hospital Chapel,Romanesque Revival, , , ,29989.0730441,701.297355366735
6038,Listed Heritage Property,267 Regent St,1913c, ,Ontario Farmhouse, , , ,262.459788,70.8693087694422
6039,Designated Heritage Property,340 Grosvenor St,1906c, ,Queen Anne,V,Bishop Hellmuth Heritage Conservation District,LSP3333305,344.76275912,85.9881149530216
6040,Listed Heritage Property,1011 Wellington St,1926,Lee Property,Tudor Revival, , , ,2674.2072424,257.927343030352
6041,Listed Heritage Property,18 Chalmers St,1933, ,Tudor Revival, , , ,597.5984244,107.212174936628
6042,Listed Heritage Property,15 Chalmers St,1933, ,Tudor Revival, , , ,532.3627592,121.066562072573
6043,Listed Heritage Property,414 Regent St,1920,Burch Property,Tudor Revival, , , ,426.86360816,94.4482408247612
6044,Designated Heritage Property,830-830/ Waterloo St,1870c,Home Of Hiram Lee,Vernacular,V,Bishop Hellmuth Heritage Conservation District,LSP3333305,462.44555072,88.709063956454
6045,Designated Heritage Property,861 Waterloo St,1904, ,Queen Anne,V,Bishop Hellmuth Heritage Conservation District,LSP3333305,382.59825344,105.913693047839
6046,Designated Heritage Property,786 Wellington St,1904, ,Queen Anne,IV,Bishop Hellmuth Heritage Conservation District,LSP3168299,606.7226152,115.719209087026
6047,Designated Heritage Property,290 St James St,1907, ,Queen Anne,IV,Bishop Hellmuth Heritage Conservation District,LSP3186133,432.118908,87.4685080441466
6048,Listed Heritage Property,222 Epworth Ave,1900c, ,Tudor Revival, , , ,1320.11266288,172.755874917689
6049,Listed Heritage Property,260 Huron St,1916, ,Georgian Revival, , , ,878.1789532,145.883323961569
6050,Listed Heritage Property,365 St James St,1879,Macintyre Property,Italianate, , , ,445.08961528,136.35724414355
6051,Designated Heritage Property,280 Grosvenor St,1920c, ,Eclectic,V,Bishop Hellmuth Heritage Conservation District,LSP3333305,409.77758448,114.314562615631
6052,Designated Heritage Property,785 Waterloo St,1898c, ,Queen Anne,V,Bishop Hellmuth Heritage Conservation District,LSP3333305,449.52301384,108.668479602585
6053,Designated Heritage Property,798 Waterloo St,1878c, ,Italianate,V,Bishop Hellmuth Heritage Conservation District,LSP3333305,407.52590416,104.416199596009
6054,Listed Heritage Property,370 Piccadilly St,1893c, ,Queen Anne, , , ,514.38017152,129.05229211029
6055,Designated Heritage Property,270 Sydenham St,1845c, ,Colonial Revival,V,Bishop Hellmuth Heritage Conservation District,LSP3333305,520.70552872,98.4358120804525
6056,Listed Heritage Property,456 Piccadilly St,1890c, ,High Victorian, , , ,615.80714992,109.425256816515
6057,Designated Heritage Property,306-306/ Oxford St E,1902c, ,Vernacular,V,Bishop Hellmuth Heritage Conservation District,LSP3333305,261.23957082,70.9114177597893
6058,Designated Heritage Property,836 Waterloo St,1935c, ,Tudor Revival,V,Bishop Hellmuth Heritage Conservation District,LSP3333305,1462.37321912,200.124350624561
6059,Designated Heritage Property,774 Waterloo St, ,Duplex, ,V,Bishop Hellmuth Heritage Conservation District,LSP3333305,623.4955768,101.863432205568
6060,Designated Heritage Property,774 Wellington St,1906, ,Queen Anne,V,Bishop Hellmuth Heritage Conservation District,LSP3333305,735.3757128,120.816810873048
6061,Designated Heritage Property,340 St James St,1910c, ,Edwardian,V,Bishop Hellmuth Heritage Conservation District,LSP3333305,217.6796308,62.1533178896554
6062,Listed Heritage Property,10 Clenray Pl,1936, , , , , ,833.56809821,174.781637849013
6063,Listed Heritage Property,2100 Sunningdale Rd E,1880, ,Vernacular, , , ,206839.72188752,1993.1978848815
6064,Designated Heritage Property,857 Waterloo St,1905c, ,Vernacular,V,Bishop Hellmuth Heritage Conservation District,LSP3333305,261.03454468,100.463204092749
6065,Designated Heritage Property,870 Wellington St,1903, ,Queen Anne,IV,Bishop Hellmuth Heritage Conservation District,LSP3825226,570.48575032,114.242907035616
6066,Designated Heritage Property,835 Wellington St,1935c, ,Tudor Revival,V,Bishop Hellmuth Heritage Conservation District,LSP3333305,332.941646,86.3366804322537
6067,Listed Heritage Property,17 Clenray Pl,1934, , , , , ,347.514224135,82.0042939185933
6068,Designated Heritage Property,337 St James St,1910c,House,Edwardian,V,Bishop Hellmuth Heritage Conservation District,LSP3333305,414.5221936,88.1718760247916
6069,Designated Heritage Property,775 Waterloo St, ,Office, ,V,Bishop Hellmuth Heritage Conservation District,LSP3333305,436.52588536,99.0287320122885
6070,Designated Heritage Property,802 Waterloo St,1905c, ,Queen Anne,V,Bishop Hellmuth Heritage Conservation District,LSP3333305,389.8629392,103.588342324399
6071,Listed Heritage Property,857 William St,1904, , , , , ,474.8109608,92.8052536853536
6072,Designated Heritage Property,300 Oxford St E,1878,Home - Genl Wt Renwick,Italianate,V,Bishop Hellmuth Heritage Conservation District,LSP3333305,721.47055168,123.016303137304
6073,Listed Heritage Property,270 Huron St,1915c, ,Eclectic, , , ,1277.14416576,185.10646257538
6074,Listed Heritage Property,525 Oxford St E,1912c, ,Tudor Revival, , , ,1109.23317136,134.586085535208
6075,Designated Heritage Property,300 Grosvenor St,1904c, ,Queen Anne,V,Bishop Hellmuth Heritage Conservation District,LSP3333305,522.50329856,110.312914138176
6076,Designated Heritage Property,851 Hellmuth Ave,1902c, ,Queen Anne,V,Bishop Hellmuth Heritage Conservation District,LSP3333305,540.56783856,113.06448385439
6077,Designated Heritage Property,795 Wellington St,1930, ,Colonial Revival,V,Bishop Hellmuth Heritage Conservation District,LSP3333305,470.50304844,92.2770490105993
6078,Designated Heritage Property,312 Oxford St E,1902c, ,Vernacular,V,Bishop Hellmuth Heritage Conservation District,LSP3333305,244.89447808,84.1099116398299
6079,Listed Heritage Property,7 Clenray Pl,1934, , , , , ,303.34207024,72.5101652845963
6080,Listed Heritage Property,1071 Colborne St,1925,Aquinas House,Collegiate Gothic,IV, ,LSP3319198,73509.63142923,1184.86168725926
6081,Designated Heritage Property,327 St James St,1907c, ,Vernacular,V,Bishop Hellmuth Heritage Conservation District,LSP3333305,250.82446818,77.4340511249507
6082,Listed Heritage Property,432 Piccadilly St,1886c, ,Late Victorian, , , ,1113.784268,171.999798260235
6083,Listed Heritage Property,255 Huron St,1915,Gunn Property,Arts And Crafts, , , ,675.13704912,119.110437837616
6084,Listed Heritage Property,2 Clenray Pl,1934, , , , , ,271.25690408,76.3287742350426
6085,Designated Heritage Property,803 Waterloo St,1910c, ,Tudor Revival,V,Bishop Hellmuth Heritage Conservation District,LSP3333305,463.9731864,91.3574907767396
6086,Designated Heritage Property,844 Wellington St,1910, ,Edwardian Classical,IV,Bishop Hellmuth Heritage Conservation District,LSP3184118,539.08498144,112.822352412184
6087,Designated Heritage Property,850 Waterloo St,1925c, ,Arts And Crafts,V,Bishop Hellmuth Heritage Conservation District,LSP3333305,893.4170076,140.147997388693
6088,Designated Heritage Property,330 St James St,1906,Richman Property,Queen Anne,V,Bishop Hellmuth Heritage Conservation District,LSP3333305,414.79657664,98.8493045420113
6089,Listed Heritage Property,585 Grosvenor St,1875, ,Side-hall Plan (shp) Cottage, , , ,660.31332864,150.35676111093
6090,Designated Heritage Property,670 Oxford St E,1882c, , ,IV, ,LSP32935,2815.75986696,233.911075895086
6091,Listed Heritage Property,990 Wellington St,1961,Morgan Gardens, , , , ,5915.897778725,389.281742627892
6092,Designated Heritage Property,778 Hellmuth Ave,1906, ,Queen Anne,V,Bishop Hellmuth Heritage Conservation District,LSP3333305,509.18422656,111.118505586002
6093,Designated Heritage Property,879 Waterloo St,1902c,"Charles Eedy, Groces",Queen Anne,V,Bishop Hellmuth Heritage Conservation District,LSP3333305,570.77461801,114.282703616396
6094,Listed Heritage Property,7 Chalmers St,1936, ,Tudor Revival, , , ,426.3937984,100.977765371885
6095,Designated Heritage Property,843 Wellington St,1905c, ,Queen Anne,V,Bishop Hellmuth Heritage Conservation District,LSP3333305,504.31587872,96.6553030242583
6096,Listed Heritage Property,69 Thornton Ave,1914, ,Queen Anne, , , ,554.58459288,115.386757550746
6097,Designated Heritage Property,516 Grosvenor St,1931,Beukeboom Property,Edwardian,IV, ,LSP3232468,482.68096384,103.587409895173
6098,Listed Heritage Property,806 Maitland St,1920, ,Queen Anne, , , ,1039.629704,157.227680586425
6099,Designated Heritage Property,855 Waterloo St,1905c, ,Romanesque Revival,V,Bishop Hellmuth Heritage Conservation District,LSP3333305,256.454452,100.853103863776
6100,Listed Heritage Property,993 Waterloo St,1934,Munn Property,Tudor Revival, , , ,692.05535376,108.307965503926
6101,Designated Heritage Property,793 Wellington St,1985c, , ,V,Bishop Hellmuth Heritage Conservation District,LSP3333305,471.07451552,92.3141776396898
6102,Listed Heritage Property,1480-1490 Richmond St,1954,Mt St. Joseph Mthr Hs, , , , ,70971.975705365,1612.37863098219
6103,Listed Heritage Property,775 Colborne St,1885, ,Italianate, , , ,673.87259072,127.349817583835
6104,Designated Heritage Property,828 Waterloo St,1925c, ,Bungalow,V,Bishop Hellmuth Heritage Conservation District,LSP3333305,199.54677544,56.6655334313662
6105,Designated Heritage Property,401 Huron St,1937,Lajoie Property,Colonial Revival,IV, ,LSP3385596,574.89558888,105.950511423724
6106,Designated Heritage Property,754 Waterloo St, ,Esso Station, ,V,Bishop Hellmuth Heritage Conservation District,LSP3333305,2668.221382,221.150642745552
6107,Listed Heritage Property,834 Richmond St,1914,Belton House,Eclectic, , , ,696.768492,109.357415310034
6108,Designated Heritage Property,294 Grosvenor St,1903, , ,V,Bishop Hellmuth Heritage Conservation District,LSP3333305,522.56233014,110.319959739218
6109,Listed Heritage Property,291 Huron St,1933, ,Tudor Revival, , , ,520.4886384,102.165248850323
6110,Designated Heritage Property,870 Hellmuth Ave,1904c,Anderson Property,Queen Anne,IV,Bishop Hellmuth Heritage Conservation District,LSP3261200,539.28430592,112.850812644283
6111,Listed Heritage Property,361 Cheapside St,1933,Crowley Property, , , , ,567.65713544,108.98432038056
6112,Designated Heritage Property,878 Hellmuth Ave,1910c, , ,V,Bishop Hellmuth Heritage Conservation District,LSP3333305,467.22753272,109.592810730798
6113,Designated Heritage Property,869 Waterloo St,1908c, ,Colonial Revival,V,Bishop Hellmuth Heritage Conservation District,LSP3333305,553.25680336,113.565613001441
6114,Designated Heritage Property,259 Sydenham St,1910c, ,Queen Anne,V,Bishop Hellmuth Heritage Conservation District,LSP3333305,921.14279488,129.042463353577
6115,Designated Heritage Property,291-295 Epworth Ave,1935,Goodholme,Tudor Revival,IV, ,LSP2662294,26374.34216024,646.647098471809
6116,Listed Heritage Property,708 Maitland St,1907c,Gee Property,Late Victorian, , , ,802.46958936,135.824954028015
6118,Listed Heritage Property,"414-416 Piccadilly St, 722 Colborne St",1905c, ,High Victorian, , , ,343.91889904,76.4728346113796
6119,Designated Heritage Property,310 Oxford St E,1902c, ,Vernacular,V,Bishop Hellmuth Heritage Conservation District,LSP3333305,384.66263776,92.0823398032877
6120,Listed Heritage Property,489 St James St,1896,Benetti Property,Queen Anne Cottage, , , ,492.87808344,90.4851699696242
6121,Designated Heritage Property,808 Waterloo St,1872,Lella Property,Italianate,V,Bishop Hellmuth Heritage Conservation District,LSP3333305,600.8451658,108.74048004736
6122,Listed Heritage Property,1010 Waterloo St,1925c, , , , , ,411.26069352,87.9126595278311
6123,Designated Heritage Property,787 Waterloo St,1898c,Snihurowych Property,Queen Anne,V,Bishop Hellmuth Heritage Conservation District,LSP3333305,448.16278256,108.575548826955
6124,Designated Heritage Property,318 Grosvenor St,1911, , ,V,Bishop Hellmuth Heritage Conservation District,LSP3333305,371.28539934,85.3068437173924
6125,Designated Heritage Property,776 Wellington St,1901, ,Queen Anne,V,Bishop Hellmuth Heritage Conservation District,LSP3333305,673.00438328,118.780584017845
6126,Designated Heritage Property,867 Hellmuth Ave,1905c, ,Queen Anne,V,Bishop Hellmuth Heritage Conservation District,LSP3333305,540.0233624,112.974175920142
6127,Listed Heritage Property,270 Victoria St,1928, ,Spanish Colonial, , , ,530.83393688,100.161204453601
6128,Listed Heritage Property,1061 Waterloo St,1936,Snihurowych Property,Arts And Crafts, , , ,808.35792912,116.274926365534
6129,Listed Heritage Property,759 Maitland St,1898c,Slomer Property,Queen Anne, , , ,376.21521536,83.6373533061704
6130,Designated Heritage Property,790 Wellington St,1904, ,Edwardian,V,Bishop Hellmuth Heritage Conservation District,LSP3333305,671.52700656,118.632737312237
6131,Listed Heritage Property,973 Waterloo St,1930, ,Prairie, , , ,606.09836456,115.668799931816
6132,Listed Heritage Property,747 Waterloo St,1881,Mckerlie Property,High Victorian, , , ,369.37151264,90.706435061788
6133,Designated Heritage Property,276 Grosvenor St,1926, , ,V,Bishop Hellmuth Heritage Conservation District,LSP3333305,374.23993384,85.7901838576801
6134,Designated Heritage Property,800 Waterloo St,1904,Quinton Property,Queen Anne,V,Bishop Hellmuth Heritage Conservation District,LSP3333305,393.1039488,103.740495888655
6135,Designated Heritage Property,260 Sydenham St,1930, ,Colonial Revival,IV,Bishop Hellmuth Heritage Conservation District,LSP311252,1124.6034352,143.109948930006
6136,Designated Heritage Property,766 Waterloo St,1905c, ,Vernacular,V,Bishop Hellmuth Heritage Conservation District,LSP3333305,408.70254976,99.8525348880116
6137,Listed Heritage Property,267 Victoria St,1923,Watson Property, , , , ,468.37933728,89.4173021322402
6138,Designated Heritage Property,793 Hellmuth Ave,1908,Gilkinson Property,Queen Anne,V,Bishop Hellmuth Heritage Conservation District,LSP3333305,503.31328784,110.957737545284
6139,Designated Heritage Property,783 Waterloo St,1898c, ,Queen Anne,V,Bishop Hellmuth Heritage Conservation District,LSP3333305,673.51069232,118.847229871789
6140,Designated Heritage Property,880 Hellmuth Ave,1910c, ,Vernacular,V,Bishop Hellmuth Heritage Conservation District,LSP3333305,570.69750864,114.271413558876
6141,Listed Heritage Property,385 Huron St,1935, ,Tudor Revival, , , ,2598.18882696,276.634394848359
6142,Designated Heritage Property,788 Wellington St,1906, ,Queen Anne,V,Bishop Hellmuth Heritage Conservation District,LSP3333305,604.49992,115.605023094374
6143,Designated Heritage Property,250 St James St,1910,Handleman Property,Edwardian,V,Bishop Hellmuth Heritage Conservation District,LSP3333305,536.9377172,95.8073419876204
6144,Listed Heritage Property,6 Clenray Pl,1932, , , , , ,460.34390616,104.787347427813
6145,Listed Heritage Property,1896 Sunningdale Rd E,1895, , , , , ,417595.44059088,2603.83855040959
6146,Listed Heritage Property,9 Chalmers St,1934, ,Tudor Revival, , , ,546.81021648,121.646366804732
6147,Designated Heritage Property,833 Wellington St,1925c, ,Vernacular,V,Bishop Hellmuth Heritage Conservation District,LSP3333305,336.39857464,86.5635064121108
6148,Listed Heritage Property,1588 Clarke Rd,1865, ,Ontario Farmhouse, , , ,156030.72388944,1640.39447094088
6149,Listed Heritage Property,15 Clenray Pl,1934, , , , , ,527.812567305,97.9706181944062
6150,Listed Heritage Property,1458 Huron St,1853,Flower House,Georgian, , , ,3630.52184848,241.217186111529
6151,Designated Heritage Property,310 Grosvenor St,1906c, ,Queen Anne,V,Bishop Hellmuth Heritage Conservation District,LSP3333305,344.38343546,92.4139271934002
6152,Designated Heritage Property,775 Hellmuth Ave,1901, ,Queen Anne,V,Bishop Hellmuth Heritage Conservation District,LSP3333305,484.73153776,110.112934221734
6153,Listed Heritage Property,462 Piccadilly St,1892c, ,High Victorian, , , ,367.12647208,96.6297046038309
6154,Designated Heritage Property,1576 Richmond St,1926,Wibelsfield,Tudor Revival,IV, ,LSP3425263,2316.71314701,212.923132827012
6155,Designated Heritage Property,807 Waterloo St,1900, ,Queen Anne,V,Bishop Hellmuth Heritage Conservation District,LSP3333305,463.49872136,91.2959740698303
6156,Listed Heritage Property,1017 Waterloo St,1935c, ,Arts And Crafts, , , ,694.05574312,115.476694889249
6157,Designated Heritage Property,264 St James St,1909, ,Edwardian,V,Bishop Hellmuth Heritage Conservation District,LSP3333305,692.17971714,117.121550836467
6158,Listed Heritage Property,279 Regent St,1931,Slinger Property,Tudor Revival, , , ,501.2881248,97.8050674956237
6159,Designated Heritage Property,864 Waterloo St,1912,Sharpe Property,Edwardian,V,Bishop Hellmuth Heritage Conservation District,LSP3333305,765.79844666,124.914790628314
6160,Listed Heritage Property,1560 Fanshawe Park Rd E,1855c,Siloam Cemetery, , , , ,16290.98745992,511.286172674025
6161,Designated Heritage Property,986 Richmond St,1909,Mayville Property,Shingle,IV, ,LSP3224414,1124.4895712,178.102352223805
6162,Designated Heritage Property,316 Oxford St E, ,Shell Gas Station, ,V,Bishop Hellmuth Heritage Conservation District,LSP3333305,2499.03820824,216.388822826747
6163,Listed Heritage Property,20 Tallwood,1880c, ,Italianate, , , ,2383.9048044,197.131095758172
6164,Designated Heritage Property,777 Wellington St,1910c,Mclean Property,Prairie,V,Bishop Hellmuth Heritage Conservation District,LSP3333305,499.64869184,99.3312008829286
6165,Listed Heritage Property,582 Grosvenor St,1896, ,Queen Anne, , , ,697.60062976,121.923503167626
6166,Designated Heritage Property,868 Hellmuth Ave,1909c,Ritchie Property, ,IV,Bishop Hellmuth Heritage Conservation District,LSP3204326,539.28881568,112.850812361108
6167,Listed Heritage Property,726 Colborne St,1883c, ,Ontario Cottage, , , ,469.1138832,104.196465475059
6168,Designated Heritage Property,849 Hellmuth Ave,1900c, ,Queen Anne,V,Bishop Hellmuth Heritage Conservation District,LSP3333305,540.72313832,113.087985253191
6169,Designated Heritage Property,302 Grosvenor St,1910c, , ,V,Bishop Hellmuth Heritage Conservation District,LSP3333305,559.52963632,116.406415401757
6170,Listed Heritage Property,870 William St,1878, , , , , ,511.00720776,123.010185801376
6171,Listed Heritage Property,975 Waterloo St,1927, ,Prairie, , , ,645.06220928,117.433724828335
6172,Designated Heritage Property,840 Wellington St,1906c, ,Queen Anne,V,Bishop Hellmuth Heritage Conservation District,LSP3333305,472.08526896,109.791827411241
6173,Designated Heritage Property,781 Waterloo St,1898c, ,Queen Anne,V,Bishop Hellmuth Heritage Conservation District,LSP3333305,673.97416024,118.907764525209
6174,Designated Heritage Property,335 St James St,1907c, ,Vernacular,V,Bishop Hellmuth Heritage Conservation District,LSP3333305,251.08144336,77.4510457946937
6175,Listed Heritage Property,920 Colborne St,1881, ,Side-hall Plan (shp) Cottage, , , ,603.34181888,134.486874174506
6176,Designated Heritage Property,791 Hellmuth Ave,1907c,Pederson Property,Queen Anne,V,Bishop Hellmuth Heritage Conservation District,LSP3333305,503.31905064,110.957971721816
6177,Designated Heritage Property,253 St James St,1832c, ,Tudor Revival,V,Bishop Hellmuth Heritage Conservation District,LSP3333305,581.41279782,116.755791810381
6178,Listed Heritage Property,598 Pall Mall St,1893c, ,Vernacular, , , ,626.5519252,100.540459624129
6179,Designated Heritage Property,789 Hellmuth Ave,1905c,Hughes Property,Queen Anne,V,Bishop Hellmuth Heritage Conservation District,LSP3333305,503.3134556,110.95750384666
6180,Designated Heritage Property,284 St James St,1904c, ,Queen Anne,V,Bishop Hellmuth Heritage Conservation District,LSP3333305,543.3279092,105.487274008309
6181,Listed Heritage Property,1002 Wellington St,1904,Gilbert Property,Prairie, , , ,795.13580152,116.779724898785
6182,Designated Heritage Property,773 Hellmuth Ave,1906c, ,Queen Anne,V,Bishop Hellmuth Heritage Conservation District,LSP3333305,445.19219952,108.317569915363
6183,Designated Heritage Property,274 Grosvenor St,1926, ,Bungalow,V,Bishop Hellmuth Heritage Conservation District,LSP3333305,374.23935168,85.7902312325894
6184,Designated Heritage Property,865 Hellmuth Ave,1905c, ,Queen Anne,V,Bishop Hellmuth Heritage Conservation District,LSP3333305,540.1500508,112.995945695951
6185,Designated Heritage Property,398 Piccadilly St,1902c, ,Queen Anne,IV, ,LSP3322-209,873.99376432,164.021644794173
6186,Designated Heritage Property,298 Grosvenor St,1905, ,Queen Anne,V,Bishop Hellmuth Heritage Conservation District,LSP3333305,522.5333746,110.315653071718
6187,Designated Heritage Property,873 Hellmuth Ave,1905c, ,Queen Anne,IV,Bishop Hellmuth Heritage Conservation District,LSP3257144,539.61013456,112.906387022305
6188,Designated Heritage Property,791 Wellington St,1935, ,Tudor Revival,V,Bishop Hellmuth Heritage Conservation District,LSP3333305,451.08010544,91.0234499357538
6189,Designated Heritage Property,308 Oxford St E,1902c, ,Queen Anne,V,Bishop Hellmuth Heritage Conservation District, ,427.40670008,94.5203688318021
6190,Listed Heritage Property,950 Wellington St,1924,Hysen Property,Arts And Crafts, , , ,639.19742888,106.560787426726
6191,Designated Heritage Property,774 Hellmuth Ave,1906c, ,Vernacular,V,Bishop Hellmuth Heritage Conservation District,LSP3333305,442.2006612,108.072533143674
6192,Listed Heritage Property,1148 Richmond St,1864, ,Ontario Farmhouse, , , ,1031.54469144,161.585159211701
6193,Listed Heritage Property,866 Adelaide St N,1890c,Orange Hall, , , , ,369.56849592,85.2301959229573
6194,Designated Heritage Property,785 Wellington St,1945, ,Colonial Revival,V,Bishop Hellmuth Heritage Conservation District,LSP3333305,515.20018688,98.1099371682883
6195,Designated Heritage Property,1058 Richmond St,1929,Funston Property,English Cottage,IV, ,LSP3155243,217.42251968,60.6469576853419
6196,Listed Heritage Property,520 Huron St,1909, ,Italianate, , , ,5024.48837344,284.797083774887
6197,Listed Heritage Property,476 St James St,1883,Small Property,Ontario Cottage, , , ,741.7698672,109.613962857831
6198,Designated Heritage Property,799 Hellmuth Ave,1905,Bourque Property,Queen Anne,V,Bishop Hellmuth Heritage Conservation District,LSP3333305,291.31058962,76.9630373551467
6199,Designated Heritage Property,342 Grosvenor St,1885c,Mugan Property,Spanish Colonial,IV, ,LSP3333305,561.4460488,99.3923891936669
6200,Listed Heritage Property,9 Clenray Pl,1934, , , , , ,273.6633587,73.1511981652907
6201,Listed Heritage Property,509 Grosvenor St,1905, ,Queen Anne, , , ,594.34643152,117.316458040494
6202,Designated Heritage Property,784 Wellington St,1905c, ,Queen Anne,IV,Bishop Hellmuth Heritage Conservation District,LSP3121209,672.49967176,118.715790001523
6203,Listed Heritage Property,268 Regent St,1935,Goossens Property, , , , ,957.4826047,128.110540128395
6204,Listed Heritage Property,899 William St,1912, ,Late Victorian, , , ,510.422738,107.079749565658
6205,Listed Heritage Property,"784 Richmond St, 249 Sydenham St",1871, , , , , ,789.1426072,112.97439047344
6206,Listed Heritage Property,1056 Colborne St,1937, ,Tudor Revival, , , ,519.7862376,109.676822308685
6207,Designated Heritage Property,864 Hellmuth Ave,1902c, ,Queen Anne,V,Bishop Hellmuth Heritage Conservation District,LSP3333305,539.26805992,112.849501096393
6208,Listed Heritage Property,1057 Waterloo St,1906,Wallace Property, , , , ,741.87707944,122.099349786139
6209,Designated Heritage Property,785 Hellmuth Ave,1902c,Sklenor Property,Queen Anne,V,Bishop Hellmuth Heritage Conservation District,LSP3333305,510.01185568,111.261482165931
6210,Listed Heritage Property,962 Richmond St,1924, ,Ontario Cottage, , , ,1481.01563416,187.522406533905
6211,Listed Heritage Property,817 Maitland St,1895c,Spence Property,Late Victorian, , , ,699.16221008,120.179967371472
6212,Listed Heritage Property,824 Colborne St,1875c, ,English Cottage, , , ,1010.10331512,142.199292456121
6213,Listed Heritage Property,755 Maitland St,1891c,Fenwick Property,Queen Anne, , , ,603.46272184,124.825379922938
6214,Listed Heritage Property,814 Colborne St,1890, ,Ontario Cottage, , , ,719.38835296,120.976176928255
6215,Designated Heritage Property,877 Waterloo St,1902c, ,Queen Anne,V,Bishop Hellmuth Heritage Conservation District,LSP3333305,570.92845982,114.304940547016
6216,Designated Heritage Property,865 Waterloo St,1904, ,Queen Anne,V,Bishop Hellmuth Heritage Conservation District,LSP3333305,383.25062896,105.919827011336
6217,Listed Heritage Property,90 Thornton Ave,1915, ,Queen Anne, , , ,408.91912288,93.0114334001636
6218,Designated Heritage Property,801 Waterloo St,1904, ,Queen Anne,V,Bishop Hellmuth Heritage Conservation District,LSP3333305,671.64678256,118.605236021547
6219,Listed Heritage Property,1008 Colborne St,1936c, ,Tudor Revival, , , ,388.33728048,90.1886120147379
6220,Listed Heritage Property,392-394 Oxford St E,1894, ,Cottage, , , ,499.76890784,95.7869830822067
6221,Listed Heritage Property,340 Victoria St,1916, , , , , ,616.19824016,111.076848269193
6222,Listed Heritage Property,1745 Kilally Rd,1840, , , , , ,14373.04018208,480.62940865609
6223,Designated Heritage Property,403 Huron St,1930,Webster Property,Colonial Revival,IV, ,LSP3386597,881.24483672,125.301617719277
6224,Designated Heritage Property,844 Hellmuth Ave,1935c, ,Vernacular,V,Bishop Hellmuth Heritage Conservation District,LSP3333305,381.76238904,83.0782591939727
6226,Listed Heritage Property,1 Chalmers St,1934, ,Tudor Revival, , , ,401.244882,80.8203448500589
6227,Listed Heritage Property,242 Huron St,1935,Norbert Apts, , , , ,1042.43310048,132.757212034573
6228,Listed Heritage Property,909 Waterloo St,1877, ,Side-hall Plan (shp) Cottage, , , ,348.0686264,83.7827621839428
6229,Listed Heritage Property,377 Grosvenor St,1865, , , , , ,1123.41760728,179.145021722901
6230,Designated Heritage Property,792 Wellington St,1902, ,Edwardian,V,Bishop Hellmuth Heritage Conservation District,LSP3333305,805.6237492,124.702820307274
6231,Listed Heritage Property,16 Clenray Pl,1934, , , , , ,356.31810096,83.1686797198819
6232,Designated Heritage Property,871 Waterloo St,1902, , ,V,Bishop Hellmuth Heritage Conservation District,LSP3333305,526.62443704,112.34819852339
6233,Designated Heritage Property,773 Wellington St,1892c, ,Queen Anne,V,Bishop Hellmuth Heritage Conservation District,LSP3333305,499.59780186,99.328238814495
6234,Listed Heritage Property,295 Huron St,1935, ,Georgian Revival, , , ,661.62266048,109.789544482044
6235,Designated Heritage Property,859 Wellington St,1885c, ,Side-hall Plan (shp) Cottage,V,Bishop Hellmuth Heritage Conservation District,LSP3333305,458.33000544,93.784563960941
6236,Listed Heritage Property,1 Clenray Pl,1933, , , , , ,289.22948368,71.2914381630224
6237,Designated Heritage Property,859 Waterloo St,1905c, ,Queen Anne,V,Bishop Hellmuth Heritage Conservation District,LSP3333305,472.7434592,109.993139865745
6238,Designated Heritage Property,853 Waterloo St,1905c, ,Queen Anne,V,Bishop Hellmuth Heritage Conservation District,LSP3333305,538.60756744,111.860632413704
6239,Listed Heritage Property,364 St James St,1890, ,Side-hall Plan (shp) Cottage, , , ,445.54582512,115.773496643556
6240,Designated Heritage Property,280 St James St,1888,St. John Anglican Ch,Gothic Revival,V,Bishop Hellmuth Heritage Conservation District,LSP3333305,1440.24906072,151.83193234129
6241,Listed Heritage Property,67 Thornton Ave,1914,Burns Property,Late Victorian, , , ,554.56889328,115.385961441002
6242,Listed Heritage Property,268 Huron St,1930c, ,Georgian Revival, , , ,1146.3000644,181.953097730152
6243,Designated Heritage Property,332 St James St,1906c, ,Queen Anne,V,Bishop Hellmuth Heritage Conservation District,LSP3333305,412.75570568,98.7442486257897
6244,Listed Heritage Property,1004 Waterloo St,1925,Smeenik Property,Edwardian, , , ,412.132234,92.0100816607568
6245,Designated Heritage Property,853 Hellmuth Ave,1901, ,Queen Anne,V,Bishop Hellmuth Heritage Conservation District,LSP3333305,540.4291464,113.04173158752
6246,Designated Heritage Property,559 Grosvenor St,1931, ,Spanish Colonial,IV, ,LSP3194218,285.90209984,74.9489485269567
6247,Listed Heritage Property,321 Victoria St,1930c, , , , , ,921.5629916,126.132065479255
6248,Designated Heritage Property,445 Piccadilly St,1897, ,Queen Anne,IV, ,LSP3255100,756.44530248,133.032556641631
6249,Designated Heritage Property,329 Victoria St,1930, ,Tudor Revival,IV, ,LSP346817,548.65549208,98.7123435514958
6250,Listed Heritage Property,26 Alma St,1881, ,Italianate, , , ,857.60646536,118.179079688023
6251,Designated Heritage Property,872 Hellmuth Ave,1908c,Beamish Property, ,IV,Bishop Hellmuth Heritage Conservation District,LSP3207329,539.2768812,112.850578842272
6252,Listed Heritage Property,16 Chalmers St,1936, ,Tudor Revival, , , ,520.7499684,115.192464686611
6254,Designated Heritage Property,1156 Dundas St,1914,Mccormicks,Terrace, , , ,46507.09295064,879.157936843213
6255,Designated Heritage Property,789 Wellington St,1945c, ,Georgian Revival,V,Bishop Hellmuth Heritage Conservation District,LSP3333305,556.41106072,100.547021549284
6256,Designated Heritage Property,1132 Richmond St,1867c,Brough House,Gothic Revival,IV, ,LSP298398,3050.485680335,222.560003108787
6257,Listed Heritage Property,1836 Richmond St,1932,Gibbons Lodge,Tudor Revival, , , ,176035.62788472,1885.39613094149
6258,Listed Heritage Property,448 Piccadilly St,1900c, ,High Victorian, , , ,500.75510856,120.855922483738
6259,Listed Heritage Property,487 Victoria St,1945, ,Georgian Revival, , , ,577.51932912,106.843602282012
6260,Designated Heritage Property,328 St James St,1925c, ,Georgian Revival,V,Bishop Hellmuth Heritage Conservation District,LSP3333305,304.87631776,74.3723797466293
6261,Listed Heritage Property,923 Wellington St,1870c,Collister Property,Ontario Cottage, , , ,1355.7118392,184.886291134682
6262,Designated Heritage Property,855 Hellmuth Ave,1901, ,Queen Anne,IV,Bishop Hellmuth Heritage Conservation District,LSP327652,540.29789592,113.019213266721
6263,Designated Heritage Property,371 St James St,1880, ,Italianate,IV, ,LSP3146191,1343.33821424,166.446384153819
6264,Listed Heritage Property,458 Piccadilly St,1893c, ,High Victorian, , , ,480.56006096,102.466268047539
6265,Listed Heritage Property,907 Waterloo St,1889, , , , , ,360.6103116,84.6057480826412
6266,Designated Heritage Property,771 Hellmuth Ave,1904, ,Queen Anne,V,Bishop Hellmuth Heritage Conservation District,LSP3333305,442.9111768,108.214011918985
6267,Listed Heritage Property,960 Richmond St,1888,Thorogood Property,Ontario Cottage, , , ,338.93017208,92.4424300576379
6268,Designated Heritage Property,768 Hellmuth Ave,1906c, ,Vernacular,V,Bishop Hellmuth Heritage Conservation District,LSP3333305,300.81945592,100.839201945618
6269,Designated Heritage Property,781 Hellmuth Ave,1904, ,Queen Anne,V,Bishop Hellmuth Heritage Conservation District,LSP3333305,510.00579504,111.260967278445
6270,Listed Heritage Property,475 Fanshawe Park Rd E,1850, ,Regency, , , ,3195.415170615,230.643301677696
6271,Listed Heritage Property,518 Fanshawe Park Rd E,1870, ,Italianate, , , ,5889.19437744,323.187539761523
6272,Designated Heritage Property,873 Waterloo St,1902c, ,Queen Anne,V,Bishop Hellmuth Heritage Conservation District,LSP3333305,539.7553348,112.926709964261
6273,Listed Heritage Property,308 Cromwell St,1895, ,Side-hall Plan (shp) Cottage, , , ,599.3149028,118.212548121712
6274,Designated Heritage Property,806 Waterloo St,1872,Robarts House,Italianate,V,Bishop Hellmuth Heritage Conservation District,LSP3333305,662.2292168,111.864826384479
6275,Listed Heritage Property,350 Piccadilly St,1883c, ,High Victorian, , , ,497.08736744,105.949285639798
6276,Listed Heritage Property,5 Clenray Pl,1934, , , , , ,323.84719208,74.2815128629366
6277,Listed Heritage Property,512 Piccadilly St,1895c, ,High Victorian, , , ,595.1382552,122.008659931309
6278,Listed Heritage Property,277 Regent St,1929,Crerar Property, , , , ,490.831282,97.1944403073262
6279,Designated Heritage Property,795 Hellmuth Ave,1904c,Kizyzosiak Property,Queen Anne,V,Bishop Hellmuth Heritage Conservation District,LSP3333305,283.42744136,76.402550401494
6280,Designated Heritage Property,280 Oxford St E,1899,New St.james Pres.ch,Romanesque Revival,V,Bishop Hellmuth Heritage Conservation District,LSP3333305,2115.50562016,184.007386460813
6281,Listed Heritage Property,1208 Richmond St,1937, ,Tudor Revival, , , ,348.01374408,76.3672289550689
6282,Listed Heritage Property,11 Clenray Pl,1934, , , , , ,368.87126464,84.5185256796872
6283,Designated Heritage Property,314 Grosvenor St,1909, ,Queen Anne,IV,Bishop Hellmuth Heritage Conservation District,LSP3240547,391.22345112,100.704689977323
6284,Designated Heritage Property,852 Hellmuth Ave,1902,Gibson Property,Vernacular,IV,Bishop Hellmuth Heritage Conservation District,LSP3217352,539.28659032,112.8502023327
6285,Designated Heritage Property,287 St James St,1908, , ,V,Bishop Hellmuth Heritage Conservation District,LSP3333305,485.74150104,92.8427081340158
6286,Designated Heritage Property,854 Wellington St,1898c, ,Queen Anne,V,Bishop Hellmuth Heritage Conservation District,LSP3333305,539.09411496,112.822867729539
6287,Listed Heritage Property,402 Regent St,1930,Paparella Property,Eclectic, , , ,316.51571776,85.916347630041
6288,Designated Heritage Property,247 Epworth Ave,1890, ,Vernacular,IV, ,LSP340594,4110.34121248,258.735030077381
6289,Listed Heritage Property,2304 Kilally Rd,1905c,Edgewood,Georgian Revival, , , ,20115.53443208,650.647255958784
6290,Designated Heritage Property,787 Hellmuth Ave,1902c, ,Queen Anne,V,Bishop Hellmuth Heritage Conservation District,LSP3333305,504.86531224,111.02786876826
6291,Designated Heritage Property,426 St James St,1888c, ,Queen Anne,IV, ,LSP3187134,432.25966776,94.7482293638292
6292,Designated Heritage Property,288 St James St,1906, ,Queen Anne,IV,Bishop Hellmuth Heritage Conservation District,LSP3230466,393.44065208,84.7687895481926
6293,Designated Heritage Property,842 Wellington St,1910c, ,Edwardian,V,Bishop Hellmuth Heritage Conservation District,LSP3333305,539.09240584,112.822586352639
6294,Listed Heritage Property,14 Chalmers St,1938, ,Tudor Revival, , , ,522.4899256,115.267801398208
6295,Designated Heritage Property,868 Wellington St,1924, , ,V,Bishop Hellmuth Heritage Conservation District,LSP3333305,570.49836752,114.243655593404
6296,Listed Heritage Property,367 St James St,1879,Christian Property,Italianate, , , ,573.69469304,140.335713315061
6297,Designated Heritage Property,782 Wellington St,1895c, ,Queen Anne,V,Bishop Hellmuth Heritage Conservation District,LSP3333305,1345.4684156,149.23708212985
6298,Designated Heritage Property,807 Colborne St,1909,Firehall No. 4, ,IV, , ,598.14975072,101.141913069783
6299,Listed Heritage Property,1511 Clarke Rd,1865, ,Ontario Farmhouse, , , ,195937.40124568,1933.38573495097
6300,Designated Heritage Property,320 Grosvenor St,1911, , ,V,Bishop Hellmuth Heritage Conservation District,LSP3333305,375.08541626,85.5564692754596
6301,Listed Heritage Property,2080 Huron St,1865c,Mell Hall Transport,Italianate, , , ,8120.252162,374.733852013369
6302,Listed Heritage Property,930 Colborne St,1913, ,Late Victorian, , , ,547.81084464,117.959804960836
6303,Listed Heritage Property,551 Windermere Rd,1930c,Spencer Hall,Georgian Revival, , , ,121740.55906176,1750.25235907356
6304,Designated Heritage Property,338 St James St,1910, ,Queen Anne,IV,Bishop Hellmuth Heritage Conservation District,LSP3124275,605.28334392,108.692466823594
6305,Listed Heritage Property,761 Maitland St,1898,Lawson Property,Queen Anne, , , ,376.2089424,83.6368339471918
6306,Designated Heritage Property,789 Waterloo St,1896, ,Queen Anne,V,Bishop Hellmuth Heritage Conservation District,LSP3333305,447.95023032,108.535051906441
6307,Designated Heritage Property,360 St James St,1890, ,Side-hall Plan (shp) Cottage,IV, ,LSP313448,459.4943304,118.821109322823
6308,Listed Heritage Property,276 Regent St,1930, ,Bungalow, , , ,3444.0555608,356.998779168937
6309,Designated Heritage Property,63 Thornton Ave,1914, ,Edwardian,IV, ,LSP3372181,554.5936224,115.387225417279
6310,Listed Heritage Property,297 Cheapside St,1923, , , , , ,468.22242808,112.527801642223
6311,Listed Heritage Property,940 Waterloo St,1916,Ryerson P.s., , , , ,17911.00257392,619.744110067734
6312,Listed Heritage Property,991 Wellington St,1930c, ,Dutch Colonial, , , ,826.75469696,121.580616225932
6313,Designated Heritage Property,860 Hellmuth Ave,1904,Hepburn Property,Queen Anne,IV,Bishop Hellmuth Heritage Conservation District,LSP3218353,566.43669856,114.077824446486
6314,Listed Heritage Property,315 Huron St,1922,Somerville Property,Bungalow, , , ,601.37165192,107.562179963978
6315,Designated Heritage Property,797 Hellmuth Ave,1904,Vinters Property,Queen Anne,V,Bishop Hellmuth Heritage Conservation District,LSP3333305,282.74698098,76.3539552145885
6316,Listed Heritage Property,292 Victoria St,1924,Manners Property, , , , ,1236.47851464,142.0987461748
6317,Designated Heritage Property,845 Hellmuth Ave,1906c, ,Queen Anne,V,Bishop Hellmuth Heritage Conservation District,LSP3333305,289.67858536,77.7324206299899
6318,Listed Heritage Property,515 St James St,1900, ,Vernacular, , , ,511.38480112,113.273390588907
6319,Listed Heritage Property,916 Waterloo St,1926, ,Eclectic, , , ,440.9165392,88.3547282375671
6320,Listed Heritage Property,8 Clenray Pl,1936, , , , , ,483.36896192,110.817002933545
6321,Listed Heritage Property,266 Regent St,1920c, ,Bungalow, , , ,736.39189392,117.128889153162
6322,Listed Heritage Property,746 Colborne St,1951c,Trinity Evang'l Luth, , , , ,3449.13174808,321.51821362227
6323,Designated Heritage Property,838 Waterloo St,1935c, ,Tudor Revival,V,Bishop Hellmuth Heritage Conservation District,LSP3333305,1595.30037048,200.721039898278
6324,Listed Heritage Property,290 Huron St,1929,Dillon Property,Tudor Revival, , , ,846.52322944,118.24827498527
6325,Listed Heritage Property,509 St James St,1881,Suri Property,Ontario Cottage, , , ,730.69377848,122.028581241513
6326,Listed Heritage Property,12 Chalmers St,1937, ,Tudor Revival, , , ,522.49314808,115.267846077115
6327,Designated Heritage Property,794 Wellington St,1904, ,Edwardian,V,Bishop Hellmuth Heritage Conservation District,LSP3333305,671.68540684,118.608954806412
6328,Listed Heritage Property,429 Piccadilly St,1912c, ,Arts And Crafts, , , ,564.13063752,125.502361607821
6329,Listed Heritage Property,564 Cheapside St,1940, ,Tudor Revival, , , ,691.36301024,148.544400452679
6330,Designated Heritage Property,871 Hellmuth Ave,1900c,Dawes Property,Queen Anne,IV,Bishop Hellmuth Heritage Conservation District,LSP3206328,539.74139568,112.928905330969
6331,Listed Heritage Property,1395 Sandford St,1880c, ,Ontario Farmhouse, , , ,251703.73472496,2258.29017893882
6332,Designated Heritage Property,879 Hellmuth Ave,1902c, ,Queen Anne,IV,Bishop Hellmuth Heritage Conservation District,LSP3221389,368.49492296,82.9276463109842
6333,Designated Heritage Property,874 Hellmuth Ave,1905, ,Queen Anne,IV,Bishop Hellmuth Heritage Conservation District,LSP3267271,539.2794236,112.850626343539
6334,Designated Heritage Property,770 Hellmuth Ave,1906c, ,Vernacular,V,Bishop Hellmuth Heritage Conservation District,LSP3333305,321.59285376,102.588172246966
6335,Designated Heritage Property,802 Hellmuth Ave,1902c, ,Queen Anne,V,Bishop Hellmuth Heritage Conservation District,LSP3333305,537.0341716,112.384282129174
6336,Designated Heritage Property,847 Hellmuth Ave,1906c, ,Queen Anne,V,Bishop Hellmuth Heritage Conservation District,LSP3333305,538.60228048,111.860273317249
6337,Listed Heritage Property,465 Regent St,1951, ,Prairie, , , ,1409.55704256,150.391317552744
6338,Listed Heritage Property,380 St James St,1891,Connell Property,Side-hall Plan (shp) Cottage, , , ,651.054516,127.350556057564
6339,Designated Heritage Property,850 Highbury Ave N,1870,London Pysch Hospita, ,IV, ,LSP3321208,649719.92335026,4775.47902682799
6340,Designated Heritage Property,325 Victoria St,1930, ,Tudor Revival,IV, ,LSP3147192,921.943812,126.151708361808
6341,Listed Heritage Property,274 Huron St,1880,Wilson Property,Eclectic, , , ,1605.3859576,193.224235443104
6342,Listed Heritage Property,14 Clenray Pl,1935, , , , , ,570.84699553,102.051538202265
6343,Listed Heritage Property,840 Richmond St,1910c, ,Eclectic, , , ,338.684994,87.297034836263
6344,Designated Heritage Property,877-877/ Hellmuth Ave,1909, , ,IV,Bishop Hellmuth Heritage Conservation District,LSP3209331,570.73953432,114.280029141604
6345,Listed Heritage Property,763 Maitland St,1898c,Graham Property,Queen Anne, , , ,346.685454,81.5855749308947
6346,Designated Heritage Property,765 Hellmuth Ave,1920c, ,Vernacular,V,Bishop Hellmuth Heritage Conservation District,LSP3333305,202.76484432,60.432102352818
6347,Listed Heritage Property,2056 Huron St,1840, ,Georgian, , , ,20172.763658,602.827046307464
6348,Listed Heritage Property,984 Richmond St,1924, ,Eclectic, , , ,1094.05339776,178.939330302838
6349,Listed Heritage Property,1324 Adelaide St N,1880,"""waltzing Weasel"" Pub",Late Victorian, , , ,62849.70068976,1118.06326863957
6350,Designated Heritage Property,848 Hellmuth Ave,1900, ,Queen Anne,V,Bishop Hellmuth Heritage Conservation District,LSP3333305,539.26088928,112.848938160439
6351,Designated Heritage Property,875 Hellmuth Ave,1900, ,Vernacular,V,Bishop Hellmuth Heritage Conservation District,LSP3333305,570.8869184,114.303062552369
6352,Designated Heritage Property,876 Hellmuth Ave,1906, ,Queen Anne,IV,Bishop Hellmuth Heritage Conservation District,LSP3208330,674.16131728,118.948986117717
6353,Designated Heritage Property,786 Hellmuth Ave,1905c, ,Queen Anne,V,Bishop Hellmuth Heritage Conservation District,LSP3333305,455.60124904,108.68189616698
6354,Designated Heritage Property,333 St James St,1907c, ,Vernacular,V,Bishop Hellmuth Heritage Conservation District,LSP3333305,250.81939622,77.4338171204396
6355,Designated Heritage Property,772 Hellmuth Ave,1903, ,Queen Anne,V,Bishop Hellmuth Heritage Conservation District,LSP3333305,498.45636672,110.630678081722
6356,Designated Heritage Property,838 Wellington St,1907, ,Shingle,V,Bishop Hellmuth Heritage Conservation District,LSP3333305,538.89278584,112.813127503181
6357,Designated Heritage Property,831 Wellington St,1885c, ,Ontario Cottage,V,Bishop Hellmuth Heritage Conservation District,LSP3333305,505.21862472,96.7737597000533
6358,Listed Heritage Property,36 Alma St,1881, , , , , ,510.32898552,97.4339480478534
6359,Designated Heritage Property,302-302d Oxford St E,1878, ,Italianate,V,Bishop Hellmuth Heritage Conservation District,LSP3333305,476.76006056,112.300806247982
6360,Designated Heritage Property,875 Waterloo St,1902c, ,Queen Anne,V,Bishop Hellmuth Heritage Conservation District,LSP3333305,571.05401736,114.325961442133
6361,Designated Heritage Property,783 Hellmuth Ave,1904c, ,Queen Anne,V,Bishop Hellmuth Heritage Conservation District,LSP3333305,510.01050064,111.261482171913
6362,Designated Heritage Property,782 Waterloo St, ,St. George's School, ,V,Bishop Hellmuth Heritage Conservation District,LSP3333305,11529.47520776,468.890397417847
6363,Listed Heritage Property,444 St James St,1897,Leney Property,Queen Anne, , , ,695.53888552,122.08384545173
6364,Designated Heritage Property,846 Hellmuth Ave,1906c,Harvey/cheetham Prop,Eclectic,IV,Bishop Hellmuth Heritage Conservation District,LSP3203325,537.0174068,111.601537651263
6365,Designated Heritage Property,251 St James St,1932, ,Tudor Revival,V,Bishop Hellmuth Heritage Conservation District,LSP3333305,580.28099044,114.756725571664
6366,Listed Heritage Property,4 Clenray Pl,1935, , , , , ,303.95447192,78.5950657420549
6367,Listed Heritage Property,970 Wellington St,1930,Mc Credie Property,Georgian, , , ,1232.82718208,155.029675431904
6368,Listed Heritage Property,17 Chalmers St,1936, ,Tudor Revival, , , ,543.78123632,114.748879099443
6369,Listed Heritage Property,309 Cromwell St,1895c, ,Eclectic, , , ,1000.80941248,135.568862434951
6370,Designated Heritage Property,331 St James St,1907c, ,Vernacular,V,Bishop Hellmuth Heritage Conservation District,LSP3333305,309.63587516,81.2917280988236
6371,Listed Heritage Property,379 Cheapside St,1929, ,Tudor Revival, , , ,420.48401792,96.1227068838254
6372,Designated Heritage Property,856 Wellington St,1910c, ,Edwardian,V,Bishop Hellmuth Heritage Conservation District,LSP3333305,835.3004288,126.220055940742
6373,Listed Heritage Property,82 Thornton Ave,1912, , , , , ,596.58976936,117.278939120609
6374,Designated Heritage Property,856 Hellmuth Ave,1902c, ,Queen Anne,V,Bishop Hellmuth Heritage Conservation District,LSP3333305,512.10761184,111.621411090794
6375,Listed Heritage Property,12 Clenray Pl,1932, , , , , ,373.96337176,86.7174485206466
6376,Designated Heritage Property,779 Waterloo St,1898c, ,Queen Anne Cottage,V,Bishop Hellmuth Heritage Conservation District,LSP3333305,674.444584,118.968766028085
6377,Listed Heritage Property,408 Regent St,1928c, ,Eclectic, , , ,406.44350976,93.3666090393784
6378,Listed Heritage Property,264 Huron St,1930c, ,Georgian Revival, , , ,870.11941776,150.188083737994
6379,Designated Heritage Property,869 Hellmuth Ave,1905c,Dietrich Property,Queen Anne,IV,Bishop Hellmuth Heritage Conservation District,LSP3205327,539.88008784,112.951657576309
6380,Listed Heritage Property,420 Oxford St E,1882,Petern Property,Italianate, , , ,1078.47690824,188.249803275668
6381,Designated Heritage Property,312 Grosvenor St,1906c, ,Queen Anne,V,Bishop Hellmuth Heritage Conservation District,LSP3333305,493.1010088,129.473828083816
6382,Designated Heritage Property,286 St James St,1905, ,Queen Anne,V,Bishop Hellmuth Heritage Conservation District,LSP3333305,472.45828064,101.82580494423
6383,Listed Heritage Property,423 Regent St,1933, ,Georgian Revival, , , ,845.48798888,129.064830083325
6384,Designated Heritage Property,767A Hellmuth Ave,1906c, ,Queen Anne,V,Bishop Hellmuth Heritage Conservation District,LSP3333305,216.28901376,61.9230383780891
6385,Designated Heritage Property,296 Grosvenor St,1904c, ,Queen Anne,V,Bishop Hellmuth Heritage Conservation District,LSP3333305,522.53697956,110.317502244742
6386,Designated Heritage Property,777 Waterloo St,1895, ,Queen Anne Cottage,IV,Bishop Hellmuth Heritage Conservation District,LSP3183117,579.52167288,113.862857620848
6387,Listed Heritage Property,330 Victoria St,1918,Corbet Property,Eclectic, , , ,592.88887632,110.332837603573
6388,Listed Heritage Property,312 Regent St,1930,O'donnell, , , , ,627.88081344,112.903578364929
6389,Designated Heritage Property,329 St James St,1907c, ,Vernacular,V,Bishop Hellmuth Heritage Conservation District,LSP3333305,278.69273616,79.2621407182356
6390,Listed Heritage Property,1053 Waterloo St,1913,Bridges Property, , , , ,436.45546056,103.164558714326
6391,Designated Heritage Property,278 Grosvenor St,1926, ,Colonial Revival,V,Bishop Hellmuth Heritage Conservation District,LSP3333305,382.8469976,86.350952219038
6392,Designated Heritage Property,784 Hellmuth Ave,1906, ,Queen Anne,V,Bishop Hellmuth Heritage Conservation District,LSP3333305,495.78984704,110.509423451681
6393,Designated Heritage Property,304 Grosvenor St,1910c, ,Edwardian,V,Bishop Hellmuth Heritage Conservation District,LSP3333305,522.45195736,110.304363439304
6394,Designated Heritage Property,849 Wellington St,1870c, ,Ontario Cottage,V,Bishop Hellmuth Heritage Conservation District,LSP3333305,504.0233992,96.6164910566407
6395,Designated Heritage Property,316 Grosvenor St,1920c, ,Four Square,V,Bishop Hellmuth Heritage Conservation District,LSP3333305,360.45661152,84.5960091579018
6396,Designated Heritage Property,437 Victoria St,1935, ,Craftsman,IV, ,LSP3159262,488.46927784,104.791671760997
6397,Designated Heritage Property,334 St James St,1900c, ,Queen Anne,IV,Bishop Hellmuth Heritage Conservation District,LSP327955,589.66700752,107.885397962924
6398,Designated Heritage Property,863 Waterloo St,1904, ,Queen Anne,V,Bishop Hellmuth Heritage Conservation District,LSP3333305,382.5191304,105.898524888526
6399,Designated Heritage Property,765 Wellington St,1910c, ,Prairie,V,Bishop Hellmuth Heritage Conservation District,LSP3333305,535.0048303,101.317967960063
6400,Listed Heritage Property,1424 Clarke Rd,1860,Fanshawe C.a.,Ontario Farmhouse, , , ,520928.044501745,6980.85262419699
6401,Listed Heritage Property,2155 Crumlin Sdrd,1940,Transport Canada, , , , ,2605.2650592,213.167493730253
6402,Listed Heritage Property,725 Colborne St,1930,Bell Canada Bldg.,Art Deco, , , ,3116.96189496,236.350679411861
6403,Designated Heritage Property,652 Elizabeth St,1907,Military Stores, ,IV, ,LSP3270148,56014.03465046,1630.37679271549
6404,Listed Heritage Property,701 Oxford St E,1886,Wolseley Barracks,Late Victorian, , , ,126539.78458488,1515.58919468839
6405,Designated Heritage Property,867-867B Waterloo St,1905c, ,Romanesque Revival,V,Bishop Hellmuth Heritage Conservation District,LSP3333305,540.13434592,112.987898109181
6406,Listed Heritage Property,490-492 Piccadilly St,1893c, ,Italianate, , , ,743.25376232,127.344923422022
6407,Designated Heritage Property,837 Wellington St,1935c, ,Tudor Revival,V,Bishop Hellmuth Heritage Conservation District,LSP3333305,340.197426,86.7568551957721
6408,Listed Heritage Property,571 Ontario St, , , , , , ,319.6456564,85.0995721721296
6409,Listed Heritage Property,574 Ontario St, , , , , , ,1742.73078248,235.078225030528
6410,Designated Heritage Property,892 Elias St, , , ,V,Old East Heritage Conservation District,LSP3383111,234.0863208,85.8095149652645
6411,Designated Heritage Property,941 Elias St, , , ,V,Old East Heritage Conservation District,LSP3383111,407.25042184,101.028584252082
6412,Designated Heritage Property,939 Elias St, , , ,V,Old East Heritage Conservation District,LSP3383111,407.11582128,101.006494382037
6413,Designated Heritage Property,950 Princess Ave, , , ,V,Old East Heritage Conservation District,LSP3383111,391.89908,90.7890396541207
6414,Designated Heritage Property,923 Elias St, , , ,V,Old East Heritage Conservation District,LSP3383111,554.94656824,108.250678458429
6415,Designated Heritage Property,567 Ontario St, , , ,V,Old East Heritage Conservation District,LSP3383111,319.77993904,85.1246622117739
6416,Designated Heritage Property,953 Elias St, , , ,V,Old East Heritage Conservation District,LSP3383111,449.92997472,90.3101686346493
6417,Designated Heritage Property,541 Quebec St, , , ,V,Old East Heritage Conservation District,LSP3383111,279.32821232,88.5195191561694
6418,Designated Heritage Property,547 Quebec St, , , ,V,Old East Heritage Conservation District,LSP3383111,954.3188292,154.561756844725
6419,Designated Heritage Property,909 Elias St, , , ,V,Old East Heritage Conservation District,LSP3383111,541.54858544,107.530737806823
6420,Designated Heritage Property,894 Elias St, , , ,V,Old East Heritage Conservation District,LSP3383111,277.55207312,88.2160914268551
6421,Designated Heritage Property,549 Quebec St, , , ,V,Old East Heritage Conservation District,LSP3383111,329.23279648,82.862890527409
6422,Designated Heritage Property,858 Elias St, , , ,V,Old East Heritage Conservation District,LSP3383111,1013.9491188,136.373535460818
6423,Designated Heritage Property,835 Queens Ave, , , ,V,Old East Heritage Conservation District,LSP3383111,624.58439808,144.275039818234
6424,Designated Heritage Property,572 Ontario St, , , ,V,Old East Heritage Conservation District,LSP3383111,319.97605864,92.0830811497156
6425,Designated Heritage Property,804 Elias St, , , ,V,Old East Heritage Conservation District,LSP3383111,1003.52682952,205.018860084912
6426,Designated Heritage Property,903 Elias St, , , ,V,Old East Heritage Conservation District,LSP3383111,516.73845208,106.281349096483
6427,Designated Heritage Property,947-949/ Elias St, , , ,V,Old East Heritage Conservation District,LSP3383111,449.61129216,90.259438113117
6428,Designated Heritage Property,563 Ontario St, , , ,V,Old East Heritage Conservation District,LSP3383111,399.87454968,90.0257828967345
6429,Designated Heritage Property,929 Elias St, , , ,V,Old East Heritage Conservation District,LSP3383111,610.10838648,111.003082700185
6430,Designated Heritage Property,952 Princess Ave, , , ,V,Old East Heritage Conservation District,LSP3383111,230.1705636,63.2394000342567
6431,Designated Heritage Property,901 Elias St, , , ,V,Old East Heritage Conservation District,LSP3383111,565.7795861,108.696572903939
6432,Designated Heritage Property,551 Quebec St, , , ,V,Old East Heritage Conservation District,LSP3383111,301.98607272,81.1258903841188
6433,Designated Heritage Property,560 Ontario St, , , ,V,Old East Heritage Conservation District,LSP3383111,398.15139352,98.027039557071
6434,Designated Heritage Property,850 Elias St, , , ,V,Old East Heritage Conservation District,LSP3383111,506.46323416,114.350184732134
6435,Designated Heritage Property,806 Elias St, , , ,V,Old East Heritage Conservation District,LSP3383111,1037.88328304,205.807983748111
6436,Designated Heritage Property,937 Elias St, , , ,V,Old East Heritage Conservation District,LSP3383111,407.04010992,100.987264232152
6437,Designated Heritage Property,539 Quebec St, , , ,V,Old East Heritage Conservation District,LSP3383111,279.78060408,88.5448025535182
6438,Designated Heritage Property,946 Princess Ave, , , ,V,Old East Heritage Conservation District,LSP3383111,407.26311848,101.028778741469
6439,Designated Heritage Property,862 Elias St, , , ,V,Old East Heritage Conservation District,LSP3383111,393.7755912,93.8189144820489
6440,Designated Heritage Property,888 Elias St, , , ,V,Old East Heritage Conservation District,LSP3383111,362.24658818,92.8501632833144
6441,Designated Heritage Property,537 Quebec St, , , ,V,Old East Heritage Conservation District,LSP3383111,255.65498112,70.7704689261999
6442,Designated Heritage Property,557 Ontario St, , , ,V,Old East Heritage Conservation District,LSP3383111,452.1190712,93.2289452821378
6443,Designated Heritage Property,553 Quebec St, , , ,V,Old East Heritage Conservation District,LSP3383111,301.26243072,81.1168501066038
6444,Designated Heritage Property,870 Elias St, , , ,V,Old East Heritage Conservation District,LSP3383111,426.5879265,95.6432867740263
6445,Designated Heritage Property,896 Elias St, , , ,V,Old East Heritage Conservation District,LSP3383111,329.62304056,91.0967732845441
6446,Designated Heritage Property,890 Elias St, , , ,V,Old East Heritage Conservation District,LSP3383111,282.36809086,88.4494169472556
6447,Designated Heritage Property,884 Elias St, , , ,V,Old East Heritage Conservation District,LSP3383111,462.02200896,100.006601598472
6448,Designated Heritage Property,928 Princess Ave, , , ,V,Old East Heritage Conservation District,LSP3383111,407.04689232,100.986469405328
6449,Designated Heritage Property,564 Ontario St, , , ,V,Old East Heritage Conservation District,LSP3383111,572.57102036,105.648960144838
6450,Designated Heritage Property,562 Ontario St, , , ,V,Old East Heritage Conservation District,LSP3383111,378.60904936,95.4483007927722
6451,Designated Heritage Property,886 Elias St, , , ,V,Old East Heritage Conservation District,LSP3383111,379.25209832,95.5824269007512
6452,Designated Heritage Property,844 Elias St, , , ,V,Old East Heritage Conservation District,LSP3383111,1011.2956948,136.131594834106
6453,Designated Heritage Property,535 Quebec St, , , ,V,Old East Heritage Conservation District,LSP3383111,255.66383274,70.7717359114957
6454,Designated Heritage Property,846 Elias St, , , ,V,Old East Heritage Conservation District,LSP3383111,506.14742712,114.290497922211
6455,Designated Heritage Property,866 Elias St, , , ,V,Old East Heritage Conservation District,LSP3383111,360.9645484,91.991795993963
6456,Designated Heritage Property,948 Princess Ave, , , ,V,Old East Heritage Conservation District,LSP3383111,412.51594432,92.00999182244
6457,Designated Heritage Property,944 Princess Ave, , , ,V,Old East Heritage Conservation District,LSP3383111,407.1364268,101.006499287795
6458,Designated Heritage Property,933 Elias St, , , ,V,Old East Heritage Conservation District,LSP3383111,610.3183532,111.033452858661
6459,Designated Heritage Property,915-917 Elias St, , , ,V,Old East Heritage Conservation District,LSP3383111,534.46274376,107.21662834136
6460,Designated Heritage Property,911-913 Elias St, , , ,V,Old East Heritage Conservation District,LSP3383111,536.35273592,107.291596886146
6461,Designated Heritage Property,376-378 Central Ave, , , ,V,West Woodfield Heritage Conservation District,LSP3400254,685.51203872,115.333094836851
6462,Designated Heritage Property,266-268 St James St, , , ,V,Bishop Hellmuth Heritage Conservation District,LSP3333305,618.75180658,111.701387030237
6463,Designated Heritage Property,855/ Waterloo St,1905c, ,Romanesque Revival,V,Bishop Hellmuth Heritage Conservation District,LSP3333305,284.27847298,102.282739015362
6464,Designated Heritage Property,857/-857B Waterloo St,1905c, ,Vernacular,V,Bishop Hellmuth Heritage Conservation District,LSP3333305,279.59302848,101.291410581627
6465,Listed Heritage Property,511 Cheapside St,1971, ,Mid-Century Modern, , , ,3590.0061912,258.968835204279
6466,Listed Heritage Property,716 Colborne St, , ,SHP Cottage, , , ,406.53258616,109.653418650225
6467,Listed Heritage Property,1020 Elias St,1950, ,Mid-Century Modern, , , ,10016.70346744,402.733004239448
6468,Listed Heritage Property,544 Fanshawe Park Rd E,1954, ,Mid-century Modern, , , ,1217.30361264,139.704838697246
6469,Listed Heritage Property,1186 Fanshawe Park Rd E,1890, ,Queen Anne, , , ,1773.40767784,177.926050609436
6470,Designated Heritage Property,281 Grosvenor St, , , ,V,Bishop Hellmuth Heritage Conservation District,LSP3333305,202.08797222,57.1309780062821
6472,Listed Heritage Property,534 Huron St,1960, ,Mid-century Modern, , , ,22016.27352952,682.866222192284
6473,Designated Heritage Property,273 Regent St,1927, ,Arts and Crafts,IV, ,LSP3442367,602.063,103.636020643428
6474,Listed Heritage Property,315 Regent St,1935, ,Georgian Revival, , , ,1029.74770424,132.56259093855
6475,Listed Heritage Property,442 St James St,1901, ,Queen Anne, , , ,370.96619824,79.2609239078592
6476,Listed Heritage Property,806 Victoria St, , , , , , ,80774.52851096,1213.58362159349
6477,Designated Heritage Property,834 Wellington St,1896, ,Queen Anne,V,Bishop Hellmuth Heritage Conservation District,LSP3333305,349.7746656,104.710086251404
6478,Designated Heritage Property,855 Wellington St, , , ,V,Bishop Hellmuth Heritage Conservation District,LSP3333305,503.72062096,96.5769310044433
6479,Designated Heritage Property,857 Wellington St, , , ,V,Bishop Hellmuth Heritage Conservation District,LSP3333305,503.41863272,96.5373725109173
6480,Listed Heritage Property,968 Wellington St, , , , , , ,1462.48171728,166.774326157554
6481,Listed Heritage Property,936 Maitland St, , , , , , ,13990.72448448,570.065480347524
6482,Designated Heritage Property,831 Queens Ave, , , ,V,Old East Heritage Conservation District,LSP3383111,624.76156096,144.288110166063
6483,Designated Heritage Property,Easement,1920c, ,Eclectic,V,Bishop Hellmuth Heritage Conservation District,LSP3333305,301.96411914,195.99356778762
6484,Designated Heritage Property,310 Grosvenor St,1906c, ,Queen Anne,V,Bishop Hellmuth Heritage Conservation District,LSP3333305,317.58997806,128.582534433751
6485,Designated Heritage Property,310 Grosvenor St,1906c, ,Queen Anne,V,Bishop Hellmuth Heritage Conservation District,LSP3333305,23.01690384,19.9030250348763
6486,Designated Heritage Property,Easement, , , ,V,Bishop Hellmuth Heritage Conservation District,LSP3333305,929.01871208,510.578903719648
6487,Designated Heritage Property,Easement, , , ,V,Bishop Hellmuth Heritage Conservation District,LSP3333305,926.78573064,491.118011317979
6488,Designated Heritage Property,Easement, , , ,V,Bishop Hellmuth Heritage Conservation District,LSP3333305,764.75831172,423.342933995934
6489,Designated Heritage Property,Easement, , , ,V,Bishop Hellmuth Heritage Conservation District,LSP3333305,938.172674,496.006827227765
6490,Listed Heritage Property,256 Oxford St E,1873,Rowcliffe Realty,Italianate, , , ,737.01689552,120.472341234346
6491,Designated Heritage Property,336 Piccadilly St,1908,Somerville House,Queen Anne,IV, ,LSP3479-72,882.29390544,124.838860025607
6492,Designated Heritage Property,924 Princess Ave, , , ,V,Old East Heritage Conservation District,LSP3383111,406.85121416,100.944952227931
6493,Designated Heritage Property,578 English St, , , ,V,Old East Heritage Conservation District,LSP3383111,313.77225072,87.0970163090112
6494,Designated Heritage Property,895 Elias St, , , ,V,Old East Heritage Conservation District,LSP3383111,301.8035465,80.4943985199067
6495,Designated Heritage Property,836 Elias St, , , ,V,Old East Heritage Conservation District,LSP3383111,1009.97995512,136.011643253119
6496,Designated Heritage Property,897 Elias St, , , ,V,Old East Heritage Conservation District,LSP3383111,302.00884216,80.5361581495308
6497,Designated Heritage Property,926 Princess Ave, , , ,V,Old East Heritage Conservation District,LSP3383111,406.9223216,100.964427184336
6498,Listed Heritage Property,465 Dorinda St,1910, ,Queen Anne Cottage, , , ,416.83750128,107.983193602003
6499,Listed Heritage Property,596 Adelaide St N,1892,Central Cat Hospital,Queen Anne, , , ,701.82640912,122.08696441069
6500,Designated Heritage Property,697 Colborne St,1850, ,Eclectic,IV, ,LSP3089296,811.9104796,125.740910104046
6501,Designated Heritage Property,288 Piccadilly St,1877, ,High Victorian,IV, ,LSP313885,456.77540576,107.000925174101
6502,Listed Heritage Property,449-449/ Dorinda St,1907c, ,Queen Anne Cottage, , , ,516.0744736,112.412833232206
6503,Listed Heritage Property,434 Pall Mall St,1881, ,Queen Anne, , , ,583.5864168,109.871640735041
6504,Listed Heritage Property,274 Piccadilly St,1898c, ,Queen Anne, , , ,364.70629472,84.5074576610172
6505,Designated Heritage Property,542 Ontario St,1877c, ,Queen Anne,V,Old East Heritage Conservation District,LSP3383111,552.89093472,99.5140306054769
6506,Listed Heritage Property,270 Piccadilly St,1881c, ,Side-hall Plan (shp) Cottage, , , ,249.38760576,70.3390535712448
6507,Listed Heritage Property,461 Dorinda St,1910, ,Queen Anne Cottage, , , ,463.32516784,110.063421109954
6508,Designated Heritage Property,636 Elias St,1900, ,Vernacular,V,Old East Heritage Conservation District,LSP3383111,392.58392692,109.271758513996
6509,Listed Heritage Property,701-703 Waterloo St,1870c, ,Vernacular, , , ,328.22931296,75.6800056284087
6510,Listed Heritage Property,504 Quebec St,1893, ,Queen Anne, , , ,590.96820712,102.451972323095
6511,Designated Heritage Property,846 Lorne Ave,1903,Kelly Property,Late Victorian,IV And V,Old East Heritage Conservation District,LSP 3339218,287.5462744,80.7186944407787
6512,Listed Heritage Property,479 Dorinda St,1910, ,Queen Anne Cottage, , , ,418.02577264,108.051946337128
6513,Designated Heritage Property,52 Regina St,1881,Marentette Property,Queen Anne,IV, ,LSP3152240,305.82298376,75.7970985990917
6514,Designated Heritage Property,583 Elizabeth St,1886, ,Ontario Cottage,V,Old East Heritage Conservation District,LSP3383111,908.72447238,136.654324968371
6515,Designated Heritage Property,693 Elias St,1890, ,Side-hall Plan (shp) Cottage,V,Old East Heritage Conservation District,LSP3383111,353.2048994,87.2926546174712
6516,Listed Heritage Property,490 Pall Mall St,1881p, , , , , ,557.6128976,103.627612319939
6517,Designated Heritage Property,672 Elias St,1860, ,Ontario Cottage,V,Old East Heritage Conservation District,LSP3383111,564.03998008,100.89292338535
6518,Listed Heritage Property,427 Pall Mall St,1888c, ,Late Victorian, , , ,647.97078528,121.458952301004
6519,Listed Heritage Property,497 Dorinda St,1907, ,Queen Anne Cottage, , , ,424.914732,108.370748118627
6520,Listed Heritage Property,457 Dorinda St,1907c, ,Queen Anne Cottage, , , ,463.3063936,110.058598830275
6521,Listed Heritage Property,347 Piccadilly St,1907c, ,Late Victorian, , , ,399.3158844,97.3166989546452
6522,Listed Heritage Property,355 Piccadilly St,1902c, ,Late Victorian, , , ,488.72746704,103.892796159014
6523,Designated Heritage Property,920 Dufferin Ave,1877c, ,Ontario Cottage,V,Old East Heritage Conservation District,LSP3383111,457.80747606,111.135479892411
6524,Designated Heritage Property,727 Elias St,1870, ,Ontario Cottage,V,Old East Heritage Conservation District,LSP3383111,389.11993024,92.9741866964052
6525,Designated Heritage Property,653 Elias St,1865, ,Ontario Cottage,V,Old East Heritage Conservation District,LSP3383111,768.80453864,125.365351081818
6526,Listed Heritage Property,"404-408 Pall Mall St, 660 Colborne St",1878, ,High Victorian, , , ,474.78858288,90.1820521015704
6527,Listed Heritage Property,721 Waterloo St,1910c, ,Vernacular, , , ,368.83867944,90.5801686180797
6528,Listed Heritage Property,468 Pall Mall St,1878c, ,Ontario Cottage, , , ,374.9965216,85.9160792526464
6529,Listed Heritage Property,453 Dorinda St,1907c, ,Queen Anne Cottage, , , ,463.26808992,110.052278555477
6530,Listed Heritage Property,426 Pall Mall St,1893c, ,Queen Anne, , , ,519.25929736,106.752493869206
6531,Designated Heritage Property,907 Lorne Ave,1902,Lawin Property,Late Victorian,V,Old East Heritage Conservation District,LSP3383111,459.1324068,111.139694120574
6532,Designated Heritage Property,933 Dufferin Ave,1891, ,Ontario Cottage,V,Old East Heritage Conservation District,LSP3383111,462.09062136,111.960754850176
6533,Designated Heritage Property,904 Dufferin Ave,1883, ,Side-hall Plan (shp) Cottage,V,Old East Heritage Conservation District,LSP3383111,501.76904494,113.264078349459
6534,Designated Heritage Property,897 Lorne Ave,1902, ,Late Victorian,V,Old East Heritage Conservation District,LSP3383111,458.11643334,110.970849159865
6535,Designated Heritage Property,638 Elias St,1900, ,Vernacular,V,Old East Heritage Conservation District,LSP3383111,421.03956176,110.486705847216
6536,Listed Heritage Property,469 Dorinda St,1910, ,Queen Anne Cottage, , , ,409.71095368,107.668106333485
6537,Listed Heritage Property,"526 Central Ave, 601 William St",1886c, ,Italianate, , , ,478.9643152,88.9633038220291
6538,Listed Heritage Property,300 Piccadilly St,1860c, ,Ontario Farmhouse, , , ,948.19962304,131.315736771188
6539,Designated Heritage Property,652 Elias St,1900, ,Queen Anne,V,Old East Heritage Conservation District,LSP3383111,701.24830072,122.588322737701
6540,Designated Heritage Property,858 Lorne Ave,1903, ,Late Victorian,V,Old East Heritage Conservation District,LSP3383111,246.6589848,78.1213383148055
6541,Designated Heritage Property,911 Lorne Ave,1902,Underwood Property,Late Victorian,IV And V,Old East Heritage Conservation District,LSP3223413,458.97276504,111.173908810615
6542,Listed Heritage Property,500 Quebec St,1884c, ,Queen Anne, , , ,578.50397952,103.243236910742
6543,Listed Heritage Property,429 Pall Mall St,1889c, ,Late Victorian, , , ,586.4762976,110.184892293088
6544,Designated Heritage Property,903 Lorne Ave,1902, ,Late Victorian,V,Old East Heritage Conservation District,LSP3383111,458.43524424,111.067699431474
6545,Listed Heritage Property,700 Richmond St,1908c,Reischl Property, , , , ,8401.1120664,452.631699454073
6546,Listed Heritage Property,709-711 Colborne St,1888c,Colborne St. United,Romanesque Revival, , , ,2486.69342448,200.693590782621
6547,Listed Heritage Property,423 Pall Mall St,1884c, ,Late Victorian, , , ,844.28610864,142.671795449339
6548,Listed Heritage Property,447 Dorinda St,1907c, ,Queen Anne Cottage, , , ,451.25709648,109.505531973098
6549,Designated Heritage Property,850 Lorne Ave,1904, ,Late Victorian,IV And V,Old East Heritage Conservation District,LSP33613,249.67007008,78.2895667378804
6550,Listed Heritage Property,421 Pall Mall St,1893c, ,Side-hall Plan (shp) Cottage, , , ,801.7890144,133.764628163559
6551,Listed Heritage Property,268 Piccadilly St,1881c, ,Side-hall Plan (shp) Cottage, , , ,242.60503568,69.754168987478
6552,Listed Heritage Property,357 Piccadilly St,1891c, ,High Victorian, , , ,603.35119536,109.681048422508
6553,Designated Heritage Property,893 Lorne Ave,1902, ,Late Victorian,V,Old East Heritage Conservation District,LSP3383111,457.86359242,110.918298347497
6554,Designated Heritage Property,466 Quebec St,1882c, ,Italianate,IV, ,LSP313784,286.6425016,90.5266631834519
6555,Designated Heritage Property,290 Piccadilly St,1881, ,High Victorian,IV, ,LSP3215350,532.90609144,111.05998553398
6556,Listed Heritage Property,733 Waterloo St,1884c,Malhotra Property, , , , ,379.4875136,91.2775010420764
6557,Listed Heritage Property,349 Piccadilly St,1907,Piccadilly,Late Victorian, , , ,399.3204984,97.3172150085136
6558,Listed Heritage Property,473 Dorinda St,1907, ,Queen Anne Cottage, , , ,410.35081344,107.701963964656
6559,Listed Heritage Property,276-278 Piccadilly St,1883c, ,Gothic Revival, , , ,478.30930768,92.0402815658852
6560,Listed Heritage Property,481 Dorinda St,1910, ,Queen Anne Cottage, , , ,418.51143416,108.07487201088
6561,Listed Heritage Property,718 Waterloo St,1873,Vandoren/tierens,Italianate, , , ,986.52250768,126.836148030501
6562,Designated Heritage Property,885 Lorne Ave,1902, ,Late Victorian,V,Old East Heritage Conservation District,LSP3383111,253.67851432,71.6598927163968
6563,Listed Heritage Property,451 Dorinda St,1910, ,Queen Anne Cottage, , , ,463.26329168,110.04998285376
6564,Designated Heritage Property,671 Elias St,1860, ,Ontario Cottage,V,Old East Heritage Conservation District,LSP3383111,354.58773546,75.8649775767841
6565,Designated Heritage Property,854 Lorne Ave,1903c, ,Late Victorian,V,Old East Heritage Conservation District,LSP3383111,246.609484,78.1051386835432
6566,Listed Heritage Property,455 Dorinda St,1910, ,Queen Anne Cottage, , , ,463.29460728,110.055834993608
6567,Listed Heritage Property,475 Dorinda St,1907, ,Queen Anne Cottage, , , ,411.06518064,107.735133985398
6568,Designated Heritage Property,899 Lorne Ave,1902, ,Late Victorian,V,Old East Heritage Conservation District,LSP3383111,458.59699144,111.03320861276
6569,Listed Heritage Property,727 Waterloo St,1884c, ,Late Victorian, , , ,379.46732856,91.2584117657489
6570,Listed Heritage Property,471 Dorinda St,1910, ,Queen Anne Cottage, , , ,432.32096464,108.683088138806
6571,Listed Heritage Property,477-477/ Dorinda St,1907, ,Queen Anne Cottage, , , ,417.30177424,108.016524546575
6572,Listed Heritage Property,671 Colborne St,1888c, ,Side-hall Plan (shp) Cottage, , , ,372.4441636,107.699005997241
6573,Designated Heritage Property,503 Quebec St,1905, ,Queen Anne,V,Old East Heritage Conservation District,LSP3383111,241.10023264,64.5415651536504
6574,Listed Heritage Property,463 Dorinda St,1907, ,Queen Anne Cottage, , , ,464.42159056,110.11340554961
6575,Listed Heritage Property,521 Pall Mall St,1881p, ,Side-hall Plan (shp) Cottage, , , ,458.49939648,103.891168348249
6576,Listed Heritage Property,485 Dorinda St,1907c, ,Queen Anne Cottage, , , ,626.943616,117.41306614152
6577,Designated Heritage Property,733 Princess Ave,1888c, ,Side-hall Plan (shp) Cottage,V,Old East Heritage Conservation District,LSP3383111,412.02661016,101.86938278086
6578,Designated Heritage Property,301 Piccadilly St,1872c,Shanly Town House,Italianate,IV, ,LSP2600142,737.76122312,114.685702536449
6579,Designated Heritage Property,665 Elias St,1865, ,Ontario Cottage,V,Old East Heritage Conservation District,LSP3383111,769.97101216,125.504223800521
6580,Listed Heritage Property,305 Piccadilly St,1881c, ,Georgian Revival, , , ,774.1966192,116.749490966799
6581,Listed Heritage Property,472 Quebec St,1884c, ,Ontario Cottage, , , ,497.35080496,96.8841999739555
6582,Designated Heritage Property,506 Ontario St,1902, ,Queen Anne,V,Old East Heritage Conservation District,LSP3383111,281.56354512,73.802146573127
6583,Designated Heritage Property,509 Ontario St,1902c, ,Queen Anne,V,Old East Heritage Conservation District,LSP3383111,388.61671344,87.2495220359418
6584,Listed Heritage Property,428 Pall Mall St,1893c, ,Queen Anne Cottage, , , ,436.64526504,102.660734606261
6585,Listed Heritage Property,238 Piccadilly St,1899c, ,Late Victorian, , , ,407.20198752,100.971079909896
6586,Designated Heritage Property,537 Ontario St,1900c, ,Queen Anne,V,Old East Heritage Conservation District,LSP3383111,247.29695168,78.5521618435469
6587,Designated Heritage Property,550 English St,1892, ,Ontario Cottage,V,Old East Heritage Conservation District,LSP3383111,528.311453,99.8465863385275
6588,Designated Heritage Property,723 Elias St,1870, ,Side-hall Plan (shp) Cottage,V,Old East Heritage Conservation District,LSP3383111,285.62563056,87.1490667503446
6589,Listed Heritage Property,431 Pall Mall St,1888c, ,High Victorian, , , ,611.2972128,111.405397865085
6590,Designated Heritage Property,668 Elias St,1865, ,Georgian,V,Old East Heritage Conservation District,LSP3383111,564.04644356,100.89297381832
6591,Designated Heritage Property,891 Lorne Ave,1902, ,Late Victorian,V,Old East Heritage Conservation District,LSP3383111,457.37536528,110.854776237131
6592,Listed Heritage Property,467 Dorinda St,1907, ,Queen Anne Cottage, , , ,427.0722792,108.444906061806
6593,Designated Heritage Property,695 Elias St,1890, ,Side-hall Plan (shp) Cottage,V,Old East Heritage Conservation District,LSP3383111,342.4131004,86.6381188664018
6594,Listed Heritage Property,459 Dorinda St,1910, ,Queen Anne Cottage, , , ,463.30361016,110.060372542635
6595,Listed Heritage Property,719 Waterloo St,1888c,Wilcox Property,Queen Anne, , , ,361.71889664,90.0874391083798
6596,Listed Heritage Property,430 Pall Mall St,1893, ,Queen Anne Cottage, , , ,407.72945448,101.2172424731
6597,Listed Heritage Property,672-674 Maitland St,1881, ,Italianate, , , ,374.6933752,83.2252145005526
6598,Listed Heritage Property,577 English St, , , , , , ,201.03664992,59.573737245643
6599,Designated Heritage Property,820 Princess Ave, , , ,V,Old East Heritage Conservation District,LSP3383111,367.24926912,98.6664255329784
6600,Designated Heritage Property,946 Lorne Ave, , , ,V,Old East Heritage Conservation District,LSP3383111,593.73897848,110.271995093852
6601,Designated Heritage Property,922 Princess Ave, , , ,V,Old East Heritage Conservation District,LSP3383111,406.69073648,100.92112845601
6602,Designated Heritage Property,722 Princess Ave, , , ,V,Old East Heritage Conservation District,LSP3383111,355.32291144,91.0692252645024
6603,Designated Heritage Property,717 Elias St, , , ,V,Old East Heritage Conservation District,LSP3383111,287.54804184,87.253722521966
6604,Designated Heritage Property,819 Elias St, , , ,V,Old East Heritage Conservation District,LSP3383111,485.36725296,104.085235692371
6605,Designated Heritage Property,703 Elias St, , , ,V,Old East Heritage Conservation District,LSP3383111,358.30201608,91.2313901457595
6606,Designated Heritage Property,837 Elias St, , , ,V,Old East Heritage Conservation District,LSP3383111,402.31171872,100.169885774261
6607,Designated Heritage Property,830 Lorne Ave, , , ,V,Old East Heritage Conservation District,LSP3383111,513.44332904,107.224333346027
6608,Designated Heritage Property,725 Princess Ave, , , ,V,Old East Heritage Conservation District,LSP3383111,411.06157328,101.679342786216
6609,Designated Heritage Property,764 Princess Ave, , , ,V,Old East Heritage Conservation District,LSP3383111,323.46175696,97.6379737467089
6610,Designated Heritage Property,738 Princess Ave, , , ,V,Old East Heritage Conservation District,LSP3383111,332.63610464,89.7995362542796
6611,Designated Heritage Property,520 Ontario St, , , ,V,Old East Heritage Conservation District,LSP3383111,638.76611216,126.254527387506
6612,Designated Heritage Property,519 Ontario St, , , ,V,Old East Heritage Conservation District,LSP3383111,908.20712128,150.760928802381
6613,Designated Heritage Property,733 Elias St, , , ,V,Old East Heritage Conservation District,LSP3383111,357.2687356,91.1768272836795
6614,Designated Heritage Property,585 Elizabeth St, , , ,V,Old East Heritage Conservation District,LSP3383111,256.65039652,64.1595874056468
6615,Designated Heritage Property,901 Princess Ave, , , ,V,Old East Heritage Conservation District,LSP3383111,438.45029944,110.32198688946
6616,Designated Heritage Property,854 Princess Ave, , , ,V,Old East Heritage Conservation District,LSP3383111,611.50547832,110.782541391854
6617,Designated Heritage Property,826 Elias St, , , ,V,Old East Heritage Conservation District,LSP3383111,489.57483936,112.632807965514
6618,Designated Heritage Property,689 Elias St, , , ,V,Old East Heritage Conservation District,LSP3383111,196.720614405,61.8184198722278
6619,Designated Heritage Property,826 Lorne Ave, , , ,V,Old East Heritage Conservation District,LSP3383111,413.1182472,102.329244772975
6620,Designated Heritage Property,815 Elias St, , , ,V,Old East Heritage Conservation District,LSP3383111,363.51782464,97.8837277286726
6621,Designated Heritage Property,934 Lorne Ave, , , ,V,Old East Heritage Conservation District,LSP3383111,408.22403808,101.099386405707
6622,Designated Heritage Property,625 Elizabeth St, , , ,V,Old East Heritage Conservation District,LSP3383111,352.96533528,84.0932839214836
6623,Designated Heritage Property,573 English St, , , ,V,Old East Heritage Conservation District,LSP3383111,201.03664992,59.573737245643
6624,Designated Heritage Property,718 Princess Ave, , , ,V,Old East Heritage Conservation District,LSP3383111,412.83274312,94.3101513280417
6625,Designated Heritage Property,932 Dufferin Ave, , , ,V,Old East Heritage Conservation District,LSP3383111,458.62833376,111.145933611624
6626,Designated Heritage Property,888 Lorne Ave, , , ,V,Old East Heritage Conservation District,LSP3383111,373.27317866,85.2830261120432
6627,Designated Heritage Property,850 Princess Ave, , , ,V,Old East Heritage Conservation District,LSP3383111,403.347968,100.376222615783
6628,Designated Heritage Property,643 Elias St, , , ,V,Old East Heritage Conservation District,LSP3383111,528.61165024,144.882868748291
6629,Designated Heritage Property,496 Ontario St, , , ,V,Old East Heritage Conservation District,LSP3383111,332.18649928,82.5192474349466
6630,Designated Heritage Property,932 Lorne Ave, , , ,V,Old East Heritage Conservation District,LSP3383111,408.2393188,101.102151146234
6631,Designated Heritage Property,896 Dufferin Ave, , , ,V,Old East Heritage Conservation District,LSP3383111,460.9239839,111.58804636997
6632,Designated Heritage Property,511 Quebec St, , , ,V,Old East Heritage Conservation District,LSP3383111,155.17023052,59.7074910458215
6633,Designated Heritage Property,948 Lorne Ave, , , ,V,Old East Heritage Conservation District,LSP3383111,376.0739812,86.0006801272711
6634,Designated Heritage Property,913 Princess Ave, , , ,V,Old East Heritage Conservation District,LSP3383111,408.78214184,101.135547352963
6635,Designated Heritage Property,626 Elizabeth St, , , ,V,Old East Heritage Conservation District,LSP3383111,397.29565192,99.2247607842073
6636,Designated Heritage Property,843 Princess Ave, , , ,V,Old East Heritage Conservation District,LSP3383111,403.98233712,100.474287665875
6637,Designated Heritage Property,893 Elias St, , , ,V,Old East Heritage Conservation District,LSP3383111,301.5873224,80.4521294937967
6638,Designated Heritage Property,766 Princess Ave, , , ,V,Old East Heritage Conservation District,LSP3383111,307.04230032,96.8622748395296
6639,Designated Heritage Property,529 Quebec St, , , ,V,Old East Heritage Conservation District,LSP3383111,349.627244,86.2516782722792
6640,Designated Heritage Property,774 Princess Ave, , , ,V,Old East Heritage Conservation District,LSP3383111,371.74841952,94.1654097851612
6641,Designated Heritage Property,696 Elias St, , , ,V,Old East Heritage Conservation District,LSP3383111,458.26536952,111.319287590671
6642,Designated Heritage Property,799 Princess Ave, , , ,V,Old East Heritage Conservation District,LSP3383111,378.4025904,99.4898703292259
6643,Designated Heritage Property,922 Dufferin Ave, , , ,V,Old East Heritage Conservation District,LSP3383111,483.9131062,112.681215295194
6644,Designated Heritage Property,917 Lorne Ave, , , ,V,Old East Heritage Conservation District,LSP3383111,458.90317424,111.183385836557
6645,Designated Heritage Property,838 Princess Ave, , , ,V,Old East Heritage Conservation District,LSP3383111,489.35443904,104.710480542365
6646,Designated Heritage Property,813 Princess Ave, , , ,V,Old East Heritage Conservation District,LSP3383111,403.96333936,100.471946370523
6647,Designated Heritage Property,560 English St, , , ,V,Old East Heritage Conservation District,LSP3383111,494.55480492,110.260924355549
6648,Designated Heritage Property,552 English St, , , ,V,Old East Heritage Conservation District,LSP3383111,214.65321786,66.3502521568083
6649,Designated Heritage Property,964 Dufferin Ave, , , ,V,Old East Heritage Conservation District,LSP3383111,432.04919808,83.1639491718101
6650,Designated Heritage Property,776 Princess Ave, , , ,V,Old East Heritage Conservation District,LSP3383111,371.96241608,94.2074001589262
6651,Designated Heritage Property,909 Princess Ave, , , ,V,Old East Heritage Conservation District,LSP3383111,313.49024504,82.2690337612326
6652,Designated Heritage Property,558 English St, , , ,V,Old East Heritage Conservation District,LSP3383111,400.9789215,105.992426175321
6653,Designated Heritage Property,841 Princess Ave, , , ,V,Old East Heritage Conservation District,LSP3383111,403.22924808,100.436777574748
6654,Designated Heritage Property,678 Princess Ave, , , ,V,Old East Heritage Conservation District,LSP3383111,716.67371692,111.412252228674
6655,Designated Heritage Property,938 Dufferin Ave, , , ,V,Old East Heritage Conservation District,LSP3383111,458.5165144,111.126730656701
6656,Designated Heritage Property,634 Elias St, , , ,V,Old East Heritage Conservation District,LSP3383111,378.8000856,108.693672189488
6657,Designated Heritage Property,938 Lorne Ave, , , ,V,Old East Heritage Conservation District,LSP3383111,408.19690824,101.095546196818
6658,Designated Heritage Property,722 Elias St, , , ,V,Old East Heritage Conservation District,LSP3383111,457.45873888,111.159601897915
6659,Designated Heritage Property,774 Elias St, , , ,V,Old East Heritage Conservation District,LSP3383111,166.07759944,58.8770473623271
6660,Designated Heritage Property,900 Lorne Ave, , , ,V,Old East Heritage Conservation District,LSP3383111,672.66142442,136.810722682684
6661,Designated Heritage Property,503 Ontario St, , , ,V,Old East Heritage Conservation District,LSP3383111,323.5460436,83.8374091335092
6662,Designated Heritage Property,792 Elias St, , , ,V,Old East Heritage Conservation District,LSP3383111,501.06965208,113.364751439778
6663,Designated Heritage Property,525 Ontario St, , , ,V,Old East Heritage Conservation District,LSP3383111,445.08779456,89.2227913280072
6664,Designated Heritage Property,808 Princess Ave, , , ,V,Old East Heritage Conservation District,LSP3383111,401.61641504,99.9743453878143
6665,Designated Heritage Property,684 Elias St, , , ,V,Old East Heritage Conservation District,LSP3383111,351.72199706,90.1131030985619
6666,Designated Heritage Property,554 English St, , , ,V,Old East Heritage Conservation District,LSP3383111,341.7194849,106.644339585115
6667,Designated Heritage Property,855 Princess Ave, , , ,V,Old East Heritage Conservation District,LSP3383111,204.97274104,64.9425044964122
6668,Designated Heritage Property,767 Elias St, , , ,V,Old East Heritage Conservation District,LSP3383111,413.47790704,98.9901976892834
6669,Designated Heritage Property,947 Dufferin Ave, , , ,V,Old East Heritage Conservation District,LSP3383111,417.23220888,109.461190982421
6670,Designated Heritage Property,839 Lorne Ave, , , ,V,Old East Heritage Conservation District,LSP3383111,365.98658552,106.805629594146
6671,Designated Heritage Property,849 Elias St, , , ,V,Old East Heritage Conservation District,LSP3383111,403.35547032,100.377552719233
6672,Designated Heritage Property,721 Elias St, , , ,V,Old East Heritage Conservation District,LSP3383111,249.4796248,85.1115410695516
6673,Designated Heritage Property,545 Ontario St, , , ,V,Old East Heritage Conservation District,LSP3383111,383.19323472,93.2275811002309
6674,Designated Heritage Property,775 Elias St, , , ,V,Old East Heritage Conservation District,LSP3383111,397.4878784,99.2942173638998
6675,Designated Heritage Property,688 Elias St, , , ,V,Old East Heritage Conservation District,LSP3383111,351.43675672,90.0549233806789
6676,Designated Heritage Property,495 Quebec St, , , ,V,Old East Heritage Conservation District,LSP3383111,431.07667504,101.971222116799
6677,Designated Heritage Property,719 Elias St, , , ,V,Old East Heritage Conservation District,LSP3383111,212.80804296,83.0451183081342
6678,Designated Heritage Property,497 Ontario St, , , ,V,Old East Heritage Conservation District,LSP3383111,577.68114832,116.695085557454
6679,Designated Heritage Property,835 Princess Ave, , , ,V,Old East Heritage Conservation District,LSP3383111,403.47409512,100.448663550588
6680,Designated Heritage Property,737 Elias St, , , ,V,Old East Heritage Conservation District,LSP3383111,476.10654944,97.8706406249822
6681,Designated Heritage Property,793 Elias St, , , ,V,Old East Heritage Conservation District,LSP3383111,488.45254848,104.601327704855
6682,Designated Heritage Property,803 Princess Ave, , , ,V,Old East Heritage Conservation District,LSP3383111,315.97987584,96.1674207612615
6683,Designated Heritage Property,776 Elias St, , , ,V,Old East Heritage Conservation District,LSP3383111,1000.69401952,204.536285411042
6684,Designated Heritage Property,658 Elias St, , , ,V,Old East Heritage Conservation District,LSP3383111,462.27207904,112.14402939097
6685,Designated Heritage Property,632 Elizabeth St, , , ,V,Old East Heritage Conservation District,LSP3383111,368.30116024,82.6556289801579
6686,Designated Heritage Property,526 Ontario St, , , ,V,Old East Heritage Conservation District,LSP3383111,503.98162304,97.1137312497881
6687,Designated Heritage Property,704 Elias St, , , ,V,Old East Heritage Conservation District,LSP3383111,457.87425232,111.240591329658
6688,Designated Heritage Property,777 Princess Ave, , , ,V,Old East Heritage Conservation District,LSP3383111,297.16371672,95.4629182611983
6689,Designated Heritage Property,645 Elias St, , , ,V,Old East Heritage Conservation District,LSP3383111,383.8314268,108.496537076825
6690,Designated Heritage Property,546 Ontario St, , , ,V,Old East Heritage Conservation District,LSP3383111,402.10314476,90.37014408293
6691,Designated Heritage Property,801 Princess Ave, , , ,V,Old East Heritage Conservation District,LSP3383111,321.40489752,96.5902821793251
6692,Designated Heritage Property,843 Lorne Ave, , , ,V,Old East Heritage Conservation District,LSP3383111,570.09770848,115.813911684033
6693,Designated Heritage Property,853 Elias St, , , ,V,Old East Heritage Conservation District,LSP3383111,611.49649376,110.783146921948
6694,Designated Heritage Property,548 Ontario St, , , ,V,Old East Heritage Conservation District,LSP3383111,481.94945808,111.723575434034
6695,Designated Heritage Property,771 Princess Ave, , , ,V,Old East Heritage Conservation District,LSP3383111,491.39946256,105.090579165771
6696,Designated Heritage Property,832 Lorne Ave, , , ,V,Old East Heritage Conservation District,LSP3383111,501.2390012,106.639216872148
6697,Designated Heritage Property,699 Elias St, , , ,V,Old East Heritage Conservation District,LSP3383111,308.5043728,83.3888999281959
6698,Designated Heritage Property,789 Elias St, , , ,V,Old East Heritage Conservation District,LSP3383111,431.1086976,105.995937526933
6699,Designated Heritage Property,549 Ontario St, , , ,V,Old East Heritage Conservation District,LSP3383111,384.49783912,107.242882136759
6700,Designated Heritage Property,783 Elias St, , , ,V,Old East Heritage Conservation District,LSP3383111,429.57760584,105.69128145521
6701,Designated Heritage Property,800 Lorne Ave, , , ,V,Old East Heritage Conservation District,LSP3383111,498.0652896,106.116908829108
6702,Designated Heritage Property,832 Elias St, , , ,V,Old East Heritage Conservation District,LSP3383111,537.91448496,120.086862743234
6703,Designated Heritage Property,915 Princess Ave, , , ,V,Old East Heritage Conservation District,LSP3383111,408.5281852,101.121579660775
6704,Designated Heritage Property,796 Elias St, , , ,V,Old East Heritage Conservation District,LSP3383111,835.47422424,165.805973687279
6705,Designated Heritage Property,539 Ontario St, , , ,V,Old East Heritage Conservation District,LSP3383111,115.79981816,46.3104949280693
6706,Designated Heritage Property,941 Dufferin Ave, , , ,V,Old East Heritage Conservation District,LSP3383111,486.786722,112.517278888408
6707,Designated Heritage Property,943 Dufferin Ave, , , ,V,Old East Heritage Conservation District,LSP3383111,458.9681028,111.294720487655
6708,Designated Heritage Property,700 Elias St, , , ,V,Old East Heritage Conservation District,LSP3383111,458.00653056,111.26690609087
6709,Designated Heritage Property,527 Quebec St, , , ,V,Old East Heritage Conservation District,LSP3383111,465.96651968,91.6886527209955
6710,Designated Heritage Property,810 Princess Ave, , , ,V,Old East Heritage Conservation District,LSP3383111,403.93718824,100.267141370259
6711,Designated Heritage Property,631 Elizabeth St, , , ,V,Old East Heritage Conservation District,LSP3383111,269.3662424,78.5994741365523
6712,Designated Heritage Property,772 Elias St, , , ,V,Old East Heritage Conservation District,LSP3383111,192.64424352,61.3123565688258
6713,Designated Heritage Property,729 Elias St, , , ,V,Old East Heritage Conservation District,LSP3383111,357.8802832,91.2102718216341
6714,Designated Heritage Property,775 Princess Ave, , , ,V,Old East Heritage Conservation District,LSP3383111,380.82583688,99.6097876990347
6715,Designated Heritage Property,813 Elias St, , , ,V,Old East Heritage Conservation District,LSP3383111,364.5439768,97.9695041639052
6716,Designated Heritage Property,558 Ontario St, , , ,V,Old East Heritage Conservation District,LSP3383111,251.35699264,73.2527737206309
6717,Designated Heritage Property,782 Elias St, , , ,V,Old East Heritage Conservation District,LSP3383111,959.78024376,203.767670301626
6718,Designated Heritage Property,890 Dufferin Ave, , , ,V,Old East Heritage Conservation District,LSP3383111,923.89555944,131.931618381263
6719,Designated Heritage Property,851 Princess Ave, , , ,V,Old East Heritage Conservation District,LSP3383111,404.4809324,100.499689087687
6720,Designated Heritage Property,945 Lorne Ave, , , ,V,Old East Heritage Conservation District,LSP3383111,638.92036136,119.044095510972
6721,Designated Heritage Property,841 Lorne Ave, , , ,V,Old East Heritage Conservation District,LSP3383111,365.96409144,106.804362548384
6722,Designated Heritage Property,849 Lorne Ave, , , ,V,Old East Heritage Conservation District,LSP3383111,465.37245128,90.4433862934274
6723,Designated Heritage Property,946 Dufferin Ave, , , ,V,Old East Heritage Conservation District,LSP3383111,457.96057928,111.080246327064
6724,Designated Heritage Property,910-912 Lorne Ave, , , ,V,Old East Heritage Conservation District,LSP3383111,655.21097336,126.014088567581
6725,Designated Heritage Property,928 Lorne Ave, , , ,V,Old East Heritage Conservation District,LSP3383111,408.49660128,101.116111681254
6726,Designated Heritage Property,507 Ontario St, , , ,V,Old East Heritage Conservation District,LSP3383111,288.68812272,81.6222929544464
6727,Designated Heritage Property,566 English St, , , ,V,Old East Heritage Conservation District,LSP3383111,279.3938817,76.7921150323813
6728,Designated Heritage Property,644 Elias St, , , ,V,Old East Heritage Conservation District,LSP3383111,841.03807808,128.690688572919
6729,Designated Heritage Property,724 Princess Ave, , , ,V,Old East Heritage Conservation District,LSP3383111,358.49474032,91.2440964165728
6730,Designated Heritage Property,802 Elias St, , , ,V,Old East Heritage Conservation District,LSP3383111,668.73055312,143.955247310406
6731,Designated Heritage Property,817 Princess Ave, , , ,V,Old East Heritage Conservation District,LSP3383111,403.71829072,100.460052786968
6732,Designated Heritage Property,838 Lorne Ave, , , ,V,Old East Heritage Conservation District,LSP3383111,413.41084048,102.388098926494
6733,Designated Heritage Property,818 Elias St, , , ,V,Old East Heritage Conservation District,LSP3383111,513.40835968,113.546961232209
6734,Designated Heritage Property,840 Princess Ave, , , ,V,Old East Heritage Conservation District,LSP3383111,461.70930392,103.321411045605
6735,Designated Heritage Property,739 Elias St, , , ,V,Old East Heritage Conservation District,LSP3383111,428.86985544,95.2194099178471
6736,Designated Heritage Property,886 Lorne Ave, , , ,V,Old East Heritage Conservation District,LSP3383111,202.28424832,62.5688985259981
6737,Designated Heritage Property,862 Princess Ave, , , ,V,Old East Heritage Conservation District,LSP3383111,212.39078112,68.7308725509053
6738,Designated Heritage Property,929 Princess Ave, , , ,V,Old East Heritage Conservation District,LSP3383111,656.47352288,113.380605908036
6739,Designated Heritage Property,575 English St, , , ,V,Old East Heritage Conservation District,LSP3383111,201.02942048,59.5729842394846
6740,Designated Heritage Property,769 Elias St, , , ,V,Old East Heritage Conservation District,LSP3383111,507.97707352,103.856759273358
6741,Designated Heritage Property,706 Princess Ave, , , ,V,Old East Heritage Conservation District,LSP3383111,358.47540456,91.2421870852735
6742,Designated Heritage Property,910 Dufferin Ave, , , ,V,Old East Heritage Conservation District,LSP3383111,445.33166982,110.680258765491
6743,Designated Heritage Property,892 Princess Ave, , , ,V,Old East Heritage Conservation District,LSP3383111,353.15083168,82.312093819725
6744,Designated Heritage Property,553 Ontario St, , , ,V,Old East Heritage Conservation District,LSP3383111,617.93947504,117.601435481415
6745,Designated Heritage Property,844 Princess Ave, , , ,V,Old East Heritage Conservation District,LSP3383111,498.32563568,105.133557576128
6746,Designated Heritage Property,918 Princess Ave, , , ,V,Old East Heritage Conservation District,LSP3383111,406.47730572,100.879612621931
6747,Designated Heritage Property,622 Elizabeth St, , , ,V,Old East Heritage Conservation District,LSP3383111,391.57299454,99.9126278129574
6748,Designated Heritage Property,928 Dufferin Ave, , , ,V,Old East Heritage Conservation District,LSP3383111,458.66744264,111.15488450655
6749,Designated Heritage Property,908 Dufferin Ave, , , ,V,Old East Heritage Conservation District,LSP3383111,418.20471754,109.542768554302
6750,Designated Heritage Property,742 Elias St, , , ,V,Old East Heritage Conservation District,LSP3383111,425.75343608,102.008725733232
6751,Designated Heritage Property,540 English St, , , ,V,Old East Heritage Conservation District,LSP3383111,316.99865016,87.6560204200691
6752,Designated Heritage Property,814 Lorne Ave, , , ,V,Old East Heritage Conservation District,LSP3383111,288.36803912,96.2354295821372
6753,Designated Heritage Property,921 Lorne Ave, , , ,V,Old East Heritage Conservation District,LSP3383111,441.63561856,110.419309132366
6754,Designated Heritage Property,732 Princess Ave, , , ,V,Old East Heritage Conservation District,LSP3383111,369.37113168,91.8578071458314
6755,Designated Heritage Property,530 Ontario St, , , ,V,Old East Heritage Conservation District,LSP3383111,338.85636128,87.2560111308309
6756,Designated Heritage Property,951 Lorne Ave, , , ,V,Old East Heritage Conservation District,LSP3383111,212.18782194,63.2568104210519
6757,Designated Heritage Property,743 Princess Ave, , , ,V,Old East Heritage Conservation District,LSP3383111,825.54330124,122.242446413261
6758,Designated Heritage Property,812 Lorne Ave, , , ,V,Old East Heritage Conservation District,LSP3383111,522.38876488,107.613688187586
6759,Designated Heritage Property,800 Princess Ave, , , ,V,Old East Heritage Conservation District,LSP3383111,370.86281906,93.9872392279873
6760,Designated Heritage Property,704 Princess Ave, , , ,V,Old East Heritage Conservation District,LSP3383111,358.23405312,91.2270986835842
6761,Designated Heritage Property,829 Elias St, , , ,V,Old East Heritage Conservation District,LSP3383111,365.09939856,98.2285911248261
6762,Designated Heritage Property,820 Elias St, , , ,V,Old East Heritage Conservation District,LSP3383111,479.82109656,112.102273361567
6763,Designated Heritage Property,897 Princess Ave, , , ,V,Old East Heritage Conservation District,LSP3383111,407.73201888,101.085625232857
6764,Designated Heritage Property,913 Lorne Ave, , , ,V,Old East Heritage Conservation District,LSP3383111,458.94884256,111.191483791405
6765,Designated Heritage Property,840 Lorne Ave, , , ,V,Old East Heritage Conservation District,LSP3383111,401.21662064,101.802749943596
6766,Designated Heritage Property,529 Ontario St, , , ,V,Old East Heritage Conservation District,LSP3383111,306.16474832,81.0360044128023
6767,Designated Heritage Property,745 Elias St, , , ,V,Old East Heritage Conservation District,LSP3383111,238.00829588,61.732893459179
6768,Designated Heritage Property,846 Princess Ave, , , ,V,Old East Heritage Conservation District,LSP3383111,489.02460128,104.657858341914
6769,Designated Heritage Property,782 Princess Ave, , , ,V,Old East Heritage Conservation District,LSP3383111,370.63845832,93.9447343150672
6770,Designated Heritage Property,949 Lorne Ave, , , ,V,Old East Heritage Conservation District,LSP3383111,497.4279212,123.213824742137
6771,Designated Heritage Property,804 Princess Ave, , , ,V,Old East Heritage Conservation District,LSP3383111,398.50037656,99.6411258636873
6772,Designated Heritage Property,568 English St, , , ,V,Old East Heritage Conservation District,LSP3383111,535.96272904,126.424903933874
6773,Designated Heritage Property,793 Princess Ave, , , ,V,Old East Heritage Conservation District,LSP3383111,380.796856,99.6054758968316
6774,Designated Heritage Property,525 Quebec St, , , ,V,Old East Heritage Conservation District,LSP3383111,698.68898864,122.287209824358
6775,Designated Heritage Property,633 Elias St, , , ,V,Old East Heritage Conservation District,LSP3383111,383.305876,108.36046064664
6776,Designated Heritage Property,856 Lorne Ave, , , ,V,Old East Heritage Conservation District,LSP3383111,246.63719152,78.1132416573912
6777,Designated Heritage Property,823 Elias St, , , ,V,Old East Heritage Conservation District,LSP3383111,364.63392904,98.1266140080333
6778,Designated Heritage Property,659 Elias St, , , ,V,Old East Heritage Conservation District,LSP3383111,769.39158336,125.434896992432
6779,Designated Heritage Property,805 Princess Ave, , , ,V,Old East Heritage Conservation District,LSP3383111,444.26270192,102.479059625941
6780,Designated Heritage Property,692 Elias St, , , ,V,Old East Heritage Conservation District,LSP3383111,351.27980928,90.0252770381789
6781,Designated Heritage Property,712 Princess Ave, , , ,V,Old East Heritage Conservation District,LSP3383111,358.49123016,91.2455631575906
6782,Designated Heritage Property,783 Princess Ave, , , ,V,Old East Heritage Conservation District,LSP3383111,393.09192288,100.215973172245
6783,Designated Heritage Property,550 Ontario St, , , ,V,Old East Heritage Conservation District,LSP3383111,481.943798,111.723330907492
6784,Designated Heritage Property,852 Princess Ave, , , ,V,Old East Heritage Conservation District,LSP3383111,403.45071872,100.396957443376
6785,Designated Heritage Property,791 Elias St, , , ,V,Old East Heritage Conservation District,LSP3383111,431.12175768,105.996681958323
6786,Designated Heritage Property,554 Ontario St, , , ,V,Old East Heritage Conservation District,LSP3383111,363.2965688,84.863309644229
6787,Designated Heritage Property,637 Elias St, , , ,V,Old East Heritage Conservation District,LSP3383111,403.77276704,109.310021148944
6788,Designated Heritage Property,691 Elias St, , , ,V,Old East Heritage Conservation District,LSP3383111,187.03601444,60.936364061079
6789,Designated Heritage Property,936 Lorne Ave, , , ,V,Old East Heritage Conservation District,LSP3383111,408.45415208,101.109499549598
6790,Designated Heritage Property,735 Princess Ave, , , ,V,Old East Heritage Conservation District,LSP3383111,418.60474488,102.239476759746
6791,Designated Heritage Property,830 Princess Ave, , , ,V,Old East Heritage Conservation District,LSP3383111,489.4429384,104.726686119457
6792,Designated Heritage Property,556 Ontario St, , , ,V,Old East Heritage Conservation District,LSP3383111,307.21547872,97.6640966862797
6793,Designated Heritage Property,916 Dufferin Ave, , , ,V,Old East Heritage Conservation District,LSP3383111,457.8592818,111.143869401048
6794,Designated Heritage Property,858 Princess Ave, , , ,V,Old East Heritage Conservation District,LSP3383111,345.77479128,90.0137612469814
6795,Designated Heritage Property,937 Dufferin Ave, , , ,V,Old East Heritage Conservation District,LSP3383111,462.36639144,111.966816877903
6796,Designated Heritage Property,682 Princess Ave, , , ,V,Old East Heritage Conservation District,LSP3383111,358.3845032,91.2298081630918
6797,Designated Heritage Property,950 Lorne Ave, , , ,V,Old East Heritage Conservation District,LSP3383111,153.79250832,50.6541092171609
6798,Designated Heritage Property,555 Ontario St, , , ,V,Old East Heritage Conservation District,LSP3383111,672.62335888,120.027961455331
6799,Designated Heritage Property,937 Princess Ave, , , ,V,Old East Heritage Conservation District,LSP3383111,544.67181992,107.845067984546
6800,Designated Heritage Property,492 Ontario St, , , ,V,Old East Heritage Conservation District,LSP3383111,244.57582576,64.6083961663304
6801,Designated Heritage Property,628 Elizabeth St, , , ,V,Old East Heritage Conservation District,LSP3383111,379.31654984,98.3295008730843
6802,Designated Heritage Property,824 Lorne Ave, , , ,V,Old East Heritage Conservation District,LSP3383111,413.3133308,102.331263819776
6803,Designated Heritage Property,841 Elias St, , , ,V,Old East Heritage Conservation District,LSP3383111,402.88099768,100.282270818127
6804,Designated Heritage Property,547 Ontario St, , , ,V,Old East Heritage Conservation District,LSP3383111,384.4947876,107.242374307364
6805,Designated Heritage Property,711 Princess Ave, , , ,V,Old East Heritage Conservation District,LSP3383111,814.37493936,121.372504732177
6806,Designated Heritage Property,564 English St, , , ,V,Old East Heritage Conservation District,LSP3383111,723.0580161,133.444340395152
6807,Designated Heritage Property,765 Princess Ave, , , ,V,Old East Heritage Conservation District,LSP3383111,287.17580808,71.532780120287
6808,Designated Heritage Property,556 English St, , , ,V,Old East Heritage Conservation District,LSP3383111,400.98938878,105.993500118141
6809,Designated Heritage Property,713 Elias St, , , ,V,Old East Heritage Conservation District,LSP3383111,358.49908296,91.247999321554
6810,Designated Heritage Property,895 Princess Ave, , , ,V,Old East Heritage Conservation District,LSP3383111,583.6093324,109.092985157982
6811,Designated Heritage Property,768 Princess Ave, , , ,V,Old East Heritage Conservation District,LSP3383111,340.29453968,98.514888456605
6812,Designated Heritage Property,781 Elias St, , , ,V,Old East Heritage Conservation District,LSP3383111,429.58735336,105.691788822628
6813,Designated Heritage Property,814 Princess Ave, , , ,V,Old East Heritage Conservation District,LSP3383111,355.16247384,98.0946988490551
6814,Designated Heritage Property,811 Princess Ave, , , ,V,Old East Heritage Conservation District,LSP3383111,442.6983112,102.400582204846
6815,Designated Heritage Property,812 Princess Ave, , , ,V,Old East Heritage Conservation District,LSP3383111,452.59429648,102.862614506112
6816,Designated Heritage Property,680 Princess Ave, , , ,V,Old East Heritage Conservation District,LSP3383111,358.35357584,91.2262400863124
6817,Designated Heritage Property,931 Princess Ave, , , ,V,Old East Heritage Conservation District,LSP3383111,495.17687016,105.401682417711
6818,Designated Heritage Property,892 Lorne Ave, , , ,V,Old East Heritage Conservation District,LSP3383111,389.7713086,86.3924704003805
6819,Designated Heritage Property,635 Elias St, , , ,V,Old East Heritage Conservation District,LSP3383111,363.29298304,107.514373212649
6820,Designated Heritage Property,847 Princess Ave, , , ,V,Old East Heritage Conservation District,LSP3383111,403.47839496,100.448554973313
6821,Designated Heritage Property,941 Lorne Ave, , , ,V,Old East Heritage Conservation District,LSP3383111,458.83856488,111.126828098991
6822,Designated Heritage Property,737 Princess Ave, , , ,V,Old East Heritage Conservation District,LSP3383111,406.43159792,101.69111813196
6823,Designated Heritage Property,501 Quebec St, , , ,V,Old East Heritage Conservation District,LSP3383111,209.4831036,61.4564121761048
6824,Designated Heritage Property,822 Elias St, , , ,V,Old East Heritage Conservation District,LSP3383111,498.88115112,112.991368703726
6825,Designated Heritage Property,896 Princess Ave, , , ,V,Old East Heritage Conservation District,LSP3383111,383.32841436,115.831356926977
6826,Designated Heritage Property,857 Princess Ave, , , ,V,Old East Heritage Conservation District,LSP3383111,210.12491512,66.9795784679147
6827,Designated Heritage Property,712 Elias St, , , ,V,Old East Heritage Conservation District,LSP3383111,457.62635584,111.189973951401
6828,Designated Heritage Property,491 Quebec St, , , ,V,Old East Heritage Conservation District,LSP3383111,560.62955776,97.8259498224329
6829,Designated Heritage Property,773 Princess Ave, , , ,V,Old East Heritage Conservation District,LSP3383111,405.39726704,100.827922362386
6830,Designated Heritage Property,738 Elias St, , , ,V,Old East Heritage Conservation District,LSP3383111,458.31145544,111.329426111095
6831,Designated Heritage Property,773 Elias St, , , ,V,Old East Heritage Conservation District,LSP3383111,397.4891612,99.2942173644683
6832,Designated Heritage Property,836 Lorne Ave, , , ,V,Old East Heritage Conservation District,LSP3383111,413.63416864,102.391379796872
6833,Designated Heritage Property,822 Princess Ave, , , ,V,Old East Heritage Conservation District,LSP3383111,489.54851744,104.743637137956
6834,Designated Heritage Property,926 Dufferin Ave, , , ,V,Old East Heritage Conservation District,LSP3383111,431.55805048,111.046294680995
6835,Designated Heritage Property,574 English St, , , ,V,Old East Heritage Conservation District,LSP3383111,325.0220952,87.7501134239303
6836,Designated Heritage Property,770 Princess Ave, , , ,V,Old East Heritage Conservation District,LSP3383111,403.44620864,100.480690989847
6837,Designated Heritage Property,531 Quebec St, , , ,V,Old East Heritage Conservation District,LSP3383111,301.71850952,84.1553480114809
6838,Designated Heritage Property,748 Princess Ave, , , ,V,Old East Heritage Conservation District,LSP3383111,333.89545472,86.3714105459893
6839,Designated Heritage Property,768 Elias St, , , ,V,Old East Heritage Conservation District,LSP3383111,225.16392014,67.2224592230301
6840,Designated Heritage Property,514 Ontario St, , , ,V,Old East Heritage Conservation District,LSP3383111,230.08398588,79.1937524837351
6841,Designated Heritage Property,815 Princess Ave, , , ,V,Old East Heritage Conservation District,LSP3383111,403.2157792,100.434718953557
6842,Designated Heritage Property,778 Elias St, , , ,V,Old East Heritage Conservation District,LSP3383111,1000.97131712,204.584823318641
6843,Designated Heritage Property,557 English St, , , ,V,Old East Heritage Conservation District,LSP3383111,163.3230168,51.9255324207622
6844,Designated Heritage Property,515 Quebec St, , , ,V,Old East Heritage Conservation District,LSP3383111,472.46109032,98.1000001620995
6845,Designated Heritage Property,654 Elias St, , , ,V,Old East Heritage Conservation District,LSP3383111,700.37088508,122.521195970744
6846,Designated Heritage Property,811 Elias St, , , ,V,Old East Heritage Conservation District,LSP3383111,364.32871456,98.0687120838301
6847,Designated Heritage Property,839 Princess Ave, , , ,V,Old East Heritage Conservation District,LSP3383111,403.74359616,100.462103365255
6848,Designated Heritage Property,889 Lorne Ave, , , ,V,Old East Heritage Conservation District,LSP3383111,335.92263352,88.2031368562143
6849,Designated Heritage Property,505 Ontario St, , , ,V,Old East Heritage Conservation District,LSP3383111,318.68142096,83.5226268987314
6850,Designated Heritage Property,779 Princess Ave, , , ,V,Old East Heritage Conservation District,LSP3383111,343.98028024,97.7826935064118
6851,Designated Heritage Property,571 English St, , , ,V,Old East Heritage Conservation District,LSP3383111,201.02942048,59.5729842394846
6852,Designated Heritage Property,736 Elias St, , , ,V,Old East Heritage Conservation District,LSP3383111,458.1673264,111.300810246532
6853,Designated Heritage Property,819 Princess Ave, , , ,V,Old East Heritage Conservation District,LSP3383111,403.4771784,100.44814816144
6854,Designated Heritage Property,816 Lorne Ave, , , ,V,Old East Heritage Conservation District,LSP3383111,401.24746448,101.736515569653
6855,Designated Heritage Property,660 Elias St, , , ,V,Old East Heritage Conservation District,LSP3383111,377.928068,108.454758883005
6856,Designated Heritage Property,894 Princess Ave, , , ,V,Old East Heritage Conservation District,LSP3383111,383.3298663,115.831296256465
6857,Designated Heritage Property,924 Lorne Ave, , , ,V,Old East Heritage Conservation District,LSP3383111,408.2605532,101.105714519746
6858,Designated Heritage Property,727 Princess Ave, , , ,V,Old East Heritage Conservation District,LSP3383111,411.4064016,101.74386321147
6859,Designated Heritage Property,724 Elias St, , , ,V,Old East Heritage Conservation District,LSP3383111,457.6046132,111.188217762866
6860,Designated Heritage Property,569 English St, , , ,V,Old East Heritage Conservation District,LSP3383111,241.29948008,66.0827915223095
6861,Designated Heritage Property,588 Elizabeth St, , , ,V,Old East Heritage Conservation District,LSP3383111,191.87125098,56.9424525023974
6862,Designated Heritage Property,851 Elias St, , , ,V,Old East Heritage Conservation District,LSP3383111,403.45534656,100.398301263719
6863,Designated Heritage Property,534 English St, , , ,V,Old East Heritage Conservation District,LSP3383111,234.24431024,69.4517026419893
6864,Designated Heritage Property,933 Lorne Ave, , , ,V,Old East Heritage Conservation District,LSP3383111,458.99960456,111.154735848408
6865,Designated Heritage Property,831 Elias St, , , ,V,Old East Heritage Conservation District,LSP3383111,365.32197376,98.2794928768889
6866,Designated Heritage Property,630 Elias St, , , ,V,Old East Heritage Conservation District,LSP3383111,505.56438414,116.435539532277
6867,Designated Heritage Property,908 Princess Ave, , , ,V,Old East Heritage Conservation District,LSP3383111,369.10059154,98.9503284040059
6868,Designated Heritage Property,732 Elias St, , , ,V,Old East Heritage Conservation District,LSP3383111,457.88667832,111.244399478568
6869,Designated Heritage Property,927 Princess Ave, , , ,V,Old East Heritage Conservation District,LSP3383111,482.83244628,104.795263853861
6870,Designated Heritage Property,627 Elizabeth St, , , ,V,Old East Heritage Conservation District,LSP3383111,371.54202896,85.3139825035105
6871,Designated Heritage Property,714 Elias St, , , ,V,Old East Heritage Conservation District,LSP3383111,457.49540736,111.164699919872
6872,Designated Heritage Property,845 Lorne Ave, , , ,V,Old East Heritage Conservation District,LSP3383111,560.90851984,113.351499670275
6873,Designated Heritage Property,711 Elias St, , , ,V,Old East Heritage Conservation District,LSP3383111,358.55331552,91.2490762783048
6874,Designated Heritage Property,906 Lorne Ave, , , ,V,Old East Heritage Conservation District,LSP3383111,623.90707088,119.367767815047
6875,Designated Heritage Property,934 Dufferin Ave, , , ,V,Old East Heritage Conservation District,LSP3383111,458.5799664,111.136479880314
6876,Designated Heritage Property,632 Elias St, , , ,V,Old East Heritage Conservation District,LSP3383111,829.33717466,132.519353805831
6877,Designated Heritage Property,848 Princess Ave, , , ,V,Old East Heritage Conservation District,LSP3383111,488.92235312,104.640676524681
6878,Designated Heritage Property,960 Dufferin Ave, , , ,V,Old East Heritage Conservation District,LSP3383111,203.322272,61.1640077631731
6879,Designated Heritage Property,714 Princess Ave, , , ,V,Old East Heritage Conservation District,LSP3383111,358.44293824,91.2447225208029
6880,Designated Heritage Property,944 Dufferin Ave, , , ,V,Old East Heritage Conservation District,LSP3383111,458.4200852,111.108340838491
6881,Designated Heritage Property,912 Dufferin Ave, , , ,V,Old East Heritage Conservation District,LSP3383111,473.18938396,111.848370018165
6882,Designated Heritage Property,708 Elias St, , , ,V,Old East Heritage Conservation District,LSP3383111,457.74092912,111.214505099181
6883,Designated Heritage Property,570 English St, , , ,V,Old East Heritage Conservation District,LSP3383111,347.40737772,89.0512789139422
6884,Designated Heritage Property,935 Princess Ave, , , ,V,Old East Heritage Conservation District,LSP3383111,544.930292,107.859252525898
6885,Designated Heritage Property,647 Elias St, , , ,V,Old East Heritage Conservation District,LSP3383111,768.22484064,125.295812906731
6886,Designated Heritage Property,834 Lorne Ave, , , ,V,Old East Heritage Conservation District,LSP3383111,325.59093792,98.1021912140139
6887,Designated Heritage Property,916 Princess Ave, , , ,V,Old East Heritage Conservation District,LSP3383111,406.4615035,100.863172176373
6888,Designated Heritage Property,786 Elias St, , , ,V,Old East Heritage Conservation District,LSP3383111,1001.74477872,204.72782333006
6889,Designated Heritage Property,719 Princess Ave, , , ,V,Old East Heritage Conservation District,LSP3383111,413.2083524,101.689132076851
6890,Designated Heritage Property,954 Dufferin Ave, , , ,V,Old East Heritage Conservation District,LSP3383111,381.73971448,97.8285546785953
6891,Designated Heritage Property,532 Ontario St, , , ,V,Old East Heritage Conservation District,LSP3383111,338.85080336,87.255780309175
6892,Designated Heritage Property,762 Princess Ave, , , ,V,Old East Heritage Conservation District,LSP3383111,250.82849912,73.239706886829
6893,Designated Heritage Property,810 Lorne Ave, , , ,V,Old East Heritage Conservation District,LSP3383111,564.1886936,109.5314255232
6894,Designated Heritage Property,920 Lorne Ave, , , ,V,Old East Heritage Conservation District,LSP3383111,408.50382992,101.118880063803
6895,Designated Heritage Property,804 Lorne Ave, , , ,V,Old East Heritage Conservation District,LSP3383111,450.26456136,103.786728480707
6896,Designated Heritage Property,623 Elizabeth St, , , ,V,Old East Heritage Conservation District,LSP3383111,411.04592288,91.5449745619588
6897,Designated Heritage Property,542 English St, , , ,V,Old East Heritage Conservation District,LSP3383111,437.65784116,94.6166081642069
6898,Designated Heritage Property,707 Elias St, , , ,V,Old East Heritage Conservation District,LSP3383111,358.544316,91.2472999996025
6899,Designated Heritage Property,905 Princess Ave, , , ,V,Old East Heritage Conservation District,LSP3383111,312.99068216,82.2665974839505
6900,Designated Heritage Property,923 Lorne Ave, , , ,V,Old East Heritage Conservation District,LSP3383111,443.1013812,110.478246952298
6901,Designated Heritage Property,726 Princess Ave, , , ,V,Old East Heritage Conservation District,LSP3383111,401.33884136,93.6573708931542
6902,Designated Heritage Property,893 Princess Ave, , , ,V,Old East Heritage Conservation District,LSP3383111,440.40961112,95.527178559393
6903,Designated Heritage Property,729 Princess Ave, , , ,V,Old East Heritage Conservation District,LSP3383111,411.72433248,101.806880037467
6904,Designated Heritage Property,533 Ontario St, , , ,V,Old East Heritage Conservation District,LSP3383111,305.20302864,80.9438620972601
6905,Designated Heritage Property,789 Princess Ave, , , ,V,Old East Heritage Conservation District,LSP3383111,380.80934832,99.6065057393168
6906,Designated Heritage Property,769 Princess Ave, , , ,V,Old East Heritage Conservation District,LSP3383111,405.40100216,100.829467794172
6907,Designated Heritage Property,828 Lorne Ave, , , ,V,Old East Heritage Conservation District,LSP3383111,313.19141104,97.4726848389341
6908,Designated Heritage Property,939 Dufferin Ave, , , ,V,Old East Heritage Conservation District,LSP3383111,546.0340376,115.607309053536
6909,Designated Heritage Property,734 Elias St, , , ,V,Old East Heritage Conservation District,LSP3383111,458.02792448,111.272491114529
6910,Designated Heritage Property,546 English St, , , ,V,Old East Heritage Conservation District,LSP3383111,528.31160682,99.8463491316311
6911,Designated Heritage Property,497 Quebec St, , , ,V,Old East Heritage Conservation District,LSP3383111,430.9178748,101.942854938576
6912,Designated Heritage Property,795 Elias St, , , ,V,Old East Heritage Conservation District,LSP3383111,487.04507256,104.367275107984
6913,Designated Heritage Property,914 Princess Ave, , , ,V,Old East Heritage Conservation District,LSP3383111,406.23777038,100.836077095118
6914,Designated Heritage Property,941 Princess Ave, , , ,V,Old East Heritage Conservation District,LSP3383111,525.00596808,103.258329034463
6915,Designated Heritage Property,576 English St, , , ,V,Old East Heritage Conservation District,LSP3383111,323.9055667,87.6853207176242
6916,Designated Heritage Property,818 Princess Ave, , , ,V,Old East Heritage Conservation District,LSP3383111,355.04642848,98.0686149704446
6917,Designated Heritage Property,952 Dufferin Ave, , , ,V,Old East Heritage Conservation District,LSP3383111,458.15278208,111.080652104476
6918,Designated Heritage Property,736 Princess Ave, , , ,V,Old East Heritage Conservation District,LSP3383111,334.0850708,89.8725000848893
6919,Designated Heritage Property,816 Princess Ave, , , ,V,Old East Heritage Conservation District,LSP3383111,391.83695672,99.9093695681554
6920,Designated Heritage Property,780 Elias St, , , ,V,Old East Heritage Conservation District,LSP3383111,1042.95877288,205.547512195993
6921,Designated Heritage Property,800 Elias St, , , ,V,Old East Heritage Conservation District,LSP3383111,668.5295268,143.922606631614
6922,Designated Heritage Property,718 Elias St, , , ,V,Old East Heritage Conservation District,LSP3383111,457.38207344,111.148781946139
6923,Designated Heritage Property,533 English St, , , ,V,Old East Heritage Conservation District,LSP3383111,457.82592432,103.369265424543
6924,Designated Heritage Property,785 Princess Ave, , , ,V,Old East Heritage Conservation District,LSP3383111,380.81468244,99.6070276732008
6925,Designated Heritage Property,808 Lorne Ave, , , ,V,Old East Heritage Conservation District,LSP3383111,433.6585076,103.006381989051
6926,Designated Heritage Property,538 English St, , , ,V,Old East Heritage Conservation District,LSP3383111,233.56504216,69.3998021804114
6927,Designated Heritage Property,882 Lorne Ave, , , ,V,Old East Heritage Conservation District,LSP3383111,243.7039744,66.2998942818492
6928,Designated Heritage Property,843 Elias St, , , ,V,Old East Heritage Conservation District,LSP3383111,403.14211696,100.337416581761
6929,Designated Heritage Property,697 Elias St, , , ,V,Old East Heritage Conservation District,LSP3383111,321.4569572,85.3655870142179
6930,Designated Heritage Property,900 Dufferin Ave, , , ,V,Old East Heritage Conservation District,LSP3383111,460.53659494,111.515079512714
6931,Designated Heritage Property,817 Elias St, , , ,V,Old East Heritage Conservation District,LSP3383111,363.74941544,97.9350829021085
6932,Designated Heritage Property,927 Lorne Ave, , , ,V,Old East Heritage Conservation District,LSP3383111,477.832454,111.998384614755
6933,Designated Heritage Property,465 Quebec St, , , ,V,Old East Heritage Conservation District,LSP3383111,1175.956116,142.776465837885
6934,Designated Heritage Property,536 English St, , , ,V,Old East Heritage Conservation District,LSP3383111,233.57420926,69.4005551814814
6935,Designated Heritage Property,845 Princess Ave, , , ,V,Old East Heritage Conservation District,LSP3383111,403.7429468,100.461700776077
6936,Designated Heritage Property,562 English St, , , ,V,Old East Heritage Conservation District,LSP3383111,494.54916304,110.260162562487
6937,Designated Heritage Property,920 Princess Ave, , , ,V,Old East Heritage Conservation District,LSP3383111,406.64298678,100.903442275731
6938,Designated Heritage Property,499 Quebec St, , , ,V,Old East Heritage Conservation District,LSP3383111,335.501742,97.1768442326353
6939,Designated Heritage Property,513 Quebec St, , , ,V,Old East Heritage Conservation District,LSP3383111,239.254156,66.9758905768262
6940,Designated Heritage Property,772 Princess Ave, , , ,V,Old East Heritage Conservation District,LSP3383111,403.64955592,100.521943347124
6941,Designated Heritage Property,898 Princess Ave, , , ,V,Old East Heritage Conservation District,LSP3383111,541.18632992,107.474603337926
6942,Designated Heritage Property,939 Lorne Ave, , , ,V,Old East Heritage Conservation District,LSP3383111,458.89593,111.136278128901
6943,Designated Heritage Property,740 Elias St, , , ,V,Old East Heritage Conservation District,LSP3383111,425.15086328,102.000443766135
6944,Designated Heritage Property,587 Elizabeth St, , , ,V,Old East Heritage Conservation District,LSP3383111,159.29676842,52.5261491477827
6945,Designated Heritage Property,842 Lorne Ave, , , ,V,Old East Heritage Conservation District,LSP3383111,388.13490536,103.017100147722
6946,Designated Heritage Property,939 Princess Ave, , , ,V,Old East Heritage Conservation District,LSP3383111,569.33717008,111.622724919658
6947,Designated Heritage Property,830 Elias St, , , ,V,Old East Heritage Conservation District,LSP3383111,531.372556,119.789437605766
6948,Designated Heritage Property,853 Princess Ave, , , ,V,Old East Heritage Conservation District,LSP3383111,551.6420256,131.8489068318
6949,Designated Heritage Property,744 Princess Ave, , , ,V,Old East Heritage Conservation District,LSP3383111,358.55137712,91.2674026786354
6950,Designated Heritage Property,700 Princess Ave, , , ,V,Old East Heritage Conservation District,LSP3383111,717.12704736,111.442719830285
6951,Designated Heritage Property,686 Elias St, , , ,V,Old East Heritage Conservation District,LSP3383111,351.58204776,90.0842671606496
6952,Designated Heritage Property,839 Elias St, , , ,V,Old East Heritage Conservation District,LSP3383111,402.591086,100.225851368745
6953,Designated Heritage Property,720 Princess Ave, , , ,V,Old East Heritage Conservation District,LSP3383111,304.15750048,88.191218111172
6954,Designated Heritage Property,933 Princess Ave, , , ,V,Old East Heritage Conservation District,LSP3383111,544.70238752,107.84988933511
6955,Designated Heritage Property,827 Elias St, , , ,V,Old East Heritage Conservation District,LSP3383111,364.84364072,98.1764849980128
6956,Designated Heritage Property,543 Ontario St, , , ,V,Old East Heritage Conservation District,LSP3383111,258.86526254,74.9483547620244
6957,Designated Heritage Property,726 Elias St, , , ,V,Old East Heritage Conservation District,LSP3383111,457.74967296,111.216833116365
6958,Designated Heritage Property,937 Lorne Ave, , , ,V,Old East Heritage Conservation District,LSP3383111,458.93615248,111.144986981667
6959,Designated Heritage Property,500 Ontario St, , , ,V,Old East Heritage Conservation District,LSP3383111,168.01382424,57.3949439425307
6960,Designated Heritage Property,555 English St, , , ,V,Old East Heritage Conservation District,LSP3383111,164.70893616,53.7602790404684
6961,Designated Heritage Property,849 Princess Ave, , , ,V,Old East Heritage Conservation District,LSP3383111,402.74138216,100.413233277789
6962,Designated Heritage Property,940 Dufferin Ave, , , ,V,Old East Heritage Conservation District,LSP3383111,458.47629192,111.118021956678
6963,Designated Heritage Property,821 Elias St, , , ,V,Old East Heritage Conservation District,LSP3383111,516.14262136,105.677025730834
6964,Designated Heritage Property,912 Princess Ave, , , ,V,Old East Heritage Conservation District,LSP3383111,356.9606784,98.3768396847835
6965,Designated Heritage Property,788 Elias St, , , ,V,Old East Heritage Conservation District,LSP3383111,1002.03169824,204.775901750986
6966,Designated Heritage Property,721 Princess Ave, , , ,V,Old East Heritage Conservation District,LSP3383111,413.5479012,101.753645543164
6967,Designated Heritage Property,910 Princess Ave, , , ,V,Old East Heritage Conservation District,LSP3383111,356.87953038,98.358363078821
6968,Designated Heritage Property,530 English St, , , ,V,Old East Heritage Conservation District,LSP3383111,175.33305456,65.4606360981319
6969,Designated Heritage Property,916-916B Lorne Ave, , , ,V,Old East Heritage Conservation District,LSP3383111,816.82339064,121.312886674091
6970,Designated Heritage Property,929-931 Lorne Ave, , , ,V,Old East Heritage Conservation District,LSP3383111,473.20781632,111.787118881129
6971,Designated Heritage Property,812/ Lorne Ave, , , ,V,Old East Heritage Conservation District,LSP3383111,522.47043744,107.626602938283
6972,Designated Heritage Property,896 Lorne Ave, , , ,V,Old East Heritage Conservation District,LSP3383111,463.97678894,91.2816021505961
6973,Designated Heritage Property,633 Central Ave, , , ,V,Old East Heritage Conservation District,LSP3383111,366.87649408,111.669527819728
6974,Designated Heritage Property,631 Central Ave, , , ,V,Old East Heritage Conservation District,LSP3383111,763.1365668,128.112274891218
6975,Designated Heritage Property,629 Central Ave, , , ,V,Old East Heritage Conservation District,LSP3383111,704.43276688,125.67638301201
6976,Designated Heritage Property,639 Central Ave, , , ,V,Old East Heritage Conservation District,LSP3383111,366.89537144,111.670271595667
6977,Designated Heritage Property,635 Central Ave, , , ,V,Old East Heritage Conservation District,LSP3383111,366.90152704,111.670566212939
6978,Designated Heritage Property,649 Central Ave, , , ,V,Old East Heritage Conservation District,LSP3383111,366.89499696,111.670271591713
6979,Designated Heritage Property,637 Central Ave, , , ,V,Old East Heritage Conservation District,LSP3383111,366.90152704,111.670566212939
6980,Designated Heritage Property,651 Central Ave, , , ,V,Old East Heritage Conservation District,LSP3383111,366.87735856,111.669527820771
6981,Designated Heritage Property,653 Central Ave, , , ,V,Old East Heritage Conservation District,LSP3383111,733.77931976,126.894104366595
6982,Designated Heritage Property,657 Central Ave, , , ,V,Old East Heritage Conservation District,LSP3383111,587.01878096,120.804304649877
6983,Designated Heritage Property,932/ Lorne Ave, , , ,V,Old East Heritage Conservation District,LSP3383111,408.48207936,101.113290138143
6984,Designated Heritage Property,852 Lorne Ave,1903c, ,Late Victorian,V,Old East Heritage Conservation District,LSP3383111,249.6982048,78.2976695157095
6985,Listed Heritage Property,273 Oxford St E,1881, ,Ontario Cottage/Craftsman, , , ,805.97148312,131.208012801112
6986,Designated Heritage Property,Easement, , , ,V,Old East Heritage Conservation District,LSP3383111,66.42937344,49.7420846124895
6987,Designated Heritage Property,Easement, , , ,V,Old East Heritage Conservation District,LSP3383111,249.6837073,190.852153312523
6988,Designated Heritage Property,Easement, , , ,V,Old East Heritage Conservation District,LSP3383111,95.85522608,55.8015849845365
6989,Designated Heritage Property,929 Dufferin Ave, , , ,V,Old East Heritage Conservation District,LSP3383111,462.46113632,111.989427974729
6990,Designated Heritage Property,709 Princess Ave, , , ,V,Old East Heritage Conservation District,LSP3383111,409.48903896,101.363774822568
6991,Designated Heritage Property,835 Lorne Ave, , , ,V,Old East Heritage Conservation District,LSP3383111,569.67753248,115.798012810932
6992,Designated Heritage Property,931 Dufferin Ave, , , ,V,Old East Heritage Conservation District,LSP3383111,462.41840352,111.980817455778
6993,Designated Heritage Property,796 Lorne Ave, , , ,V,Old East Heritage Conservation District,LSP3383111,360.99055544,99.3854162008303
6994,Designated Heritage Property,837 Lorne Ave, , , ,V,Old East Heritage Conservation District,LSP3383111,407.4034108,108.634437722086
6995,Designated Heritage Property,798 Lorne Ave, , , ,V,Old East Heritage Conservation District,LSP3383111,498.01329284,106.104499032949
6996,Designated Heritage Property,701 Princess Ave, , , ,V,Old East Heritage Conservation District,LSP3383111,409.1443308,101.299254396954
6997,Designated Heritage Property,631 Elias St, , , ,V,Old East Heritage Conservation District,LSP3383111,383.17885432,108.326320522429
6998,Designated Heritage Property,531 English St, , , ,V,Old East Heritage Conservation District,LSP3383111,460.47454488,103.477708800776
6999,Designated Heritage Property,528 English St, , , ,V,Old East Heritage Conservation District,LSP3383111,174.98469968,65.4376375934592
7000,Designated Heritage Property,485 English St,1886, ,Italianate,V,Old East Heritage Conservation District,LSP3383111,509.1927052,108.319443937985
7001,Designated Heritage Property,303 Pall Mall St,1900c, ,Vernacular,V,West Woodfield Heritage Conservation District,LSP3400254,321.23704192,102.248180822888
7002,Designated Heritage Property,37 Palace St,1884, , ,V,East Woodfield Heritage Conservation District,LSP317968,438.763878,109.507960723445
7003,Listed Heritage Property,940 Dundas St,1894,St. Matthew's Anglican,Gothic Revival, , , ,7319.30809176,411.793164109696
7004,Designated Heritage Property,22 Palace St,1990c, ,Vernacular,V,East Woodfield Heritage Conservation District,LSP317968,396.5787908,84.9738710873708
7005,Designated Heritage Property,66 Palace St,1860c, , ,V,East Woodfield Heritage Conservation District,LSP317968,334.1802848,91.4035310917729
7006,Designated Heritage Property,540 Elizabeth St,1882, ,Ontario Cottage,V,Old East Heritage Conservation District,LSP3383111,613.74617348,125.027509375488
7007,Designated Heritage Property,596 Maitland St,1899, ,Vernacular,V,East Woodfield Heritage Conservation District,LSP317968,422.31930968,109.327303239629
7008,Designated Heritage Property,313 Pall Mall St,1900c, ,Vernacular,V,West Woodfield Heritage Conservation District,LSP3400254,321.59966928,102.3415795651
7009,Designated Heritage Property,293 Pall Mall St,1900c, ,Vernacular,V,West Woodfield Heritage Conservation District,LSP3400254,297.57472824,101.089239091381
7010,Designated Heritage Property,487 English St,1886, ,Queen Anne,V,Old East Heritage Conservation District,LSP3383111,595.02283888,117.450605589668
7011,Designated Heritage Property,532 Elizabeth St,1882, ,Ontario Cottage,V,Old East Heritage Conservation District,LSP3383111,334.45531226,82.8905526001575
7012,Designated Heritage Property,925 Dufferin Ave,1880, ,Vernacular,IV And V,Old East Heritage Conservation District,LSP3266270,462.5458349,112.005211219848
7013,Listed Heritage Property,604-606 Princess Ave,1880c, ,Vernacular, , , ,456.99216152,91.7499610168843
7014,Designated Heritage Property,628 Lorne Ave,1905, ,Queen Anne,V,Old East Heritage Conservation District,LSP3383111,402.06008136,108.797909297013
7015,Listed Heritage Property,546 Adelaide St N,1907, ,Queen Anne, , , ,633.26548776,107.739233530377
7016,Listed Heritage Property,604 Colborne St,1881, , , , , ,613.37247072,116.377669091404
7017,Designated Heritage Property,423 Central Ave,1897c, ,Vernacular,V,West Woodfield Heritage Conservation District,LSP3400254,277.33366192,72.5089852520661
7018,Designated Heritage Property,622 Waterloo St,1895p, ,Edwardian,V,West Woodfield Heritage Conservation District,LSP3400254,756.91024862,125.331161956977
7019,Designated Heritage Property,62 Palace St,1904, ,Vernacular,V,East Woodfield Heritage Conservation District,LSP317968,400.99094996,95.0585693090161
7020,Designated Heritage Property,319 Pall Mall St,1900c, ,Vernacular,V,West Woodfield Heritage Conservation District,LSP3400254,321.7850744,102.396729662813
7021,Designated Heritage Property,44 Palace St,1884, ,Vernacular,V,East Woodfield Heritage Conservation District,LSP317968,355.16766912,106.97144552391
7022,Listed Heritage Property,454 Quebec St,1899c, ,Queen Anne, , , ,694.74763232,121.796400219666
7023,Designated Heritage Property,42 Palace St,1879, ,Vernacular,V,East Woodfield Heritage Conservation District,LSP317968,355.17167408,106.971961253616
7024,Designated Heritage Property,594 Maitland St,1909, ,Vernacular,V,East Woodfield Heritage Conservation District,LSP317968,428.341248,109.592846387675
7025,Listed Heritage Property,554 Princess Ave,1870c, , , , , ,306.51656288,76.9281578336008
7026,Designated Heritage Property,299 Pall Mall St,1900c, ,Vernacular,V,West Woodfield Heritage Conservation District,LSP3400254,360.02929576,103.989893842463
7027,Designated Heritage Property,403 Central Ave,1897c, ,Queen Anne,V,West Woodfield Heritage Conservation District,LSP3400254,325.74543269,76.3382508267354
7028,Designated Heritage Property,33 Palace St,1884, ,Vernacular,V,East Woodfield Heritage Conservation District,LSP317968,465.79670672,110.651363946327
7029,Listed Heritage Property,583 William St,1907c,Mara Property,Dutch Colonial, , , ,265.97004992,71.3685763704109
7030,Listed Heritage Property,602 Princess Ave,1875c, ,Italianate, , , ,465.36966152,104.523038078663
7031,Designated Heritage Property,573 Elizabeth St,1889, ,Regency,V,Old East Heritage Conservation District,LSP3383111,392.32700928,94.550233039433
7032,Designated Heritage Property,51 Palace St,1875c, , ,V,East Woodfield Heritage Conservation District,LSP317968,385.40379408,107.42143422414
7033,Designated Heritage Property,301 Pall Mall St,1900c, ,Vernacular,V,West Woodfield Heritage Conservation District,LSP3400254,320.10080352,102.181326777112
7034,Designated Heritage Property,419 Central Ave,1900c, ,Queen Anne,IV And V,West Woodfield Heritage Conservation District,LSP3307-192,292.75618968,73.7287420000512
7035,Designated Heritage Property,556 Adelaide St N,1888c, ,Eclectic,IV, ,LSP3364172,557.50900704,103.592489679491
7036,Designated Heritage Property,907 Queens Ave,1905, ,Late Victorian,V,Old East Heritage Conservation District,LSP3383111,625.25467672,144.580049811781
7037,Designated Heritage Property,297 Pall Mall St,1900c, ,Vernacular,V,West Woodfield Heritage Conservation District,LSP3400254,319.95647688,102.142329061119
7038,Designated Heritage Property,"475-477 Central Ave, 598-608 Maitland St",1891c, ,Queen Anne,V,East Woodfield Heritage Conservation District,LSP317968,643.82608368,102.521359829584
7039,Designated Heritage Property,619 Waterloo St,1893c,Aziz Property,Queen Anne,V,West Woodfield Heritage Conservation District,LSP3400254,829.44299224,147.105824420111
7040,Designated Heritage Property,640-640A Waterloo St,1870c, ,Vernacular,V,West Woodfield Heritage Conservation District,LSP3400254,704.25742046,122.931030529959
7041,Listed Heritage Property,486 Central Ave,1895c, , , , , ,414.69583432,85.9611952228947
7042,Designated Heritage Property,622 Princess Ave,1882c, ,Italianate,V,Old East Heritage Conservation District,LSP3383111,507.80842824,148.742273452027
7043,Designated Heritage Property,905 Queens Ave,1905, ,Late Victorian,V,Old East Heritage Conservation District,LSP3383111,625.62035336,144.553935310634
7044,Designated Heritage Property,304 Hyman St,1891c,Noble Property,Queen Anne,V,West Woodfield Heritage Conservation District,LSP3400254,641.25543462,116.774087325217
7045,Designated Heritage Property,750 Lorne Ave,1891, , ,V,Old East Heritage Conservation District,LSP3383111,518.58817776,104.209374802153
7046,Designated Heritage Property,41 Palace St,1910, ,Vernacular,V,East Woodfield Heritage Conservation District,LSP317968,628.8635084,118.017358264436
7047,Designated Heritage Property,812 Queens Ave,1893, ,Queen Anne,V,Old East Heritage Conservation District,LSP3383111,1077.4988936,141.718432132697
7048,Designated Heritage Property,584 Maitland St,1894, ,Vernacular,V,East Woodfield Heritage Conservation District,LSP317968,462.85749008,111.115037010362
7049,Designated Heritage Property,25 Palace St,1899, ,Italianate,V,East Woodfield Heritage Conservation District,LSP317968,642.67844736,118.401819131003
7050,Designated Heritage Property,470-472 English St,1880c, ,Vernacular,V,Old East Heritage Conservation District,LSP3383111,2540.50469072,360.845205482356
7051,Designated Heritage Property,309 Pall Mall St,1900c, ,Vernacular,V,West Woodfield Heritage Conservation District,LSP3400254,321.45450408,102.3045948069
7052,Listed Heritage Property,502 Central Ave,1900c, ,Queen Anne Cottage, , , ,492.72128676,105.237469502033
7053,Designated Heritage Property,52 Palace St,1907, ,Queen Anne,V,East Woodfield Heritage Conservation District,LSP317968,441.6117056,111.292960925502
7054,Designated Heritage Property,633 Waterloo St,1893c, ,Queen Anne,V,West Woodfield Heritage Conservation District,LSP3400254,483.20391432,95.4336972982081
7055,Designated Heritage Property,576 Maitland St,1890c, ,Late Victorian,V,East Woodfield Heritage Conservation District,LSP317968,556.39581312,115.240129408992
7056,Listed Heritage Property,"608-610 Princess Ave, 545 Adelaide St N",1886c, ,Italianate, , , ,713.72717888,139.78833306235
7057,Designated Heritage Property,54 Palace St,1904, ,Queen Anne,V,East Woodfield Heritage Conservation District,LSP317968,441.469446,111.195985487535
7058,Designated Heritage Property,626 Lorne Ave,1905c, ,Queen Anne,V,Old East Heritage Conservation District,LSP3383111,351.11285964,115.481841698239
7059,Listed Heritage Property,596 Princess Ave,1881, ,Vernacular, , , ,413.39345504,125.129171674465
7060,Designated Heritage Property,32 Palace St,1884, , ,V,East Woodfield Heritage Conservation District,LSP317968,340.750304,106.338438405677
7061,Designated Heritage Property,311 Pall Mall St,1900c, ,Vernacular,V,West Woodfield Heritage Conservation District,LSP3400254,321.5254736,102.323087242967
7062,Designated Heritage Property,321-321/ Pall Mall St,1900c, ,Vernacular,V,West Woodfield Heritage Conservation District,LSP3400254,203.51106912,57.080471089831
7063,Designated Heritage Property,869 Queens Ave,1890, ,Late Victorian,V,Old East Heritage Conservation District,LSP3383111,243.49888448,69.1705297203596
7064,Designated Heritage Property,633 Wellington St,1887c,794475 Ont. Inc.,Vernacular,V,West Woodfield Heritage Conservation District,LSP3400254,332.59789022,86.9227914809525
7065,Designated Heritage Property,307 Pall Mall St,1900c, ,Vernacular,V,West Woodfield Heritage Conservation District,LSP3400254,329.24938456,102.644856880727
7066,Designated Heritage Property,38 Palace St,1884, ,Ontario Cottage,V,East Woodfield Heritage Conservation District,LSP317968,647.67431776,119.76959426542
7067,Designated Heritage Property,56 Palace St,1884, , ,V,East Woodfield Heritage Conservation District,LSP317968,349.13722576,92.2232138589026
7068,Listed Heritage Property,567 William St,1877,Fuller Property,Gothic Revival, , , ,420.98900856,110.400605981944
7069,Designated Heritage Property,305 Pall Mall St,1900c, ,Vernacular,V,West Woodfield Heritage Conservation District,LSP3400254,313.55751208,101.912741048694
7070,Designated Heritage Property,57 Palace St,1900, , ,V,East Woodfield Heritage Conservation District,LSP317968,551.08045096,114.812240805408
7071,Designated Heritage Property,315 Pall Mall St,1900c, ,Vernacular,V,West Woodfield Heritage Conservation District,LSP3400254,321.63154624,102.358293280204
7072,Designated Heritage Property,360 Central Ave,1881, ,Ontario Cottage,IV And V,West Woodfield Heritage Conservation District,LSP3193217,685.49784238,115.330195522207
7073,Designated Heritage Property,501 Central Ave,1926, ,Vernacular,V,East Woodfield Heritage Conservation District,LSP317968,363.82016704,96.9832060447286
7074,Designated Heritage Property,28-28/ Palace St,1900, ,Vernacular,V,East Woodfield Heritage Conservation District,LSP317968,567.54206882,116.257671713462
7075,Listed Heritage Property,664 Richmond St,1892c,Cpr Station,Romanesque Revival, , , ,922.12018492,239.039617788633
7076,Designated Heritage Property,516 Elizabeth St,1885c, ,Ontario Cottage,V,Old East Heritage Conservation District,LSP3383111,353.21188202,92.4520580121709
7077,Designated Heritage Property,31 Palace St,1985c, ,Vernacular,V,East Woodfield Heritage Conservation District,LSP317968,465.38724036,110.572898691047
7078,Designated Heritage Property,295 Pall Mall St,1900c, ,Vernacular,V,West Woodfield Heritage Conservation District,LSP3400254,306.56831184,101.515035024864
7079,Designated Heritage Property,582 Maitland St,1870c,Collyer Property,Side-hall Plan (shp) Cottage,V,East Woodfield Heritage Conservation District,LSP317968,459.43111824,110.963913358939
7080,Designated Heritage Property,574 Maitland St,1883c,Monteith Property,Italianate,V,East Woodfield Heritage Conservation District,LSP317968,769.20332928,124.624957726677
7081,Designated Heritage Property,20 Palace St,1884, ,Vernacular,V,East Woodfield Heritage Conservation District,LSP317968,222.20147024,101.149021813413
7082,Designated Heritage Property,60 Palace St,1884, , ,V,East Woodfield Heritage Conservation District,LSP317968,333.94646464,91.3906393534587
7083,Designated Heritage Property,317 Pall Mall St,1900c, ,Vernacular,V,West Woodfield Heritage Conservation District,LSP3400254,321.73252344,102.378518035722
7084,Listed Heritage Property,598 Princess Ave,1895c, ,Vernacular, , , ,489.96131264,121.305590878203
7085,Designated Heritage Property,46 Palace St,1903, , ,V,East Woodfield Heritage Conservation District,LSP317968,668.99187792,120.701723526067
7086,Listed Heritage Property,610 Colborne St,1890c, ,Side-hall Plan (shp) Cottage, , , ,1450.8210748,168.560417948357
7087,Designated Heritage Property,588 Maitland St,1870c,Malandra, ,V,East Woodfield Heritage Conservation District,LSP317968,476.7096536,111.725898137487
7088,Designated Heritage Property,34 Palace St,1884, ,Vernacular,V,East Woodfield Heritage Conservation District,LSP317968,323.83737176,105.601307770657
7089,Designated Heritage Property,635 Wellington St,1887c,692725 Ont. Ltd.,Vernacular,V,West Woodfield Heritage Conservation District,LSP3400254,331.14171736,86.8363568923119
7090,Designated Heritage Property,110 Cartwright St,1895c, ,Vernacular,V,West Woodfield Heritage Conservation District,LSP3400254,542.37237582,115.802466161442
7091,Designated Heritage Property,637 Wellington St,1887c,London Biochem Ref.,Vernacular,V,West Woodfield Heritage Conservation District,LSP3400254,324.19770688,86.4223339311695
7092,Listed Heritage Property,565 Adelaide St N,1900c, ,Vernacular, , , ,461.33090024,106.940100435029
7093,Designated Heritage Property,592 Maitland St,1890c, ,Vernacular,V,East Woodfield Heritage Conservation District,LSP317968,400.70088816,108.373932805849
7094,Designated Heritage Property,49 Palace St,1875, , ,V,East Woodfield Heritage Conservation District,LSP317968,383.49679056,107.285010054528
7095,Listed Heritage Property,551 William St,1874c,Perlick Property,Georgian, , , ,631.20164744,106.807761908769
7096,Listed Heritage Property,551 Adelaide St N,1900c, ,Vernacular, , , ,401.6334508,98.2642146691578
7097,Listed Heritage Property,581 William St,1910c, ,Tudor Revival, , , ,337.52395768,77.4828362643566
7098,Listed Heritage Property,593 Princess Ave,1896c, ,Vernacular, , , ,364.3177008,93.3884066784091
7099,Designated Heritage Property,621 Waterloo St,1893c,Tsaras Property,Queen Anne,IV And V,West Woodfield Heritage Conservation District,LSP3400254,648.10223736,118.048637789269
7100,Designated Heritage Property,425 Central Ave,1897c, ,Vernacular,V,West Woodfield Heritage Conservation District,LSP3400254,269.64829664,71.9013528011922
7101,Designated Heritage Property,882 Dufferin Ave,1879, ,Ontario Cottage,V,Old East Heritage Conservation District,LSP3383111,308.95115424,81.5646068787089
7102,Designated Heritage Property,421 Central Ave,1897c, ,Queen Anne,IV And V,West Woodfield Heritage Conservation District,LSP3288-244,313.781692,79.1541667848273
7103,Designated Heritage Property,663 Lorne Ave,1882c, ,Queen Anne Cottage,V,Old East Heritage Conservation District,LSP3383111,383.59899728,108.456385893675
7104,Designated Heritage Property,491 Ontario St,1900, ,Vernacular,V,Old East Heritage Conservation District,LSP3383111,231.21675992,85.8139714392388
7105,Designated Heritage Property,43-45 Palace St,1870, ,Vernacular,V,East Woodfield Heritage Conservation District,LSP317968,688.7200308,120.747190291697
7106,Designated Heritage Property,106 Cartwright St,1895c, ,Vernacular,V,West Woodfield Heritage Conservation District,LSP3400254,492.0946077,113.623205348424
7107,Designated Heritage Property,642 Waterloo St,1880, ,Ontario Cottage,V,West Woodfield Heritage Conservation District,LSP3400254,634.07858946,102.370017249554
7108,Listed Heritage Property,567 Adelaide St N,1900c, ,Vernacular, , , ,513.31991448,109.378276797878
7109,Listed Heritage Property,563 Adelaide St N,1900c, ,Vernacular, , , ,383.33398576,103.282198310288
7110,Listed Heritage Property,577 William St,1909, ,Vernacular, , , ,242.61334576,66.7130975997816
7111,Designated Heritage Property,497-499 Central Ave,1860c, , ,V,East Woodfield Heritage Conservation District,LSP317968,623.08416744,101.103359295412
7112,Designated Heritage Property,953 Queens Ave, , , ,V,Old East Heritage Conservation District,LSP3383111,373.23762176,88.7934463627633
7113,Designated Heritage Property,950 Queens Ave, , , ,V,Old East Heritage Conservation District,LSP3383111,435.02275496,93.5396817300867
7114,Designated Heritage Property,779 Dufferin Ave, , , ,V,Old East Heritage Conservation District,LSP3383111,331.0229588,89.9235745222735
7115,Designated Heritage Property,888 Queens Ave, , , ,V,Old East Heritage Conservation District,LSP3383111,342.26210376,88.1782034845314
7116,Designated Heritage Property,670 Lorne Ave, , , ,V,Old East Heritage Conservation District,LSP3383111,458.677611115,88.3018998102784
7117,Designated Heritage Property,486 English St, , , ,V,Old East Heritage Conservation District,LSP3383111,269.17530528,78.5366810804649
7118,Designated Heritage Property,539 Elizabeth St, , , ,V,Old East Heritage Conservation District,LSP3383111,305.8694272,70.0372579314418
7119,Designated Heritage Property,867 Queens Ave, , , ,V,Old East Heritage Conservation District,LSP3383111,245.1910788,69.3129527291232
7120,Designated Heritage Property,753 Lorne Ave, , , ,V,Old East Heritage Conservation District,LSP3383111,249.697226,73.9590279779827
7121,Designated Heritage Property,941 Queens Ave, , , ,V,Old East Heritage Conservation District,LSP3383111,570.77341184,143.174874384085
7122,Designated Heritage Property,842 Queens Ave, , , ,V,Old East Heritage Conservation District,LSP3383111,464.8512304,112.463416459203
7123,Designated Heritage Property,634 Princess Ave, , , ,V,Old East Heritage Conservation District,LSP3383111,712.94960008,155.168994619843
7124,Designated Heritage Property,943 Queens Ave, , , ,V,Old East Heritage Conservation District,LSP3383111,627.45792216,145.027487334083
7125,Designated Heritage Property,649 Princess Ave, , , ,V,Old East Heritage Conservation District,LSP3383111,569.2562796,116.223440291311
7126,Designated Heritage Property,668 Lorne Ave, , , ,V,Old East Heritage Conservation District,LSP3383111,382.19293062,108.101669123112
7127,Designated Heritage Property,819 Lorne Ave, , , ,V,Old East Heritage Conservation District,LSP3383111,414.33968704,108.945744434095
7128,Designated Heritage Property,783 Dufferin Ave, , , ,V,Old East Heritage Conservation District,LSP3383111,203.6169856,62.8530311452795
7129,Designated Heritage Property,632 Princess Ave, , , ,V,Old East Heritage Conservation District,LSP3383111,712.3494866,155.09650917116
7130,Designated Heritage Property,767 Dufferin Ave, , , ,V,Old East Heritage Conservation District,LSP3383111,202.11430712,62.5253288136045
7131,Designated Heritage Property,909 Dufferin Ave, , , ,V,Old East Heritage Conservation District,LSP3383111,925.20413976,132.181939881491
7132,Designated Heritage Property,490 English St, , , ,V,Old East Heritage Conservation District,LSP3383111,489.38331384,116.799430910582
7133,Designated Heritage Property,801 Lorne Ave, , , ,V,Old East Heritage Conservation District,LSP3383111,357.40598564,106.225957929419
7134,Designated Heritage Property,815 Lorne Ave, , , ,V,Old East Heritage Conservation District,LSP3383111,414.41326232,108.950476649395
7135,Designated Heritage Property,483 Ontario St, , , ,V,Old East Heritage Conservation District,LSP3383111,635.13190848,107.903177013478
7136,Designated Heritage Property,848 Dufferin Ave, , , ,V,Old East Heritage Conservation District,LSP3383111,622.30003944,122.86533812401
7137,Designated Heritage Property,712 Lorne Ave, , , ,V,Old East Heritage Conservation District,LSP3383111,804.45098976,153.149179608378
7138,Designated Heritage Property,443 Quebec St, , , ,V,Old East Heritage Conservation District,LSP3383111,331.54677024,81.1304424301562
7139,Designated Heritage Property,918 Queens Ave, , , ,V,Old East Heritage Conservation District,LSP3383111,461.997284,111.988516560432
7140,Designated Heritage Property,718 Lorne Ave, , , ,V,Old East Heritage Conservation District,LSP3383111,1128.57476576,220.190546226053
7141,Designated Heritage Property,771 Dufferin Ave, , , ,V,Old East Heritage Conservation District,LSP3383111,215.581828,63.7429479126571
7142,Designated Heritage Property,791 Lorne Ave, , , ,V,Old East Heritage Conservation District,LSP3383111,397.83400808,107.861076405423
7143,Designated Heritage Property,798 Queens Ave, , , ,V,Old East Heritage Conservation District,LSP3383111,729.76475236,123.868411470047
7144,Designated Heritage Property,889-891 Queens Ave, , , ,V,Old East Heritage Conservation District,LSP3383111,421.73249464,89.7379453061462
7145,Designated Heritage Property,755 Lorne Ave, , , ,V,Old East Heritage Conservation District,LSP3383111,249.6992631,73.9579907685529
7146,Designated Heritage Property,634 Lorne Ave, , , ,V,Old East Heritage Conservation District,LSP3383111,693.49377268,121.617368455608
7147,Designated Heritage Property,894-894/ Queens Ave, , , ,V,Old East Heritage Conservation District,LSP3383111,311.14540064,86.3486292883477
7148,Designated Heritage Property,455 Quebec St, , , ,V,Old East Heritage Conservation District,LSP3383111,257.41460176,68.5618289924344
7149,Designated Heritage Property,624 Princess Ave, , , ,V,Old East Heritage Conservation District,LSP3383111,507.9842288,148.788283190916
7150,Designated Heritage Property,646 Princess Ave, , , ,V,Old East Heritage Conservation District,LSP3383111,561.65369694,150.917477318309
7151,Designated Heritage Property,808 Dufferin Ave, , , ,V,Old East Heritage Conservation District,LSP3383111,450.92279368,110.65179119332
7152,Designated Heritage Property,730 Lorne Ave, , , ,V,Old East Heritage Conservation District,LSP3383111,996.8256596,217.817078568983
7153,Designated Heritage Property,946 Queens Ave, , , ,V,Old East Heritage Conservation District,LSP3383111,466.10074968,95.3699047840159
7154,Designated Heritage Property,471 Ontario St, , , ,V,Old East Heritage Conservation District,LSP3383111,214.65982464,69.2425469559362
7155,Designated Heritage Property,541 Elizabeth St, , , ,V,Old East Heritage Conservation District,LSP3383111,305.8694272,70.0372579314418
7156,Designated Heritage Property,504 English St, , , ,V,Old East Heritage Conservation District,LSP3383111,815.48522158,130.292878030991
7157,Designated Heritage Property,457 Quebec St, , , ,V,Old East Heritage Conservation District,LSP3383111,486.71879616,99.0933109817821
7158,Designated Heritage Property,944 Queens Ave, , , ,V,Old East Heritage Conservation District,LSP3383111,461.68140192,111.931220119464
7159,Designated Heritage Property,898 Queens Ave, , , ,V,Old East Heritage Conservation District,LSP3383111,311.65476592,86.379322338755
7160,Designated Heritage Property,628 Princess Ave, , , ,V,Old East Heritage Conservation District,LSP3383111,610.08857304,151.93874871217
7161,Designated Heritage Property,809 Lorne Ave, , , ,V,Old East Heritage Conservation District,LSP3383111,330.9243748,89.0641567327974
7162,Designated Heritage Property,930 Queens Ave, , , ,V,Old East Heritage Conservation District,LSP3383111,462.0485434,111.953291009077
7163,Designated Heritage Property,848 Queens Ave, , , ,V,Old East Heritage Conservation District,LSP3383111,460.8430348,111.932806381397
7164,Designated Heritage Property,641 Princess Ave, , , ,V,Old East Heritage Conservation District,LSP3383111,418.23196032,109.573214678361
7165,Designated Heritage Property,437 Quebec St, , , ,V,Old East Heritage Conservation District,LSP3383111,398.586904,100.850315057991
7166,Designated Heritage Property,679 Princess Ave, , , ,V,Old East Heritage Conservation District,LSP3383111,286.89135994,80.913407354914
7167,Designated Heritage Property,683 Princess Ave, , , ,V,Old East Heritage Conservation District,LSP3383111,408.2112924,101.110472843172
7168,Designated Heritage Property,518 English St, , , ,V,Old East Heritage Conservation District,LSP3383111,648.44651664,110.344215570619
7169,Designated Heritage Property,447 Quebec St, , , ,V,Old East Heritage Conservation District,LSP3383111,295.06453632,78.5506899474593
7170,Designated Heritage Property,837 Dufferin Ave, , , ,V,Old East Heritage Conservation District,LSP3383111,462.70180976,111.99256737591
7171,Designated Heritage Property,518 Elizabeth St, , , ,V,Old East Heritage Conservation District,LSP3383111,356.94247712,92.6561167287018
7172,Designated Heritage Property,803 Dufferin Ave, , , ,V,Old East Heritage Conservation District,LSP3383111,561.42636328,116.55243663657
7173,Designated Heritage Property,909 Queens Ave, , , ,V,Old East Heritage Conservation District,LSP3383111,607.0837756,144.03345074126
7174,Designated Heritage Property,793 Lorne Ave, , , ,V,Old East Heritage Conservation District,LSP3383111,315.67787268,104.249958987576
7175,Designated Heritage Property,802 Queens Ave, , , ,V,Old East Heritage Conservation District,LSP3383111,729.5691358,123.853241981795
7176,Designated Heritage Property,722 Lorne Ave, , , ,V,Old East Heritage Conservation District,LSP3383111,996.40490208,217.745954167128
7177,Designated Heritage Property,774 Lorne Ave, , , ,V,Old East Heritage Conservation District,LSP3383111,335.89937832,98.1168974759374
7178,Designated Heritage Property,644 Lorne Ave, , , ,V,Old East Heritage Conservation District,LSP3383111,763.3232357,124.715912110782
7179,Designated Heritage Property,904 Queens Ave, , , ,V,Old East Heritage Conservation District,LSP3383111,462.35523216,112.035195660979
7180,Designated Heritage Property,644 Princess Ave, , , ,V,Old East Heritage Conservation District,LSP3383111,560.74357086,150.846099658972
7181,Designated Heritage Property,648 Lorne Ave, , , ,V,Old East Heritage Conservation District,LSP3383111,423.40643068,109.826377884897
7182,Designated Heritage Property,838 Dufferin Ave, , , ,V,Old East Heritage Conservation District,LSP3383111,460.48376504,110.977485098617
7183,Designated Heritage Property,812 Dufferin Ave, , , ,V,Old East Heritage Conservation District,LSP3383111,393.16162984,108.067574265285
7184,Designated Heritage Property,630 Princess Ave, , , ,V,Old East Heritage Conservation District,LSP3383111,610.31820522,151.993377335321
7185,Designated Heritage Property,920 Queens Ave, , , ,V,Old East Heritage Conservation District,LSP3383111,462.2451904,111.993010801427
7186,Designated Heritage Property,801 Dufferin Ave, , , ,V,Old East Heritage Conservation District,LSP3383111,624.72136992,119.309306896185
7187,Designated Heritage Property,665 Princess Ave, , , ,V,Old East Heritage Conservation District,LSP3383111,382.121462,108.086928966571
7188,Designated Heritage Property,824 Dufferin Ave, , , ,V,Old East Heritage Conservation District,LSP3383111,502.37653392,112.830126110034
7189,Designated Heritage Property,865 Queens Ave, , , ,V,Old East Heritage Conservation District,LSP3383111,256.58278504,70.2380413751591
7190,Designated Heritage Property,781 Dufferin Ave, , , ,V,Old East Heritage Conservation District,LSP3383111,333.98250016,91.3970487767551
7191,Designated Heritage Property,732 Lorne Ave, , , ,V,Old East Heritage Conservation District,LSP3383111,1083.71591464,219.641152050927
7192,Designated Heritage Property,897 Dufferin Ave, , , ,V,Old East Heritage Conservation District,LSP3383111,583.0743892,135.935769056955
7193,Designated Heritage Property,780 Dufferin Ave, , , ,V,Old East Heritage Conservation District,LSP3383111,720.9362252,122.817682986694
7194,Designated Heritage Property,458-460 Ontario St, , , ,V,Old East Heritage Conservation District,LSP3383111,354.43996184,77.0254559773397
7195,Designated Heritage Property,813 Lorne Ave, , , ,V,Old East Heritage Conservation District,LSP3383111,362.28812992,90.7616245019934
7196,Designated Heritage Property,639 Princess Ave, , , ,V,Old East Heritage Conservation District,LSP3383111,648.13256368,119.643291596556
7197,Designated Heritage Property,886 Queens Ave, , , ,V,Old East Heritage Conservation District,LSP3383111,517.46359872,91.1220700260823
7198,Designated Heritage Property,804 Queens Ave, , , ,V,Old East Heritage Conservation District,LSP3383111,729.72696128,123.853635142797
7199,Designated Heritage Property,788 Lorne Ave, , , ,V,Old East Heritage Conservation District,LSP3383111,335.93035304,98.1257534590874
7200,Designated Heritage Property,630 Lorne Ave, , , ,V,Old East Heritage Conservation District,LSP3383111,457.61798226,111.24962423879
7201,Designated Heritage Property,794 Lorne Ave, , , ,V,Old East Heritage Conservation District,LSP3383111,360.94873192,99.3750149869394
7202,Designated Heritage Property,459 Quebec St, , , ,V,Old East Heritage Conservation District,LSP3383111,739.54032912,145.337672524254
7203,Designated Heritage Property,487 Ontario St, , , ,V,Old East Heritage Conservation District,LSP3383111,681.03782464,110.413494885035
7204,Designated Heritage Property,525 English St, , , ,V,Old East Heritage Conservation District,LSP3383111,650.1342656,112.841510339795
7205,Designated Heritage Property,900 Queens Ave, , , ,V,Old East Heritage Conservation District,LSP3383111,462.3933528,112.042822274975
7206,Designated Heritage Property,840 Dufferin Ave, , , ,V,Old East Heritage Conservation District,LSP3383111,455.87589216,110.773063960118
7207,Designated Heritage Property,"752 Lorne Ave, 512 English St", , , ,V,Old East Heritage Conservation District,LSP3383111,354.46180216,79.2827778372251
7208,Designated Heritage Property,469 Ontario St, , , ,V,Old East Heritage Conservation District,LSP3383111,260.73129528,72.716237135139
7209,Designated Heritage Property,833 Dufferin Ave, , , ,V,Old East Heritage Conservation District,LSP3383111,425.33599368,105.994757420501
7210,Designated Heritage Property,820 Queens Ave, , , ,V,Old East Heritage Conservation District,LSP3383111,459.76835968,111.528896650229
7211,Designated Heritage Property,821 Lorne Ave, , , ,V,Old East Heritage Conservation District,LSP3383111,414.33975136,108.94574442641
7212,Designated Heritage Property,629 Elias St, , , ,V,Old East Heritage Conservation District,LSP3383111,487.4744244,112.853941548488
7213,Designated Heritage Property,939 Queens Ave, , , ,V,Old East Heritage Conservation District,LSP3383111,684.1003855,146.769152859049
7214,Designated Heritage Property,669 Lorne Ave, , , ,V,Old East Heritage Conservation District,LSP3383111,218.96910752,64.8724015952917
7215,Designated Heritage Property,704 Lorne Ave, , , ,V,Old East Heritage Conservation District,LSP3383111,213.57749014,62.8748230884093
7216,Designated Heritage Property,653 Princess Ave, , , ,V,Old East Heritage Conservation District,LSP3383111,444.34660056,110.761436831824
7217,Designated Heritage Property,569 Elizabeth St, , , ,V,Old East Heritage Conservation District,LSP3383111,323.89524232,106.582675805454
7218,Designated Heritage Property,835 Dufferin Ave, , , ,V,Old East Heritage Conservation District,LSP3383111,462.63435888,111.998152042337
7219,Designated Heritage Property,917 Dufferin Ave, , , ,V,Old East Heritage Conservation District,LSP3383111,462.67563616,112.029928726018
7220,Designated Heritage Property,861 Queens Ave, , , ,V,Old East Heritage Conservation District,LSP3383111,963.22824412,163.12538335216
7221,Designated Heritage Property,659 Princess Ave, , , ,V,Old East Heritage Conservation District,LSP3383111,382.07524936,108.060493133102
7222,Designated Heritage Property,491 English St, , , ,V,Old East Heritage Conservation District,LSP3383111,473.27560128,104.776830829471
7223,Designated Heritage Property,550 Elizabeth St, , , ,V,Old East Heritage Conservation District,LSP3383111,1381.93912544,228.781567812631
7224,Designated Heritage Property,475 Ontario St, , , ,V,Old East Heritage Conservation District,LSP3383111,274.74818112,73.7825563719818
7225,Designated Heritage Property,484 English St, , , ,V,Old East Heritage Conservation District,LSP3383111,194.5519044,73.6343785096571
7226,Designated Heritage Property,922 Queens Ave, , , ,V,Old East Heritage Conservation District,LSP3383111,504.19588048,113.814884995819
7227,Designated Heritage Property,825 Lorne Ave, , , ,V,Old East Heritage Conservation District,LSP3383111,448.86229584,110.467834453871
7228,Designated Heritage Property,831 Dufferin Ave, , , ,V,Old East Heritage Conservation District,LSP3383111,465.81395704,111.448931168354
7229,Designated Heritage Property,648 Princess Ave, , , ,V,Old East Heritage Conservation District,LSP3383111,250.27444584,86.8399511167469
7230,Designated Heritage Property,654 Lorne Ave, , , ,V,Old East Heritage Conservation District,LSP3383111,381.86701548,108.028332189969
7231,Designated Heritage Property,736 Lorne Ave, , , ,V,Old East Heritage Conservation District,LSP3383111,931.16443408,216.604314857006
7232,Designated Heritage Property,856 Queens Ave, , , ,V,Old East Heritage Conservation District,LSP3383111,459.01891472,111.515485869757
7233,Designated Heritage Property,901 Queens Ave, , , ,V,Old East Heritage Conservation District,LSP3383111,364.26181696,102.460693834402
7234,Designated Heritage Property,928 Queens Ave, , , ,V,Old East Heritage Conservation District,LSP3383111,461.77928784,111.948017119695
7235,Designated Heritage Property,706 Lorne Ave, , , ,V,Old East Heritage Conservation District,LSP3383111,212.78935088,62.7802585394226
7236,Designated Heritage Property,465 Ontario St, , , ,V,Old East Heritage Conservation District,LSP3383111,408.84790128,89.0645645286294
7237,Designated Heritage Property,839 Dufferin Ave, , , ,V,Old East Heritage Conservation District,LSP3383111,420.79176504,110.494316691808
7238,Designated Heritage Property,432 Ontario St, , , ,V,Old East Heritage Conservation District,LSP3383111,401.3721677,100.489376859842
7239,Designated Heritage Property,482 English St, , , ,V,Old East Heritage Conservation District,LSP3383111,471.64357272,107.426858994557
7240,Designated Heritage Property,567 Elizabeth St, , , ,V,Old East Heritage Conservation District,LSP3383111,262.67675184,79.4658848060108
7241,Designated Heritage Property,626 Princess Ave, , , ,V,Old East Heritage Conservation District,LSP3383111,609.8134264,151.882789189361
7242,Designated Heritage Property,633 Princess Ave, , , ,V,Old East Heritage Conservation District,LSP3383111,430.02782176,110.058609526238
7243,Designated Heritage Property,506 Elizabeth St, , , ,V,Old East Heritage Conservation District,LSP3383111,613.41032504,132.059237199981
7244,Designated Heritage Property,744 Lorne Ave, , , ,V,Old East Heritage Conservation District,LSP3383111,518.583066,104.208852994166
7245,Designated Heritage Property,508 English St, , , ,V,Old East Heritage Conservation District,LSP3383111,286.14147328,79.681034597106
7246,Designated Heritage Property,822 Dufferin Ave, , , ,V,Old East Heritage Conservation District,LSP3383111,502.35743008,112.829611812663
7247,Designated Heritage Property,797 Lorne Ave, , , ,V,Old East Heritage Conservation District,LSP3383111,363.9933429,106.453485875703
7248,Designated Heritage Property,707 Lorne Ave, , , ,V,Old East Heritage Conservation District,LSP3383111,195.25221896,58.9614608366719
7249,Designated Heritage Property,840 Queens Ave, , , ,V,Old East Heritage Conservation District,LSP3383111,482.85082784,117.648782129613
7250,Designated Heritage Property,834 Dufferin Ave, , , ,V,Old East Heritage Conservation District,LSP3383111,442.4393292,110.182376385363
7251,Designated Heritage Property,522 English St, , , ,V,Old East Heritage Conservation District,LSP3383111,320.52863624,93.1420642024539
7252,Designated Heritage Property,827 Dufferin Ave, , , ,V,Old East Heritage Conservation District,LSP3383111,462.13274112,111.930776511206
7253,Designated Heritage Property,816 Queens Ave, , , ,V,Old East Heritage Conservation District,LSP3383111,483.96324384,117.625086797174
7254,Designated Heritage Property,926 Queens Ave, , , ,V,Old East Heritage Conservation District,LSP3383111,462.1096056,111.969063642753
7255,Designated Heritage Property,919 Dufferin Ave, , , ,V,Old East Heritage Conservation District,LSP3383111,504.38565904,113.839894079486
7256,Designated Heritage Property,832 Dufferin Ave, , , ,V,Old East Heritage Conservation District,LSP3383111,530.25607176,114.059110148015
7257,Designated Heritage Property,847 Dufferin Ave, , , ,V,Old East Heritage Conservation District,LSP3383111,644.6124764,132.568221380001
7258,Designated Heritage Property,638 Princess Ave, , , ,V,Old East Heritage Conservation District,LSP3383111,398.8667464,113.855385550983
7259,Designated Heritage Property,829 Dufferin Ave, , , ,V,Old East Heritage Conservation District,LSP3383111,462.07962144,112.068343958143
7260,Designated Heritage Property,708 Lorne Ave, , , ,V,Old East Heritage Conservation District,LSP3383111,803.08826696,153.066423012958
7261,Designated Heritage Property,705 Lorne Ave, , , ,V,Old East Heritage Conservation District,LSP3383111,189.35147504,58.3545760997177
7262,Designated Heritage Property,720 Lorne Ave, , , ,V,Old East Heritage Conservation District,LSP3383111,875.42071544,215.235613943109
7263,Designated Heritage Property,821 Dufferin Ave, , , ,V,Old East Heritage Conservation District,LSP3383111,566.29363664,117.277291166366
7264,Designated Heritage Property,805 Lorne Ave, , , ,V,Old East Heritage Conservation District,LSP3383111,550.46134432,142.207681924366
7265,Designated Heritage Property,823 Lorne Ave, , , ,V,Old East Heritage Conservation District,LSP3383111,414.32749728,108.944483623624
7266,Designated Heritage Property,836 Dufferin Ave, , , ,V,Old East Heritage Conservation District,LSP3383111,474.44770784,111.594532359743
7267,Designated Heritage Property,866 Queens Ave, , , ,V,Old East Heritage Conservation District,LSP3383111,297.2081804,77.0374218257575
7268,Designated Heritage Property,789 Lorne Ave, , , ,V,Old East Heritage Conservation District,LSP3383111,329.06147424,104.777381362283
7269,Designated Heritage Property,621 Elias St, , , ,V,Old East Heritage Conservation District,LSP3383111,412.03574064,87.9548205752075
7270,Designated Heritage Property,916 Queens Ave, , , ,V,Old East Heritage Conservation District,LSP3383111,462.02672808,111.996096987422
7271,Designated Heritage Property,427 Quebec St, , , ,V,Old East Heritage Conservation District,LSP3383111,497.4595344,113.23238498105
7272,Designated Heritage Property,807 Lorne Ave, , , ,V,Old East Heritage Conservation District,LSP3383111,288.21766168,86.6299669753285
7273,Designated Heritage Property,431 Quebec St, , , ,V,Old East Heritage Conservation District,LSP3383111,484.71386592,122.374199240985
7274,Designated Heritage Property,714 Lorne Ave, , , ,V,Old East Heritage Conservation District,LSP3383111,801.67944224,153.191172882383
7275,Designated Heritage Property,911 Queens Ave, , , ,V,Old East Heritage Conservation District,LSP3383111,906.6052736,164.189783130921
7276,Designated Heritage Property,442 Ontario St, , , ,V,Old East Heritage Conservation District,LSP3383111,297.16169854,76.237520048063
7277,Designated Heritage Property,520 English St, , , ,V,Old East Heritage Conservation District,LSP3383111,320.1494888,93.1305079045591
7278,Designated Heritage Property,819 Dufferin Ave, , , ,V,Old East Heritage Conservation District,LSP3383111,529.19767272,111.200415828963
7279,Designated Heritage Property,802 Dufferin Ave, , , ,V,Old East Heritage Conservation District,LSP3383111,451.42936968,110.752500431025
7280,Designated Heritage Property,457 Ontario St, , , ,V,Old East Heritage Conservation District,LSP3383111,185.76266528,75.1110015759215
7281,Designated Heritage Property,506 English St, , , ,V,Old East Heritage Conservation District,LSP3383111,287.3918324,79.7703763227649
7282,Designated Heritage Property,681 Princess Ave, , , ,V,Old East Heritage Conservation District,LSP3383111,407.88352856,101.046696296916
7283,Designated Heritage Property,897 Queens Ave, , , ,V,Old East Heritage Conservation District,LSP3383111,1107.8293964,183.417152777088
7284,Designated Heritage Property,883 Dufferin Ave, , , ,V,Old East Heritage Conservation District,LSP3383111,332.9388232,86.3292365330383
7285,Designated Heritage Property,858 Queens Ave, , , ,V,Old East Heritage Conservation District,LSP3383111,484.23382796,120.623588467724
7286,Designated Heritage Property,754 Lorne Ave, , , ,V,Old East Heritage Conservation District,LSP3383111,290.28707688,72.0233784609572
7287,Designated Heritage Property,935 Queens Ave, , , ,V,Old East Heritage Conservation District,LSP3383111,424.78943936,106.64453346807
7288,Designated Heritage Property,836 Queens Ave, , , ,V,Old East Heritage Conservation District,LSP3383111,476.3043204,113.641726068005
7289,Designated Heritage Property,710 Lorne Ave, , , ,V,Old East Heritage Conservation District,LSP3383111,804.19934144,153.107809523257
7290,Designated Heritage Property,886 Dufferin Ave, , , ,V,Old East Heritage Conservation District,LSP3383111,369.84242382,107.695018946164
7291,Designated Heritage Property,952 Queens Ave, , , ,V,Old East Heritage Conservation District,LSP3383111,199.97898664,89.2344742141269
7292,Designated Heritage Property,636 Princess Ave, , , ,V,Old East Heritage Conservation District,LSP3383111,397.74636208,113.809812794896
7293,Designated Heritage Property,915 Queens Ave, , , ,V,Old East Heritage Conservation District,LSP3383111,326.59598784,86.5263722752521
7294,Designated Heritage Property,453 Quebec St, , , ,V,Old East Heritage Conservation District,LSP3383111,203.9014012,63.9506013376801
7295,Designated Heritage Property,818 Dufferin Ave, , , ,V,Old East Heritage Conservation District,LSP3383111,497.71912496,112.626848549512
7296,Designated Heritage Property,903 Queens Ave, , , ,V,Old East Heritage Conservation District,LSP3383111,662.69908648,145.707254907196
7297,Designated Heritage Property,784 Dufferin Ave, , , ,V,Old East Heritage Conservation District,LSP3383111,480.30682944,112.207146412379
7298,Designated Heritage Property,645 Princess Ave, , , ,V,Old East Heritage Conservation District,LSP3383111,460.1235804,111.423890202862
7299,Designated Heritage Property,493 Ontario St, , , ,V,Old East Heritage Conservation District,LSP3383111,231.1761816,85.809668373753
7300,Designated Heritage Property,673 Lorne Ave, , , ,V,Old East Heritage Conservation District,LSP3383111,499.95347776,108.668986205129
7301,Designated Heritage Property,816 Dufferin Ave, , , ,V,Old East Heritage Conservation District,LSP3383111,503.85409128,112.898323397249
7302,Designated Heritage Property,516 English St, , , ,V,Old East Heritage Conservation District,LSP3383111,264.77849456,72.3775577525025
7303,Designated Heritage Property,895 Dufferin Ave, , , ,V,Old East Heritage Conservation District,LSP3383111,583.1785968,135.953520072284
7304,Designated Heritage Property,439 Quebec St, , , ,V,Old East Heritage Conservation District,LSP3383111,340.53358456,81.8252268618542
7305,Designated Heritage Property,796 Dufferin Ave, , , ,V,Old East Heritage Conservation District,LSP3383111,359.58166352,106.77862191741
7306,Designated Heritage Property,642 Princess Ave, , , ,V,Old East Heritage Conservation District,LSP3383111,427.69321,115.57750233644
7307,Designated Heritage Property,666 Lorne Ave, , , ,V,Old East Heritage Conservation District,LSP3383111,382.10618676,108.085960011039
7308,Designated Heritage Property,575 Elizabeth St, , , ,V,Old East Heritage Conservation District,LSP3383111,627.36630954,125.440279531512
7309,Designated Heritage Property,571 Elizabeth St, , , ,V,Old East Heritage Conservation District,LSP3383111,331.09662032,91.1934753428512
7310,Designated Heritage Property,853 Queens Ave, , , ,V,Old East Heritage Conservation District,LSP3383111,643.23152768,144.830741144078
7311,Designated Heritage Property,660 Lorne Ave, , , ,V,Old East Heritage Conservation District,LSP3383111,361.0176378,82.8419734676087
7312,Designated Heritage Property,459 Ontario St, , , ,V,Old East Heritage Conservation District,LSP3383111,172.15687592,74.2674206095656
7313,Designated Heritage Property,832 Queens Ave, , , ,V,Old East Heritage Conservation District,LSP3383111,463.55757616,112.351407624745
7314,Designated Heritage Property,462-464 Ontario St, , , ,V,Old East Heritage Conservation District,LSP3383111,363.6682252,76.4041138408508
7315,Designated Heritage Property,510 English St, , , ,V,Old East Heritage Conservation District,LSP3383111,281.0125776,79.3364880013478
7316,Designated Heritage Property,526 English St, , , ,V,Old East Heritage Conservation District,LSP3383111,262.01645944,72.1436874257258
7317,Designated Heritage Property,921 Dufferin Ave, , , ,V,Old East Heritage Conservation District,LSP3383111,420.24640176,110.168393129691
7318,Designated Heritage Property,553 Elizabeth St, , , ,V,Old East Heritage Conservation District,LSP3383111,458.69605888,88.3038837357866
7319,Designated Heritage Property,828 Dufferin Ave, , , ,V,Old East Heritage Conservation District,LSP3383111,558.18200352,115.29194996912
7320,Designated Heritage Property,833 Lorne Ave, , , ,V,Old East Heritage Conservation District,LSP3383111,455.536818,110.760092905928
7321,Designated Heritage Property,825 Dufferin Ave, , , ,V,Old East Heritage Conservation District,LSP3383111,417.0150032,103.025253495392
7322,Designated Heritage Property,435 Quebec St, , , ,V,Old East Heritage Conservation District,LSP3383111,399.11141672,100.957217136136
7323,Designated Heritage Property,844 Dufferin Ave, , , ,V,Old East Heritage Conservation District,LSP3383111,533.57959008,119.2138425035
7324,Designated Heritage Property,799 Lorne Ave, , , ,V,Old East Heritage Conservation District,LSP3383111,357.24707328,106.1867074054
7325,Designated Heritage Property,843-845 Dufferin Ave, , , ,V,Old East Heritage Conservation District,LSP3383111,554.35496064,120.134750373609
7326,Designated Heritage Property,927 Dufferin Ave, , , ,V,Old East Heritage Conservation District,LSP3383111,462.21747314,111.985144411317
7327,Designated Heritage Property,436 Ontario St, , , ,V,Old East Heritage Conservation District,LSP3383111,393.54759602,101.003268424524
7328,Designated Heritage Property,811 Lorne Ave, , , ,V,Old East Heritage Conservation District,LSP3383111,478.2275876,127.729557415951
7329,Designated Heritage Property,790 Lorne Ave, , , ,V,Old East Heritage Conservation District,LSP3383111,360.84979168,99.3545049187336
7330,Designated Heritage Property,849 Dufferin Ave, , , ,V,Old East Heritage Conservation District,LSP3383111,264.25439344,76.7468105448107
7331,Designated Heritage Property,461 Ontario St, , , ,V,Old East Heritage Conservation District,LSP3383111,372.2198036,86.847646388034
7332,Designated Heritage Property,492 English St, , , ,V,Old East Heritage Conservation District,LSP3383111,490.48975656,116.836612583827
7333,Designated Heritage Property,638 Lorne Ave, , , ,V,Old East Heritage Conservation District,LSP3383111,693.74056214,121.645661660467
7334,Designated Heritage Property,817 Lorne Ave, , , ,V,Old East Heritage Conservation District,LSP3383111,414.34384976,108.946266165816
7335,Designated Heritage Property,807 Dufferin Ave, , , ,V,Old East Heritage Conservation District,LSP3383111,471.10950304,115.33048428876
7336,Designated Heritage Property,625 Elias St, , , ,V,Old East Heritage Conservation District,LSP3383111,487.23035664,112.809416678036
7337,Designated Heritage Property,667 Princess Ave, , , ,V,Old East Heritage Conservation District,LSP3383111,382.21739104,108.102624252675
7338,Designated Heritage Property,824 Queens Ave, , , ,V,Old East Heritage Conservation District,LSP3383111,1019.66045744,141.607930642722
7339,Designated Heritage Property,773 Dufferin Ave, , , ,V,Old East Heritage Conservation District,LSP3383111,215.5901552,63.7436932335787
7340,Designated Heritage Property,480 English St, , , ,V,Old East Heritage Conservation District,LSP3383111,471.72749352,107.442547100641
7341,Designated Heritage Property,514 Elizabeth St, , , ,V,Old East Heritage Conservation District,LSP3383111,368.09028312,93.2651202836262
7342,Designated Heritage Property,657 Princess Ave, , , ,V,Old East Heritage Conservation District,LSP3383111,513.83888304,113.821436509672
7343,Designated Heritage Property,820 Dufferin Ave, , , ,V,Old East Heritage Conservation District,LSP3383111,460.1736436,110.968748158096
7344,Designated Heritage Property,786 Dufferin Ave, , , ,V,Old East Heritage Conservation District,LSP3383111,480.0373444,112.154523467667
7345,Designated Heritage Property,687 Princess Ave, , , ,V,Old East Heritage Conservation District,LSP3383111,408.8310348,101.235992403723
7346,Designated Heritage Property,905 Dufferin Ave, , , ,V,Old East Heritage Conservation District,LSP3383111,462.6682176,112.048183286479
7347,Designated Heritage Property,640 Princess Ave, , , ,V,Old East Heritage Conservation District,LSP3383111,873.11759928,185.068180028408
7348,Designated Heritage Property,661 Princess Ave, , , ,V,Old East Heritage Conservation District,LSP3383111,785.00422024,216.139817980306
7349,Designated Heritage Property,868 Queens Ave, , , ,V,Old East Heritage Conservation District,LSP3383111,321.09738584,78.6043873933278
7350,Designated Heritage Property,842 Dufferin Ave, , , ,V,Old East Heritage Conservation District,LSP3383111,455.79616136,110.768577778166
7351,Designated Heritage Property,924 Queens Ave, , , ,V,Old East Heritage Conservation District,LSP3383111,419.8654552,110.134234355061
7352,Designated Heritage Property,"677 Princess Ave, 570 Elizabeth St", , , ,V,Old East Heritage Conservation District,LSP3383111,527.9130876,121.139028421466
7353,Designated Heritage Property,433 Quebec St, , , ,V,Old East Heritage Conservation District,LSP3383111,397.85388848,100.973708075723
7354,Designated Heritage Property,438 Ontario St, , , ,V,Old East Heritage Conservation District,LSP3383111,272.44546848,74.0240438017806
7355,Designated Heritage Property,446 Ontario St, , , ,V,Old East Heritage Conservation District,LSP3383111,289.23869126,75.6919740851705
7356,Designated Heritage Property,798 Dufferin Ave, , , ,V,Old East Heritage Conservation District,LSP3383111,359.43887384,106.739436075371
7357,Designated Heritage Property,770 Lorne Ave, , , ,V,Old East Heritage Conservation District,LSP3383111,373.16404352,99.9356491232688
7358,Designated Heritage Property,862 Queens Ave, , , ,V,Old East Heritage Conservation District,LSP3383111,356.79665104,106.23465397041
7359,Designated Heritage Property,778 Dufferin Ave, , , ,V,Old East Heritage Conservation District,LSP3383111,272.05602832,66.1917893387615
7360,Designated Heritage Property,650 Princess Ave, , , ,V,Old East Heritage Conservation District,LSP3383111,250.37495464,86.8451647077243
7361,Designated Heritage Property,893 Queens Ave, , , ,V,Old East Heritage Conservation District,LSP3383111,661.73642336,145.527030321431
7362,Designated Heritage Property,885 Dufferin Ave, , , ,V,Old East Heritage Conservation District,LSP3383111,333.32574528,86.3417595984755
7363,Designated Heritage Property,527 English St, , , ,V,Old East Heritage Conservation District,LSP3383111,429.49697328,101.902891855478
7364,Designated Heritage Property,792 Lorne Ave, , , ,V,Old East Heritage Conservation District,LSP3383111,360.88866752,99.3641531909575
7365,Designated Heritage Property,826 Dufferin Ave, , , ,V,Old East Heritage Conservation District,LSP3383111,627.97143816,118.373052098899
7366,Designated Heritage Property,912 Queens Ave, , , ,V,Old East Heritage Conservation District,LSP3383111,462.36136448,112.016639824335
7367,Designated Heritage Property,891 Dufferin Ave, , , ,V,Old East Heritage Conservation District,LSP3383111,583.27547544,135.970978740475
7368,Designated Heritage Property,787 Lorne Ave, , , ,V,Old East Heritage Conservation District,LSP3383111,383.75587688,107.172724795375
7369,Designated Heritage Property,892 Queens Ave, , , ,V,Old East Heritage Conservation District,LSP3383111,352.62873312,88.7879693967305
7370,Designated Heritage Property,910 Queens Ave, , , ,V,Old East Heritage Conservation District,LSP3383111,462.27160432,112.019386157939
7371,Designated Heritage Property,852 Queens Ave, , , ,V,Old East Heritage Conservation District,LSP3383111,460.8343888,111.555123602714
7372,Designated Heritage Property,887 Dufferin Ave, , , ,V,Old East Heritage Conservation District,LSP3383111,583.33584024,135.987185142683
7373,Designated Heritage Property,851 Queens Ave, , , ,V,Old East Heritage Conservation District,LSP3383111,624.3752876,144.230122999532
7374,Designated Heritage Property,906 Queens Ave, , , ,V,Old East Heritage Conservation District,LSP3383111,462.316028,112.027801354495
7375,Designated Heritage Property,831 Lorne Ave, , , ,V,Old East Heritage Conservation District,LSP3383111,607.8758968,117.484962994345
7376,Designated Heritage Property,740 Lorne Ave, , , ,V,Old East Heritage Conservation District,LSP3383111,519.45513384,104.252483990559
7377,Designated Heritage Property,823 Dufferin Ave, , , ,V,Old East Heritage Conservation District,LSP3383111,416.93902128,103.03508076036
7378,Designated Heritage Property,709 Lorne Ave, , , ,V,Old East Heritage Conservation District,LSP3383111,195.25028112,58.9604832236575
7379,Designated Heritage Property,814 Dufferin Ave, , , ,V,Old East Heritage Conservation District,LSP3383111,406.75454864,108.630903886313
7380,Designated Heritage Property,903 Dufferin Ave, , , ,V,Old East Heritage Conservation District,LSP3383111,462.6970428,112.055803147237
7381,Designated Heritage Property,806 Dufferin Ave, , , ,V,Old East Heritage Conservation District,LSP3383111,451.16954064,110.701891651965
7382,Designated Heritage Property,"723 Lorne Ave, 25 Queens Pl", , , ,V,Old East Heritage Conservation District,LSP3383111,13557.74054734,523.172354294841
7383,Designated Heritage Property,"528 Elizabeth St, 700 Lorne Ave", , , ,V,Old East Heritage Conservation District,LSP3383111,282.15413576,74.682784841526
7384,Designated Heritage Property,870 Queens Ave, , , ,V,Old East Heritage Conservation District,LSP3383111,285.90237424,75.895160331896
7385,Designated Heritage Property,769 Dufferin Ave, , , ,V,Old East Heritage Conservation District,LSP3383111,202.10927408,62.5245897196014
7386,Designated Heritage Property,510 Elizabeth St, , , ,V,Old East Heritage Conservation District,LSP3383111,514.86262094,128.770189056737
7387,Designated Heritage Property,795 Lorne Ave, , , ,V,Old East Heritage Conservation District,LSP3383111,350.11532186,105.806622972696
7388,Designated Heritage Property,945 Queens Ave, , , ,V,Old East Heritage Conservation District,LSP3383111,628.2899476,145.092110296
7389,Designated Heritage Property,703 Lorne Ave, , , ,V,Old East Heritage Conservation District,LSP3383111,388.75914536,96.2645894595508
7390,Designated Heritage Property,937 Queens Ave, , , ,V,Old East Heritage Conservation District,LSP3383111,451.0628016,107.851383925067
7391,Designated Heritage Property,809 Dufferin Ave, , , ,V,Old East Heritage Conservation District,LSP3383111,576.59835728,122.513017469147
7392,Designated Heritage Property,529 English St, , , ,V,Old East Heritage Conservation District,LSP3383111,429.6370824,101.928225514676
7393,Designated Heritage Property,489 English St, , , ,V,Old East Heritage Conservation District,LSP3383111,484.32973064,112.604234912933
7394,Designated Heritage Property,494 English St, , , ,V,Old East Heritage Conservation District,LSP3383111,487.3590992,116.694746629018
7395,Designated Heritage Property,548 Elizabeth St, , , ,V,Old East Heritage Conservation District,LSP3383111,615.92660402,125.132617541523
7396,Designated Heritage Property,844 Queens Ave, , , ,V,Old East Heritage Conservation District,LSP3383111,465.11734384,112.475391420287
7397,Designated Heritage Property,685 Princess Ave, , , ,V,Old East Heritage Conservation District,LSP3383111,408.52922328,101.1734896693
7398,Designated Heritage Property,899 Queens Ave, , , ,V,Old East Heritage Conservation District,LSP3383111,364.26181696,102.460693834402
7399,Designated Heritage Property,652 Lorne Ave, , , ,V,Old East Heritage Conservation District,LSP3383111,340.16304038,106.188883437603
7400,Designated Heritage Property,929 Queens Ave, , , ,V,Old East Heritage Conservation District,LSP3383111,875.8571092,127.360846783477
7401,Designated Heritage Property,841-841/ Dufferin Ave, , , ,V,Old East Heritage Conservation District,LSP3383111,508.03073216,114.639586906364
7402,Designated Heritage Property,665-665B Lorne Ave, , , ,V,Old East Heritage Conservation District,LSP3383111,488.46597464,113.043034651364
7403,Designated Heritage Property,711-713 Lorne Ave, , , ,V,Old East Heritage Conservation District,LSP3383111,272.14224608,66.8791271488743
7404,Designated Heritage Property,827-829 Lorne Ave, , , ,V,Old East Heritage Conservation District,LSP3383111,607.67718296,117.477126336436
7405,Designated Heritage Property,788 Dufferin Ave, , , ,V,Old East Heritage Conservation District,LSP3383111,479.75491368,112.100870421083
7406,Designated Heritage Property,797 Dufferin Ave, , , ,V,Old East Heritage Conservation District,LSP3383111,729.9955908,123.888271386648
7407,Designated Heritage Property,656 Lorne Ave, , , ,V,Old East Heritage Conservation District,LSP3383111,381.9551226,108.044041270412
7408,Designated Heritage Property,552/-554 Elizabeth St, , , ,V,Old East Heritage Conservation District,LSP3383111,1801.73998966,243.061474168642
7409,Designated Heritage Property,552 Elizabeth St, , , ,V,Old East Heritage Conservation District,LSP3383111,296.14938454,84.7442850648081
7410,Designated Heritage Property,536-538 Elizabeth St, , , ,V,Old East Heritage Conservation District,LSP3383111,903.22824562,136.57704938079
7411,Designated Heritage Property,828 Queens Ave, , , ,V,Old East Heritage Conservation District,LSP3383111,465.52452424,112.59294487825
7412,Designated Heritage Property,291 Pall Mall St, , , ,V,West Woodfield Heritage Conservation District,LSP3400254,320.51937184,102.123602328151
7413,Designated Heritage Property,288 Hyman St, , , ,V,West Woodfield Heritage Conservation District,LSP3400254,427.27299228,106.898146830837
7414,Designated Heritage Property,312 Hyman St, , , ,V,West Woodfield Heritage Conservation District,LSP3400254,426.34191172,106.9599445352
7415,Designated Heritage Property,641 Waterloo St, , , ,V,West Woodfield Heritage Conservation District,LSP3400254,484.48252472,95.5111845063439
7416,Designated Heritage Property,655-657 Waterloo St, , , ,V,West Woodfield Heritage Conservation District,LSP3400254,444.39478704,90.0277129982765
7417,Designated Heritage Property,651 Waterloo St, , , ,V,West Woodfield Heritage Conservation District,LSP3400254,336.71979216,103.666416336569
7418,Designated Heritage Property,647 Waterloo St, , , ,V,West Woodfield Heritage Conservation District,LSP3400254,331.79417328,103.320579955807
7419,Designated Heritage Property,636 Wellington St, , , ,V,West Woodfield Heritage Conservation District,LSP3400254,410.9442143,125.703974915098
7420,Designated Heritage Property,300 Hyman St, , , ,V,West Woodfield Heritage Conservation District,LSP3400254,641.03954362,116.746231854672
7421,Designated Heritage Property,287 Pall Mall St, , , ,V,West Woodfield Heritage Conservation District,LSP3400254,293.2158472,78.4365403372957
7422,Designated Heritage Property,653 Waterloo St, , , ,V,West Woodfield Heritage Conservation District,LSP3400254,310.10675128,102.524037873831
7423,Designated Heritage Property,314 Hyman St, , , ,V,West Woodfield Heritage Conservation District,LSP3400254,426.44806224,106.9786714629
7424,Designated Heritage Property,290 Hyman St, , , ,V,West Woodfield Heritage Conservation District,LSP3400254,426.33262666,106.869027370754
7425,Designated Heritage Property,643-645 Waterloo St, , , ,V,West Woodfield Heritage Conservation District,LSP3400254,640.40738944,116.838520911163
7426,Designated Heritage Property,634 Wellington St, , , ,V,West Woodfield Heritage Conservation District,LSP3400254,636.45616084,116.60085836184
7427,Designated Heritage Property,316 Hyman St, , , ,V,West Woodfield Heritage Conservation District,LSP3400254,415.07767322,106.4727585478
7428,Designated Heritage Property,649 Waterloo St, , , ,V,West Woodfield Heritage Conservation District,LSP3400254,313.96152072,102.574883596609
7429,Designated Heritage Property,320 Hyman St, , , ,V,West Woodfield Heritage Conservation District,LSP3400254,310.88199672,79.6369675843582
7430,Designated Heritage Property,286 Hyman St, , , ,V,West Woodfield Heritage Conservation District,LSP3400254,353.51341932,82.50823146577
7431,Designated Heritage Property,628 Wellington St, , , ,V,West Woodfield Heritage Conservation District,LSP3400254,459.7900827,92.3111506672743
7432,Designated Heritage Property,640 Wellington St, , , ,V,West Woodfield Heritage Conservation District,LSP3400254,282.18440924,78.8734028334934
7433,Designated Heritage Property,289 Pall Mall St, , , ,V,West Woodfield Heritage Conservation District,LSP3400254,294.1366312,100.902348012301
7434,Designated Heritage Property,298 Hyman St, , , ,V,West Woodfield Heritage Conservation District,LSP3400254,589.21032896,114.356296544252
7435,Designated Heritage Property,638 Wellington St, , , ,V,West Woodfield Heritage Conservation District,LSP3400254,288.34194666,79.2834848516094
7436,Designated Heritage Property,294 Hyman St, , , ,V,West Woodfield Heritage Conservation District,LSP3400254,479.1096283,109.299739391562
7437,Designated Heritage Property,318 Hyman St, , , ,V,West Woodfield Heritage Conservation District,LSP3400254,639.9334101,116.767180559778
7438,Designated Heritage Property,630 Wellington St, , , ,V,West Woodfield Heritage Conservation District,LSP3400254,636.46208838,116.600858363011
7439,Designated Heritage Property,315 Hyman St, , , ,V,West Woodfield Heritage Conservation District,LSP3400254,440.18608656,107.669546754007
7440,Designated Heritage Property,317 Hyman St, , , ,V,West Woodfield Heritage Conservation District,LSP3400254,320.12108224,102.17787657855
7441,Designated Heritage Property,319 Hyman St, , , ,V,West Woodfield Heritage Conservation District,LSP3400254,320.09314192,102.171041429026
7442,Designated Heritage Property,650 Waterloo St, , , ,V,West Woodfield Heritage Conservation District,LSP3400254,2588.85091612,204.716073094699
7443,Designated Heritage Property,616 Waterloo St, , , ,V,West Woodfield Heritage Conservation District,LSP3400254,693.00136204,122.699148428833
7444,Designated Heritage Property,642/ Waterloo St, , , ,V,West Woodfield Heritage Conservation District,LSP3400254,506.11737926,142.800581052198
7445,Designated Heritage Property,612 Waterloo St, , , ,V,West Woodfield Heritage Conservation District,LSP3400254,694.33441976,122.878127117591
7446,Designated Heritage Property,604 Waterloo St, , , ,V,West Woodfield Heritage Conservation District,LSP3400254,355.11655664,108.480981392745
7447,Designated Heritage Property,602 Waterloo St, , , ,V,West Woodfield Heritage Conservation District,LSP3400254,711.27437388,123.850930271058
7448,Designated Heritage Property,606 Waterloo St, , , ,V,West Woodfield Heritage Conservation District,LSP3400254,354.76890904,108.389595629386
7449,Designated Heritage Property,354 Central Ave, , , ,V,West Woodfield Heritage Conservation District,LSP3400254,552.14445284,139.094978632492
7450,Designated Heritage Property,366 Central Ave, , , ,V,West Woodfield Heritage Conservation District,LSP3400254,411.31348568,101.925181446103
7451,Designated Heritage Property,352 Central Ave, , , ,V,West Woodfield Heritage Conservation District,LSP3400254,460.12410676,136.048630165628
7452,Designated Heritage Property,368 Central Ave, , , ,V,West Woodfield Heritage Conservation District,LSP3400254,411.30768362,101.924947477568
7453,Designated Heritage Property,374 Central Ave, , , ,V,West Woodfield Heritage Conservation District,LSP3400254,479.85947614,105.276587575321
7454,Designated Heritage Property,388 Central Ave, , , ,V,West Woodfield Heritage Conservation District,LSP3400254,330.36376868,97.982294230469
7455,Designated Heritage Property,380 Central Ave, , , ,V,West Woodfield Heritage Conservation District,LSP3400254,483.01593942,105.437164947403
7456,Designated Heritage Property,386 Central Ave, , , ,V,West Woodfield Heritage Conservation District,LSP3400254,330.34530772,97.9779870083158
7457,Designated Heritage Property,390 Central Ave, , , ,V,West Woodfield Heritage Conservation District,LSP3400254,436.35661222,103.166705360894
7458,Designated Heritage Property,392 Central Ave, , , ,V,West Woodfield Heritage Conservation District,LSP3400254,317.84667208,105.000226307021
7459,Designated Heritage Property,400 Central Ave, , , ,V,West Woodfield Heritage Conservation District,LSP3400254,477.58809042,87.4706179082892
7460,Designated Heritage Property,601 Colborne St, , , ,V,West Woodfield Heritage Conservation District,LSP3400254,280.09593576,78.2017395177029
7461,Designated Heritage Property,603 Colborne St, , , ,V,West Woodfield Heritage Conservation District,LSP3400254,262.19845896,77.0235553103274
7462,Designated Heritage Property,415 Central Ave, , , ,V,West Woodfield Heritage Conservation District,LSP3400254,292.75976477,73.7292581327109
7463,Designated Heritage Property,417 Central Ave, , , ,V,West Woodfield Heritage Conservation District,LSP3400254,292.75019648,73.7285087145947
7464,Designated Heritage Property,427 Central Ave, , , ,V,West Woodfield Heritage Conservation District,LSP3400254,269.64829664,71.9013528011922
7465,Designated Heritage Property,107 Cartwright St, , , ,V,West Woodfield Heritage Conservation District,LSP3400254,643.45271088,119.172878928236
7466,Designated Heritage Property,459-461 Central Ave, , , ,V,West Woodfield Heritage Conservation District,LSP3400254,195.17026344,59.2902463854498
7467,Designated Heritage Property,443 Central Ave, , , ,V,West Woodfield Heritage Conservation District,LSP3400254,297.12726352,79.2143320330482
7468,Designated Heritage Property,591 Maitland St, , , ,V,West Woodfield Heritage Conservation District,LSP3400254,462.90434232,112.190797962976
7469,Designated Heritage Property,599 Maitland St, , , ,V,West Woodfield Heritage Conservation District,LSP3400254,489.61899312,113.566220033393
7470,Designated Heritage Property,607 Maitland St, , , ,V,West Woodfield Heritage Conservation District,LSP3400254,134.5804752,48.1354088031381
7471,Designated Heritage Property,455 Central Ave, , , ,V,West Woodfield Heritage Conservation District,LSP3400254,269.31859352,74.3151785425105
7472,Designated Heritage Property,593 Maitland St, , , ,V,West Woodfield Heritage Conservation District,LSP3400254,673.62814696,121.375958520084
7473,Designated Heritage Property,453 Central Ave, , , ,V,West Woodfield Heritage Conservation District,LSP3400254,309.05845704,81.4371221399817
7474,Designated Heritage Property,457 Central Ave, , , ,V,West Woodfield Heritage Conservation District,LSP3400254,267.14016816,76.4506950396114
7475,Designated Heritage Property,445 Central Ave, , , ,V,West Woodfield Heritage Conservation District,LSP3400254,405.16605248,86.525852740903
7476,Designated Heritage Property,603 Maitland St, , , ,V,West Woodfield Heritage Conservation District,LSP3400254,302.60619816,78.7429596121455
7477,Designated Heritage Property,441 Central Ave, , , ,V,West Woodfield Heritage Conservation District,LSP3400254,323.49992122,80.9988091789596
7478,Designated Heritage Property,102 Cartwright St, , , ,V,West Woodfield Heritage Conservation District,LSP3400254,477.23300478,112.979216108612
7479,Designated Heritage Property,605 Maitland St, , , ,V,West Woodfield Heritage Conservation District,LSP3400254,105.10209696,44.2649978324008
7480,Designated Heritage Property,585 Maitland St, , , ,V,West Woodfield Heritage Conservation District,LSP3400254,527.47086296,114.965640102294
7481,Designated Heritage Property,24/ Palace St,1884, , ,V,East Woodfield Heritage Conservation District,LSP317968,557.45654998,147.710897334625
7482,Listed Heritage Property,245 Pall Mall St,1958, ,Mid-Century Modern, , , ,3596.6917349,300.335300769923
7483,Listed Heritage Property,587 Rosedale St,1923, , , , , ,312.10379096,97.1884979588871
7484,Designated Heritage Property,Easement, , , ,V,Old East Heritage Conservation District,LSP3383111,38.2110368,28.3154077459074
7485,Designated Heritage Property,Easement, , , ,V,Old East Heritage Conservation District,LSP3383111,137.69892688,96.6458340761132
7486,Designated Heritage Property,Easement, , , ,V,Old East Heritage Conservation District,LSP3383111,25.505586,22.8521561555613
7487,Designated Heritage Property,Easement, , , ,V,West Woodfield Heritage Conservation District,LSP3400254,813.778082,417.186064238912
7488,Designated Heritage Property,107 Cartwright St, , , ,V,West Woodfield Heritage Conservation District,LSP3400254,107.28663608,71.232680237716
7489,Designated Heritage Property,311 Hyman St,1896c, ,Italianate,V,West Woodfield Heritage Conservation District,LSP3400254,600.37403392,115.00077888739
7490,Designated Heritage Property,629 Wellington St,1887c,London Leasehold,High Victorian,V,West Woodfield Heritage Conservation District,LSP3400254,621.37391336,114.831185038165
7491,Designated Heritage Property,18 Palace St,1870c, ,Italianate,V,East Woodfield Heritage Conservation District,LSP317968,417.83509268,109.707943118429
7492,Designated Heritage Property,534 Princess Ave,1907c,Cheshire Homes,Late Victorian,V,East Woodfield Heritage Conservation District,LSP317968,580.11670552,106.632877226622
7493,Designated Heritage Property,430 Ontario St, , , ,V,Old East Heritage Conservation District,LSP3383111,439.5959205,103.009281669117
7494,Designated Heritage Property,847 Queens Ave, , , ,V,Old East Heritage Conservation District,LSP3383111,624.56942592,144.24395155471
7495,Designated Heritage Property,794 Queens Ave, , , ,V,Old East Heritage Conservation District,LSP3383111,729.79107652,123.87554521783
7496,Designated Heritage Property,657 Lorne Ave, , , ,V,Old East Heritage Conservation District,LSP3383111,383.47781768,108.429080878533
7497,Designated Heritage Property,437 Ontario St, , , ,V,Old East Heritage Conservation District,LSP3383111,359.27955288,84.1718557262501
7498,Designated Heritage Property,661 Lorne Ave, , , ,V,Old East Heritage Conservation District,LSP3383111,383.66094944,108.447809567371
7499,Designated Heritage Property,626 Wellington St, , , ,V,West Woodfield Heritage Conservation District,LSP3400254,460.03615844,92.3268093911815
7500,Designated Heritage Property,313 Hyman St, , , ,V,West Woodfield Heritage Conservation District,LSP3400254,400.2055136,105.85021049417
7501,Designated Heritage Property,617 Waterloo St, , , ,V,West Woodfield Heritage Conservation District,LSP3400254,464.04784736,92.7903506782401
7502,Designated Heritage Property,596 Waterloo St, , , ,V,West Woodfield Heritage Conservation District,LSP3400254,712.65680582,124.033188625319
7503,Designated Heritage Property,98 Cartwright St, , , ,V,West Woodfield Heritage Conservation District,LSP3400254,450.72155236,111.830572545553
7504,Designated Heritage Property,583 Maitland St, , , ,V,West Woodfield Heritage Conservation District,LSP3400254,480.64545872,112.899066771769
7505,Designated Heritage Property,469 Princess Ave,1886, ,High Victorian,V,East Woodfield Heritage Conservation District,LSP317968,444.91933788,97.3914760936509
7506,Designated Heritage Property,354-360 Princess Ave,1872, ,Gothic Revival,V,West Woodfield Heritage Conservation District,LSP3400254,1731.40917396,232.763856060251
7507,Designated Heritage Property,592 Dufferin Ave,1880, , ,V,East Woodfield Heritage Conservation District,LSP317968,416.97181902,89.0237207107435
7508,Designated Heritage Property,484 Princess Ave,1881,Turbitt Property, ,V,East Woodfield Heritage Conservation District,LSP317968,428.79329832,115.874223498428
7509,Listed Heritage Property,776 Dundas St,1885c,London Union Of Unem,Italianate, , , ,1437.66648048,184.013997691703
7510,Designated Heritage Property,528 Princess Ave,1890, ,Vernacular,V,East Woodfield Heritage Conservation District,LSP317968,479.55188088,101.351652147119
7511,Designated Heritage Property,518 Dufferin Ave,1876, ,High Victorian,V,East Woodfield Heritage Conservation District,LSP317968,1010.16091816,155.578730816577
7512,Designated Heritage Property,515 William St,1881,Sutherland Property,Italianate,V,East Woodfield Heritage Conservation District,LSP317968,703.6192596,118.208212869709
7513,Designated Heritage Property,482 Princess Ave,1881, , ,V,East Woodfield Heritage Conservation District,LSP317968,320.86678728,111.463453564607
7514,Designated Heritage Property,618 Wellington St,1893c,Dawkins Property,High Victorian,V,West Woodfield Heritage Conservation District,LSP3400254,625.75987424,114.860736280074
7515,Designated Heritage Property,290 Central Ave,1893, ,Queen Anne,V,West Woodfield Heritage Conservation District,LSP3400254,320.0403252,102.285923148702
7516,Designated Heritage Property,302 Wolfe St,1898c,Alice Saddy Assoc.,High Victorian,V,West Woodfield Heritage Conservation District,LSP3400254,654.00922454,116.759504769623
7517,Designated Heritage Property,627 Wellington St,1902c,Phi Gamma Delta Bldg,High Victorian,V,West Woodfield Heritage Conservation District,LSP3400254,454.03287746,91.6986223424555
7518,Designated Heritage Property,522 Princess Ave,1890c, ,Queen Anne,V,East Woodfield Heritage Conservation District,LSP317968,267.95136424,76.9128120596025
7519,Designated Heritage Property,297 Central Ave,1908c, ,Queen Anne,V,West Woodfield Heritage Conservation District,LSP3400254,272.607295935,94.7470986205503
7520,Designated Heritage Property,570 Dufferin Ave,1923, , ,V,East Woodfield Heritage Conservation District,LSP317968,562.55409616,141.373721321548
7521,Designated Heritage Property,424-426 Princess Ave,1881,Docker Property,Italianate,V,West Woodfield Heritage Conservation District,LSP3400254,613.24413024,101.271207691781
7522,Designated Heritage Property,588 Dufferin Ave,1885c, , ,V,East Woodfield Heritage Conservation District,LSP317968,417.60591974,136.880798214601
7523,Designated Heritage Property,778-780 Dundas St,1886,Skipper Submarine,Italianate,IV, ,LSP317517,620.16981728,143.660759092311
7524,Designated Heritage Property,30 Prospect Ave,1883, ,High Victorian,V,East Woodfield Heritage Conservation District,LSP317968,293.60936016,84.6206573976713
7525,Designated Heritage Property,567 Dufferin Ave,1890, ,Vernacular,V,East Woodfield Heritage Conservation District,LSP317968,494.844544,113.412028250536
7526,Designated Heritage Property,540 Colborne St,1888c, ,Regency,IV And V,West Woodfield Heritage Conservation District,LSP3100375,692.16324996,121.955091356426
7527,Designated Heritage Property,657 Dufferin Ave,1899c, ,Ontario Cottage,V,Old East Heritage Conservation District,LSP3383111,536.49785112,114.995945154741
7528,Designated Heritage Property,299 Central Ave,1908, ,Queen Anne,V,West Woodfield Heritage Conservation District,LSP3400254,272.565633255,94.7366112175603
7529,Designated Heritage Property,547-555 Colborne St,1855c, ,Eclectic,V,West Woodfield Heritage Conservation District,LSP3400254,788.01710592,112.403138265736
7530,Designated Heritage Property,21 Palace St,1895c, , ,V,East Woodfield Heritage Conservation District,LSP317968,707.67076112,121.224769454835
7531,Designated Heritage Property,490 Princess Ave,1881c, ,Italianate,V,East Woodfield Heritage Conservation District,LSP317968,327.72200872,80.8091860411176
7532,Designated Heritage Property,524 Dufferin Ave,1920, , ,V,East Woodfield Heritage Conservation District,LSP317968,1010.36936536,155.602278923543
7533,Designated Heritage Property,839 Queens Ave,1881c,Sonik Property,Queen Anne,IV And V,Old East Heritage Conservation District,LSP313549,624.68922352,144.270863137515
7534,Designated Heritage Property,24 Prospect Ave,1886c, ,Italianate,V,East Woodfield Heritage Conservation District,LSP317968,599.17407616,113.52563546099
7535,Designated Heritage Property,755 Queens Ave,1907, ,Late Victorian,V,Old East Heritage Conservation District,LSP3383111,214.67558124,59.1489758738586
7536,Designated Heritage Property,508-510 William St,1893,Stevens Property,Queen Anne,V,East Woodfield Heritage Conservation District,LSP317968,844.22550521,122.608026442174
7537,Designated Heritage Property,700 Queens Ave,1875c,Chamberlain Cottage, ,V,Old East Heritage Conservation District,LSP3383111,534.33906816,125.203522548542
7538,Designated Heritage Property,550 Dufferin Ave,1950c, ,Tudor Revival,V,East Woodfield Heritage Conservation District,LSP317968,1217.07295012,141.058161378867
7539,Listed Heritage Property,"252-258 Central Ave, 605-617 Wellington", , , , , , ,6383.35882704,567.726031933525
7540,Designated Heritage Property,544 Waterloo St,1881,Blumas Property,Italianate,V,West Woodfield Heritage Conservation District,LSP3400254,978.71747844,140.075914898012
7541,Designated Heritage Property,515 Princess Ave,1889, ,Late Victorian,V,East Woodfield Heritage Conservation District,LSP317968,461.05136492,137.710383039427
7542,Designated Heritage Property,310 Wolfe St,1893c, ,High Victorian,IV And V,West Woodfield Heritage Conservation District,LSP3075187,329.48858742,101.757262377959
7543,Designated Heritage Property,574 Dufferin Ave,1885, , ,V,East Woodfield Heritage Conservation District,LSP317968,562.74592972,141.415481884013
7544,Designated Heritage Property,593 Dufferin Ave,1902, ,Vernacular,V,East Woodfield Heritage Conservation District,LSP317968,280.21811912,79.4761915335281
7545,Designated Heritage Property,298 Central Ave,1891c, ,High Victorian,V,West Woodfield Heritage Conservation District,LSP3400254,638.327176755,116.804748767527
7546,Designated Heritage Property,596 Dufferin Ave,1916, ,Colonial Revival,V,East Woodfield Heritage Conservation District,LSP317968,727.35535202,124.406774568332
7547,Designated Heritage Property,309 Hyman St,1893c,Denny/johnson Prop.,Queen Anne,V,West Woodfield Heritage Conservation District,LSP3400254,480.3487404,109.528116185875
7548,Designated Heritage Property,572 Maitland St,1900, ,Vernacular,V,East Woodfield Heritage Conservation District,LSP317968,330.77289664,105.290038771915
7549,Designated Heritage Property,570 Wellington St,1905c,Gale Property,Queen Anne,V,West Woodfield Heritage Conservation District,LSP3400254,394.495899,82.2608655698655
7550,Designated Heritage Property,500 Dufferin Ave,1874c, ,Italianate,IV And V,East Woodfield Heritage Conservation District,LSP3087294,453.42226928,102.990299217826
7551,Designated Heritage Property,580 Dufferin Ave,1885, , ,V,East Woodfield Heritage Conservation District,LSP317968,549.62930392,141.078519202339
7552,Designated Heritage Property,459 Princess Ave,1880c, ,Vernacular,V,West Woodfield Heritage Conservation District,LSP3400254,842.3561618,123.999462021957
7553,Designated Heritage Property,7 Prospect Ave,1883c, ,Side-hall Plan (shp) Cottage,IV And V,East Woodfield Heritage Conservation District,LSP3098354,423.14666464,96.9230126668888
7554,Listed Heritage Property,"222-236 Central Ave, 231-235 Hyman St", , , , , , ,6351.486262,321.762432654494
7555,Designated Heritage Property,9 Prospect Ave,1883c, ,Side-hall Plan (shp) Cottage,IV And V,East Woodfield Heritage Conservation District,LSP317719,416.96300336,96.5884119079471
7556,Designated Heritage Property,578 Waterloo St,1888c, ,Vernacular,V,West Woodfield Heritage Conservation District,LSP3400254,505.4090508,120.649409637435
7557,Designated Heritage Property,393 Central Ave,1870c, , ,V,West Woodfield Heritage Conservation District,LSP3400254,282.90336128,79.8261832389686
7558,Designated Heritage Property,578 Dufferin Ave,1885, ,Vernacular,V,East Woodfield Heritage Conservation District,LSP317968,816.31393732,149.69320997195
7559,Designated Heritage Property,580 Waterloo St,1880c, ,Vernacular,V,West Woodfield Heritage Conservation District,LSP3400254,660.51199194,112.922702425589
7560,Designated Heritage Property,510 Princess Ave,1882c, ,Italianate,IV And V,East Woodfield Heritage Conservation District,LSP2969395,459.07467648,99.3373740778074
7561,Designated Heritage Property,520 William St,1898, ,Vernacular,V,East Woodfield Heritage Conservation District,LSP317968,369.43707898,99.1188954213271
7562,Designated Heritage Property,283 Hyman St,1902c,Latham Property,Late Victorian,V,West Woodfield Heritage Conservation District,LSP3400254,177.96327344,53.5795924714408
7563,Listed Heritage Property,565-567 Princess Ave,1895c, ,Queen Anne, , , ,588.90550328,115.40638207663
7564,Designated Heritage Property,625 Wellington St,1893c,Imp.collection Agen,High Victorian,V,West Woodfield Heritage Conservation District,LSP3400254,472.81967626,92.273657444718
7565,Designated Heritage Property,13 Prospect Ave,1883c,Schnall Property,High Victorian,V,East Woodfield Heritage Conservation District,LSP317968,642.27017176,108.754756477536
7566,Designated Heritage Property,453 Princess Ave,1881, ,Italianate,V,West Woodfield Heritage Conservation District,LSP3400254,389.8491611,103.587078907115
7567,Designated Heritage Property,487A-489 Princess Ave,1881,Hall Property, ,V,East Woodfield Heritage Conservation District,LSP317968,554.74722076,121.556570504854
7568,Designated Heritage Property,26 Prospect Ave,1881c,Troughton Property,Italianate,IV And V,East Woodfield Heritage Conservation District,LSP2805405,599.15986064,113.524885545313
7569,Designated Heritage Property,36 Prospect Ave,1883c, ,Ontario Cottage,V,East Woodfield Heritage Conservation District,LSP317968,477.4064509,87.6839080950589
7570,Designated Heritage Property,602 Dufferin Ave,1895c, , ,V,East Woodfield Heritage Conservation District,LSP317968,764.899345,118.025230736491
7571,Designated Heritage Property,506 Dufferin Ave,1876, ,Ontario Cottage,V,East Woodfield Heritage Conservation District,LSP317968,723.00802304,116.395117598051
7572,Designated Heritage Property,809 Queens Ave,1907, ,Ontario Cottage,V,Old East Heritage Conservation District,LSP3383111,938.85226424,133.563562026047
7573,Designated Heritage Property,294 Wolfe St,1900c,Fones Property,Queen Anne,V,West Woodfield Heritage Conservation District,LSP3400254,323.49293604,100.486584601658
7574,Designated Heritage Property,597 Dufferin Ave,1936, , ,V,East Woodfield Heritage Conservation District,LSP317968,547.4064844,107.026866361835
7575,Designated Heritage Property,17 Palace St,1880c, ,Vernacular,V,East Woodfield Heritage Conservation District,LSP317968,306.98689632,103.27521152603
7576,Designated Heritage Property,562 Maitland St,1894, ,Vernacular,V,East Woodfield Heritage Conservation District,LSP317968,551.8286832,115.038631209945
7577,Designated Heritage Property,655 Lorne Ave,1891, ,Side-hall Plan (shp) Cottage,V,Old East Heritage Conservation District,LSP3383111,383.56124576,108.4217718888
7578,Designated Heritage Property,400 Princess Ave,1927,Leach Apts,Tudor Revival,V,West Woodfield Heritage Conservation District,LSP3400254,340.19271667,90.7964140994549
7579,Designated Heritage Property,505 Princess Ave,1875c, ,Italianate,V,East Woodfield Heritage Conservation District,LSP317968,199.01906166,60.0590110932039
7580,Designated Heritage Property,585 Dufferin Ave,1926, ,Vernacular,V,East Woodfield Heritage Conservation District,LSP317968,517.58111616,114.378313764821
7581,Designated Heritage Property,512 Princess Ave,1935, , ,V,East Woodfield Heritage Conservation District,LSP317968,362.08851674,85.3556454112041
7582,Designated Heritage Property,516 William St,1885, ,Vernacular,V,East Woodfield Heritage Conservation District,LSP317968,482.34610272,104.703912204888
7583,Listed Heritage Property,850 Dundas St,1898, ,Late Victorian, , , ,868.89128456,151.927008888059
7584,Designated Heritage Property,570 Maitland St,1889, ,Vernacular,V,East Woodfield Heritage Conservation District,LSP317968,331.6043504,105.32674289167
7585,Designated Heritage Property,577 Dufferin Ave,1928, , ,V,East Woodfield Heritage Conservation District,LSP317968,535.02932384,115.143070977093
7586,Designated Heritage Property,702 Queens Ave,1880, ,Italianate,V,Old East Heritage Conservation District,LSP3383111,359.9394348,99.4306040233229
7587,Designated Heritage Property,472 Princess Ave,1884,Noel Property,Italianate,V,East Woodfield Heritage Conservation District,LSP317968,614.86983296,126.383962466007
7588,Designated Heritage Property,563-565 Dufferin Ave,1870c, ,Italianate,V,East Woodfield Heritage Conservation District,LSP317968,1023.34367328,151.387381520782
7589,Designated Heritage Property,512 William St,1920c, ,Vernacular,V,East Woodfield Heritage Conservation District,LSP317968,492.54611096,105.20616014753
7590,Designated Heritage Property,305 Central Ave,1905c, ,Queen Anne,V,West Woodfield Heritage Conservation District,LSP3400254,488.1855494,105.31697496935
7591,Designated Heritage Property,565 Colborne St,1905c, ,Edwardian,V,West Woodfield Heritage Conservation District,LSP3400254,726.72933616,116.070265796416
7592,Designated Heritage Property,763 Queens Ave,1886, ,Ontario Cottage,V,Old East Heritage Conservation District,LSP3383111,352.85981552,78.8899740454286
7593,Designated Heritage Property,754-758 Queens Ave,1900c, ,Queen Anne,V,Old East Heritage Conservation District,LSP3383111,789.90946312,116.644100635032
7594,Designated Heritage Property,517 William St,1915, ,Vernacular,V,East Woodfield Heritage Conservation District,LSP317968,695.85011696,117.794697936464
7595,Designated Heritage Property,355 Central Ave,1877, ,Ontario Cottage,V,West Woodfield Heritage Conservation District,LSP3400254,800.22278042,146.197429751246
7596,Designated Heritage Property,535 Colborne St,1881, ,High Victorian,V,West Woodfield Heritage Conservation District,LSP3400254,385.70198392,84.0209715382223
7597,Listed Heritage Property,615 Wellington St,1883c,Manton Gr.of London,High Victorian, , , ,468.6261804,93.584836315521
7598,Designated Heritage Property,87 Cartwright St,1880c, ,Vernacular,V,West Woodfield Heritage Conservation District,LSP3400254,532.75082408,114.297877045867
7599,Designated Heritage Property,601 Dufferin Ave,1900c, ,Colonial Revival,V,East Woodfield Heritage Conservation District,LSP317968,148.15016272,51.7940890955032
7600,Designated Heritage Property,591 Dufferin Ave,1905, ,Vernacular,V,East Woodfield Heritage Conservation District,LSP317968,268.08664896,78.603171027353
7601,Listed Heritage Property,640 Richmond St,1891c,Toddle Inn Rest.ltd.,Vernacular, , , ,424.04772096,117.360615311309
7602,Designated Heritage Property,553 Princess Ave,1855c, , ,V,East Woodfield Heritage Conservation District,LSP317968,193.2976936,57.7259561257706
7603,Listed Heritage Property,253 Hyman St,1907c,Alcor Inv. Ltd.,Ontario Cottage, , , ,562.47893832,114.436999184465
7604,Designated Heritage Property,587 Dufferin Ave,1921, ,Four Square,V,East Woodfield Heritage Conservation District,LSP317968,584.44231368,117.323454627557
7605,Designated Heritage Property,532 Dufferin Ave,1887c, ,Queen Anne,IV And V,East Woodfield Heritage Conservation District,LSP317968,1104.092020255,135.316823135708
7606,Designated Heritage Property,514 William St,1880c, ,Ontario Cottage,V,East Woodfield Heritage Conservation District,LSP317968,455.61638086,103.379942880314
7607,Designated Heritage Property,24 Hope St,1881,Shirley Property,Ontario Cottage,V,West Woodfield Heritage Conservation District,LSP3400254,365.30660056,84.3247026631148
7608,Designated Heritage Property,594 Dufferin Ave,1884c,Henshow Property,Gothic Revival,V,East Woodfield Heritage Conservation District,LSP317968,753.32979024,185.933136945425
7609,Designated Heritage Property,529 Princess Ave,1884c, ,Italianate,IV And V,East Woodfield Heritage Conservation District,LSP310415,886.39334208,119.785154567962
7610,Designated Heritage Property,368 Princess Ave,1875c, ,Italianate,V,West Woodfield Heritage Conservation District,LSP3400254,901.516964765,147.961354954309
7611,Designated Heritage Property,524 William St,1905, ,Vernacular,V,East Woodfield Heritage Conservation District,LSP317968,272.11578206,77.9429195504412
7612,Designated Heritage Property,320 Wolfe St,1928c,Sheldrick Property,Dutch Colonial,IV And V,West Woodfield Heritage Conservation District,LSP3370168,399.8159064,85.4895597800308
7613,Designated Heritage Property,301-303 Central Ave,1908, ,Queen Anne,V,West Woodfield Heritage Conservation District,LSP3400254,545.14057969,108.132093757541
7614,Designated Heritage Property,548 Waterloo St,1880c, ,Italianate,V,West Woodfield Heritage Conservation District,LSP3400254,476.10941592,114.826106008404
7615,Designated Heritage Property,284 Central Ave,1901c, ,Queen Anne,V,West Woodfield Heritage Conservation District,LSP3400254,638.31891768,116.804748482136
7616,Designated Heritage Property,526 Dufferin Ave,1885c,Rose Property,Vernacular,V,East Woodfield Heritage Conservation District,LSP317968,611.3146054,110.787848912299
7617,Designated Heritage Property,294 Central Ave,1894c, ,Queen Anne,V,West Woodfield Heritage Conservation District,LSP3400254,638.31360328,116.803999356235
7618,Designated Heritage Property,248 Hyman St,1887c,Alcor Inv. Ltd.,Gothic Revival,V,West Woodfield Heritage Conservation District,LSP3400254,313.75536776,102.557000168612
7619,Designated Heritage Property,10-16 Hope St,1878,Goose Property,High Victorian,V,West Woodfield Heritage Conservation District,LSP3400254,722.56215408,108.040378901707
7620,Designated Heritage Property,509 William St,1880, ,Italianate,IV And V,East Woodfield Heritage Conservation District,LSP274137,704.33871856,118.293792465704
7621,Designated Heritage Property,13 Palace St,1880, , ,V,East Woodfield Heritage Conservation District,LSP137968,619.91979584,117.164219895732
7622,Designated Heritage Property,571 Dufferin Ave,1875c, , ,V,East Woodfield Heritage Conservation District,LSP317968,552.6778668,115.916677563701
7623,Designated Heritage Property,312 Wolfe St,1893, ,High Victorian,V,West Woodfield Heritage Conservation District,LSP3400254,327.27284594,101.654734344513
7624,Designated Heritage Property,363 Central Ave,1915c, ,Edwardian,V,West Woodfield Heritage Conservation District,LSP3400254,756.20465248,144.722658070727
7625,Designated Heritage Property,574 Waterloo St,1894, ,Eclectic,IV And V,West Woodfield Heritage Conservation District,LSP3082242,453.49215858,118.583511879389
7626,Designated Heritage Property,517 Princess Ave,1889, ,Late Victorian,V,East Woodfield Heritage Conservation District,LSP317968,553.70182024,140.737555906902
7627,Designated Heritage Property,605 Dufferin Ave,1880, ,Second Empire,V,East Woodfield Heritage Conservation District,LSP317968,322.25698384,71.846537334684
7628,Designated Heritage Property,520 Princess Ave,1915, ,Four Square,V,East Woodfield Heritage Conservation District,LSP317968,267.7859508,76.877137663624
7629,Designated Heritage Property,525 Princess Ave,1885, , ,V,East Woodfield Heritage Conservation District,LSP317968,1010.88564016,155.676240193716
7630,Designated Heritage Property,15 Palace St,1920c, , ,V,East Woodfield Heritage Conservation District,LSP317968,286.35366528,102.311302121806
7631,Designated Heritage Property,440 Princess Ave,1875c,Lord Roberts School,Collegiate Gothic,V,West Woodfield Heritage Conservation District,LSP3400254,9919.27701226,399.641537020364
7632,Designated Heritage Property,473 Princess Ave,1883c, ,Side-hall Plan (shp) Cottage,V,East Woodfield Heritage Conservation District,LSP317968,466.38867084,98.5675995152015
7633,Designated Heritage Property,687 Queens Ave,1902, ,Queen Anne,V,Old East Heritage Conservation District,LSP3383111,466.53079736,108.558040707359
7634,Designated Heritage Property,558 Maitland St,1888,Behr Property,Second Empire,V,East Woodfield Heritage Conservation District,LSP317968,773.7815288,124.82673646084
7635,Designated Heritage Property,614-616/ Wellington St,1893,Kellenberger Prop.,High Victorian,V,West Woodfield Heritage Conservation District,LSP3400254,518.88260568,100.235825382811
7636,Designated Heritage Property,572 Wellington St,1905c,Carlton Realty, ,V,West Woodfield Heritage Conservation District,LSP3400254,344.08855478,78.3678895401331
7637,Designated Heritage Property,554 Waterloo St,1880, ,Italianate,V,West Woodfield Heritage Conservation District,LSP3400254,636.84213502,131.086313472086
7638,Designated Heritage Property,803 Queens Ave,1901, ,Queen Anne,V,Old East Heritage Conservation District,LSP3383111,671.51800568,147.456908309607
7639,Designated Heritage Property,475 Princess Ave,1883c, ,Italianate,V,East Woodfield Heritage Conservation District,LSP317968,466.40753506,98.5686292687549
7640,Designated Heritage Property,20 Prospect Ave,1881, ,Italianate,V,East Woodfield Heritage Conservation District,LSP317968,599.15538,113.524885552978
7641,Designated Heritage Property,291 Central Ave,1912c, ,Edwardian,V,West Woodfield Heritage Conservation District,LSP3400254,347.54835192,81.4120627391477
7642,Designated Heritage Property,746 Queens Ave,1895c, ,Late Victorian,V,Old East Heritage Conservation District,LSP3383111,140.07427554,50.6671705045188
7643,Designated Heritage Property,288 Central Ave,1893c, ,Queen Anne,V,West Woodfield Heritage Conservation District,LSP3400254,318.27793322,102.205399594583
7644,Designated Heritage Property,295 Central Ave,1908c, ,Queen Anne,V,West Woodfield Heritage Conservation District,LSP3400254,495.74426474,105.730103978301
7645,Listed Heritage Property,569 Princess Ave,1870c, , , , , ,966.47108008,154.456798211912
7646,Designated Heritage Property,524 Princess Ave,1890c, , ,V,East Woodfield Heritage Conservation District,LSP317968,410.03753512,109.575569448583
7647,Designated Heritage Property,569 Dufferin Ave,1955, , ,V,East Woodfield Heritage Conservation District,LSP317968,587.70361992,117.447627592396
7648,Designated Heritage Property,240-242 Hyman St,1883c,Lem Property,Gothic Revival,V,West Woodfield Heritage Conservation District,LSP3400254,630.68211808,116.72706617834
7649,Designated Heritage Property,474 Princess Ave,1884c, ,Italianate,V,East Woodfield Heritage Conservation District,LSP317968,464.07307344,119.722862610854
7650,Designated Heritage Property,370 Princess Ave,1880c, ,Italianate,V,West Woodfield Heritage Conservation District,LSP3400254,662.898457115,132.158732011821
7651,Designated Heritage Property,570 Waterloo St,1881,Spurgeon Property,Italianate,V,West Woodfield Heritage Conservation District,LSP3400254,1630.79598342,206.653422241322
7652,Listed Heritage Property,858 Dundas St,1892,Centennial United Ch,Romanesque Revival, , , ,1832.50460744,183.075142675377
7653,Designated Heritage Property,602 Queens Ave,1881,Central Baptist Church,Second Empire,V,East Woodfield Heritage Conservation District,LSP317968,6217.93126136,338.777992629599
7654,Designated Heritage Property,238 Hyman St,1883,Backwell Property,High Victorian,V,West Woodfield Heritage Conservation District,LSP3400254,629.85742712,116.610585660896
7655,Designated Heritage Property,353 Central Ave,1880c, ,Italianate,V,West Woodfield Heritage Conservation District,LSP3400254,457.89357064,108.048466410009
7656,Designated Heritage Property,526 Princess Ave,1890, ,Vernacular,V,East Woodfield Heritage Conservation District,LSP317968,301.67177664,92.0098482736708
7657,Designated Heritage Property,513 Princess Ave,1880c, ,Queen Anne,IV And V,East Woodfield Heritage Conservation District,LSP310516,650.40900962,141.521577926892
7658,Designated Heritage Property,28 Prospect Ave,1883c, ,High Victorian,V,East Woodfield Heritage Conservation District,LSP317968,364.35390064,89.8402760667016
7659,Listed Heritage Property,"754-760 Dundas St, 416 English St",1877,Hicks Block,Italianate, , , ,966.78894608,134.66923436447
7660,Designated Heritage Property,293 Central Ave,1908c, ,Queen Anne,V,West Woodfield Heritage Conservation District,LSP3400254,412.29724904,99.6539009492866
7661,Designated Heritage Property,600 Dufferin Ave,1893, ,Vernacular,V,East Woodfield Heritage Conservation District,LSP317968,427.79608592,94.9439264963101
7662,Listed Heritage Property,848 Dundas St,1881c, ,Italianate, , , ,623.34766608,143.980035744542
7663,Designated Heritage Property,586 Waterloo St,1884c,Victor Aziz Photo.,Vernacular,V,West Woodfield Heritage Conservation District,LSP3400254,376.486684165,87.1356364783869
7664,Designated Heritage Property,582 Dufferin Ave,1900c, , ,V,East Woodfield Heritage Conservation District,LSP317968,816.97659188,149.796906170513
7665,Designated Heritage Property,741 Queens Ave,1886, ,Gothic Revival,V,Old East Heritage Conservation District,LSP3383111,385.0527595,82.2571032388514
7666,Designated Heritage Property,518 William St,1898, ,Vernacular,V,East Woodfield Heritage Conservation District,LSP317968,369.43177942,99.1173968939628
7667,Designated Heritage Property,324 Wolfe St,1898c,776531 Ont. Inc.,Queen Anne,IV And V,West Woodfield Heritage Conservation District,LSP3400254,482.41510184,92.5873622868742
7668,Designated Heritage Property,568 Wellington St,1907c,Gettas Property,Tudor Revival,V,West Woodfield Heritage Conservation District,LSP3400254,464.09104154,100.539221908559
7669,Designated Heritage Property,14-14/ Palace St,1895, ,Vernacular,V,East Woodfield Heritage Conservation District,LSP137968,674.10403504,121.894845698336
7670,Designated Heritage Property,314 Wolfe St,1888, ,High Victorian,IV And V,West Woodfield Heritage Conservation District,LSP2908387,661.12633234,117.088624219365
7671,Designated Heritage Property,522 William St,1880, , ,V,East Woodfield Heritage Conservation District,LSP317968,272.90372742,77.9956513098447
7672,Designated Heritage Property,566 Dufferin Ave,1932, ,Four Square,V,East Woodfield Heritage Conservation District,LSP317968,827.2834344,149.935746273123
7673,Designated Heritage Property,492 Princess Ave,1893c, ,High Victorian,V,East Woodfield Heritage Conservation District,LSP317968,742.96703224,109.290067894661
7674,Designated Heritage Property,704 Queens Ave,1880, ,Italianate,V,Old East Heritage Conservation District,LSP3383111,360.36069648,99.5282680458957
7675,Designated Heritage Property,292 Central Ave,1891c, ,High Victorian,V,West Woodfield Heritage Conservation District,LSP3400254,638.33463366,116.805263318089
7676,Listed Heritage Property,587 Princess Ave,1900c, ,Vernacular, , , ,475.67611248,138.503496176046
7677,Designated Heritage Property,527 Princess Ave,1899c,Arnold Property,Queen Anne,IV And V,East Woodfield Heritage Conservation District,LSP2878103,522.46185672,97.8441294266482
7678,Designated Heritage Property,483 Princess Ave,1881, ,Italianate,V,East Woodfield Heritage Conservation District,LSP317968,332.30364802,79.0784318130157
7679,Designated Heritage Property,486 Princess Ave,1881, ,Italianate,V,East Woodfield Heritage Conservation District,LSP317968,691.10979248,130.79646429729
7680,Designated Heritage Property,757-759 Queens Ave,1907, ,Late Victorian,V,Old East Heritage Conservation District,LSP3383111,346.9963754,79.3369098227846
7681,Designated Heritage Property,390 Princess Ave,1917c,Jarvis Apts., ,V,West Woodfield Heritage Conservation District,LSP3400254,3258.96976022,229.370070110861
7682,Designated Heritage Property,510 Dufferin Ave,1881, ,Italianate,V,East Woodfield Heritage Conservation District,LSP317968,588.65109968,157.840155450545
7683,Designated Heritage Property,381 Central Ave,1875, ,Side-hall Plan (shp) Cottage,V,West Woodfield Heritage Conservation District,LSP3400254,424.92811824,109.996726383565
7684,Designated Heritage Property,300 Wolfe St,1893c, ,High Victorian,IV And V,West Woodfield Heritage Conservation District,LSP317618,711.75117914,119.428979651787
7685,Designated Heritage Property,365 Central Ave,1890c, ,Vernacular,V,West Woodfield Heritage Conservation District,LSP3400254,921.70635176,190.366060208119
7686,Designated Heritage Property,566 Maitland St,1889, ,Eclectic,V,East Woodfield Heritage Conservation District,LSP317968,663.22609168,119.951270234924
7687,Designated Heritage Property,287 Hyman St,1896c, ,Queen Anne,V,West Woodfield Heritage Conservation District,LSP3400254,640.87992376,116.893523369631
7688,Designated Heritage Property,507 Princess Ave,1885, , ,IV And V,East Woodfield Heritage Conservation District,LSP297214,627.94442586,123.232398287518
7689,Designated Heritage Property,562 Dufferin Ave,1915c, ,Prairie,V,East Woodfield Heritage Conservation District,LSP317968,824.32103858,149.791015130548
7690,Designated Heritage Property,455 Princess Ave,1886c, ,Vernacular,V,West Woodfield Heritage Conservation District,LSP3400254,845.809780575,125.46756785981
7691,Designated Heritage Property,285 Hyman St,1902, ,Late Victorian,V,West Woodfield Heritage Conservation District,LSP3400254,154.54430888,50.3692436588792
7692,Designated Heritage Property,398 Princess Ave,1925c, ,Bungalow,V,West Woodfield Heritage Conservation District,LSP3400254,333.20004911,80.0828130679575
7693,Designated Heritage Property,367 Central Ave,1890c, ,Vernacular,V,West Woodfield Heritage Conservation District,LSP3400254,341.56223864,106.349190349929
7694,Designated Heritage Property,482 Elizabeth St,1877c, ,Ontario Cottage,V,Old East Heritage Conservation District,LSP3383111,559.53281362,115.893509555686
7695,Designated Heritage Property,595 Dufferin Ave,1930, , ,V,East Woodfield Heritage Conservation District,LSP317968,500.31032736,102.523078399472
7696,Designated Heritage Property,467 Princess Ave,1886c, ,High Victorian,V,East Woodfield Heritage Conservation District,LSP317968,443.48144292,97.3127309832381
7697,Designated Heritage Property,537 Colborne St,1877,Gordon Property, ,V,West Woodfield Heritage Conservation District,LSP3400254,339.04015784,79.8070611339855
7698,Designated Heritage Property,286 Central Ave,1898c, ,Queen Anne,V,West Woodfield Heritage Conservation District,LSP3400254,638.33266548,116.805497893152
7699,Designated Heritage Property,296-298 Wolfe St,1893c,Latvanen Property,High Victorian,IV And V,West Woodfield Heritage Conservation District,LSP327854,681.8498621,118.702960243322
7700,Designated Heritage Property,659-661 Dufferin Ave,1860c, ,Vernacular,V,Old East Heritage Conservation District,LSP3383111,516.09568912,117.979341357656
7701,Designated Heritage Property,762 Dundas St,1930c,Huron And Erie Apts,Art Deco,IV, ,LSP3421186,589.44005864,142.607944816171
7702,Designated Heritage Property,318 Wolfe St,1893c, ,Queen Anne,V,West Woodfield Heritage Conservation District,LSP3400254,655.6161894,115.840163748714
7703,Listed Heritage Property,782-784 Dundas St,1916c, , , , , ,558.52482072,141.658913237202
7704,Listed Heritage Property,616 Dufferin Ave, , , , , , ,217.93305378,59.089239139272
7705,Designated Heritage Property,17 Queens Pl, , , ,V,Old East Heritage Conservation District,LSP3383111,658.96418856,125.177175293177
7706,Designated Heritage Property,742 Queens Ave, , , ,V,Old East Heritage Conservation District,LSP3383111,146.57869086,51.4226871386526
7707,Designated Heritage Property,463 English St, , , ,V,Old East Heritage Conservation District,LSP3383111,160.05099664,58.5323464998766
7708,Designated Heritage Property,425 Ontario St, , , ,V,Old East Heritage Conservation District,LSP3383111,323.4545764,77.5370878246146
7709,Designated Heritage Property,646 Dufferin Ave, , , ,V,Old East Heritage Conservation District,LSP3383111,501.79665906,113.548111791604
7710,Designated Heritage Property,692 Queens Ave, , , ,V,Old East Heritage Conservation District,LSP3383111,511.60191936,123.182831297637
7711,Designated Heritage Property,666 Queens Ave, , , ,V,Old East Heritage Conservation District,LSP3383111,173.95387054,60.9659103033789
7712,Designated Heritage Property,650 Dufferin Ave, , , ,V,Old East Heritage Conservation District,LSP3383111,383.31187606,108.387464219019
7713,Designated Heritage Property,20 Queens Pl, , , ,V,Old East Heritage Conservation District,LSP3383111,363.35048688,86.995099873598
7714,Designated Heritage Property,501 Elizabeth St, , , ,V,Old East Heritage Conservation District,LSP3383111,148.4329136,51.2151548470439
7715,Designated Heritage Property,655 Dufferin Ave, , , ,V,Old East Heritage Conservation District,LSP3383111,552.4379844,115.709165234215
7716,Designated Heritage Property,428 English St, , , ,V,Old East Heritage Conservation District,LSP3383111,172.87833418,58.8897445656477
7717,Designated Heritage Property,674-676 Dufferin Ave, , , ,V,Old East Heritage Conservation District,LSP3383111,460.66906143,88.5407458964097
7718,Designated Heritage Property,651 Dufferin Ave, , , ,V,Old East Heritage Conservation District,LSP3383111,343.16270976,106.595235900883
7719,Designated Heritage Property,656-658 Dufferin Ave, , , ,V,Old East Heritage Conservation District,LSP3383111,976.15387214,134.288989571126
7720,Designated Heritage Property,736 Queens Ave, , , ,V,Old East Heritage Conservation District,LSP3383111,563.4673688,125.18252431849
7721,Designated Heritage Property,721 Queens Ave, , , ,V,Old East Heritage Conservation District,LSP3383111,437.30151096,105.819882090792
7722,Designated Heritage Property,480 Elizabeth St, , , ,V,Old East Heritage Conservation District,LSP3383111,527.7709332,114.496641994535
7723,Designated Heritage Property,498 Elizabeth St, , , ,V,Old East Heritage Conservation District,LSP3383111,532.58210034,129.110371453799
7724,Designated Heritage Property,668 Dufferin Ave, , , ,V,Old East Heritage Conservation District,LSP3383111,558.07184728,116.064618604578
7725,Designated Heritage Property,463 Elizabeth St, , , ,V,Old East Heritage Conservation District,LSP3383111,173.76350336,60.8747485003615
7726,Designated Heritage Property,645 Lorne Ave, , , ,V,Old East Heritage Conservation District,LSP3383111,383.2826424,108.376721426241
7727,Designated Heritage Property,475 Elizabeth St, , , ,V,Old East Heritage Conservation District,LSP3383111,318.55202656,81.0913870768711
7728,Designated Heritage Property,656 Queens Ave, , , ,V,Old East Heritage Conservation District,LSP3383111,389.88261752,108.598399323331
7729,Designated Heritage Property,645 Dufferin Ave, , , ,V,Old East Heritage Conservation District,LSP3383111,383.24162136,108.364858650031
7730,Designated Heritage Property,701 Queens Ave, , , ,V,Old East Heritage Conservation District,LSP3383111,391.327942,103.665743310227
7731,Designated Heritage Property,684 Queens Ave, , , ,V,Old East Heritage Conservation District,LSP3383111,333.37568334,85.1047797690446
7732,Designated Heritage Property,426 English St, , , ,V,Old East Heritage Conservation District,LSP3383111,161.02983416,57.6262329833214
7733,Designated Heritage Property,771 Queens Ave, , , ,V,Old East Heritage Conservation District,LSP3383111,624.30367344,144.353928995081
7734,Designated Heritage Property,649 Dufferin Ave, , , ,V,Old East Heritage Conservation District,LSP3383111,423.04515568,110.101928921215
7735,Designated Heritage Property,468 Elizabeth St, , , ,V,Old East Heritage Conservation District,LSP3383111,185.8154069,58.6922473242888
7736,Designated Heritage Property,729 Queens Ave, , , ,V,Old East Heritage Conservation District,LSP3383111,428.65219536,105.413852122765
7737,Designated Heritage Property,727 Queens Ave, , , ,V,Old East Heritage Conservation District,LSP3383111,428.6775216,105.415350177897
7738,Designated Heritage Property,633 Lorne Ave, , , ,V,Old East Heritage Conservation District,LSP3383111,557.2404332,115.932069035203
7739,Designated Heritage Property,622 Dufferin Ave, , , ,V,Old East Heritage Conservation District,LSP3383111,389.863526,108.579860827326
7740,Designated Heritage Property,632 Queens Ave, , , ,V,Old East Heritage Conservation District,LSP3383111,557.41526976,116.056908143839
7741,Designated Heritage Property,490 Elizabeth St, , , ,V,Old East Heritage Conservation District,LSP3383111,758.429728245,137.349973899109
7742,Designated Heritage Property,797 Queens Ave, , , ,V,Old East Heritage Conservation District,LSP3383111,625.07599144,144.373248082458
7743,Designated Heritage Property,623 Lorne Ave, , , ,V,Old East Heritage Conservation District,LSP3383111,278.2199305,79.2311376075618
7744,Designated Heritage Property,630 Queens Ave, , , ,V,Old East Heritage Conservation District,LSP3383111,697.56196016,122.192724455505
7745,Designated Heritage Property,619 Dufferin Ave, , , ,V,Old East Heritage Conservation District,LSP3383111,376.69862048,85.8739026879584
7746,Designated Heritage Property,471-473 Elizabeth St, , , ,V,Old East Heritage Conservation District,LSP3383111,819.32837736,115.992188074183
7747,Designated Heritage Property,466 Elizabeth St, , , ,V,Old East Heritage Conservation District,LSP3383111,203.2765226,60.4305014341226
7748,Designated Heritage Property,658 Queens Ave, , , ,V,Old East Heritage Conservation District,LSP3383111,574.17412494,117.394577568618
7749,Designated Heritage Property,723 Queens Ave, , , ,V,Old East Heritage Conservation District,LSP3383111,637.88583944,144.953246177669
7750,Designated Heritage Property,439 English St, , , ,V,Old East Heritage Conservation District,LSP3383111,442.63191632,102.588082706796
7751,Designated Heritage Property,779 Queens Ave, , , ,V,Old East Heritage Conservation District,LSP3383111,620.70877904,144.246391513095
7752,Designated Heritage Property,16 Queens Pl, , , ,V,Old East Heritage Conservation District,LSP3383111,336.0356936,85.1533457992303
7753,Designated Heritage Property,623 Dufferin Ave, , , ,V,Old East Heritage Conservation District,LSP3383111,277.0913352,85.8951675750312
7754,Designated Heritage Property,732 Queens Ave, , , ,V,Old East Heritage Conservation District,LSP3383111,517.90252744,123.611248013228
7755,Designated Heritage Property,433 Ontario St, , , ,V,Old East Heritage Conservation District,LSP3383111,323.8885532,96.1694238349385
7756,Designated Heritage Property,621 Lorne Ave, , , ,V,Old East Heritage Conservation District,LSP3383111,278.23567416,79.2323911138158
7757,Designated Heritage Property,717 Queens Ave, , , ,V,Old East Heritage Conservation District,LSP3383111,582.67709048,112.639783516033
7758,Designated Heritage Property,19 Queens Pl, , , ,V,Old East Heritage Conservation District,LSP3383111,658.95785808,125.177419277303
7759,Designated Heritage Property,14 Queens Pl, , , ,V,Old East Heritage Conservation District,LSP3383111,350.6379692,83.3545724084535
7760,Designated Heritage Property,617 Dufferin Ave, , , ,V,Old East Heritage Conservation District,LSP3383111,143.43077376,52.4333959922691
7761,Designated Heritage Property,643 Lorne Ave, , , ,V,Old East Heritage Conservation District,LSP3383111,383.28615792,108.365618247781
7762,Designated Heritage Property,440 English St, , , ,V,Old East Heritage Conservation District,LSP3383111,126.23473584,46.071110951105
7763,Designated Heritage Property,618 Dufferin Ave, , , ,V,Old East Heritage Conservation District,LSP3383111,245.7582273,77.1001161917757
7764,Designated Heritage Property,825 Queens Ave, , , ,V,Old East Heritage Conservation District,LSP3383111,624.86799592,144.306163643963
7765,Designated Heritage Property,689 Queens Ave, , , ,V,Old East Heritage Conservation District,LSP3383111,249.22815808,68.8550414715705
7766,Designated Heritage Property,429 Ontario St, , , ,V,Old East Heritage Conservation District,LSP3383111,366.44647728,98.3310499196684
7767,Designated Heritage Property,636 Queens Ave, , , ,V,Old East Heritage Conservation District,LSP3383111,559.3627796,116.106840025588
7768,Designated Heritage Property,652 Queens Ave, , , ,V,Old East Heritage Conservation District,LSP3383111,546.72869238,129.914009820898
7769,Designated Heritage Property,507 Elizabeth St, , , ,V,Old East Heritage Conservation District,LSP3383111,327.79806608,74.3780575236263
7770,Designated Heritage Property,716 Queens Ave, , , ,V,Old East Heritage Conservation District,LSP3383111,292.94433864,89.917116545714
7771,Designated Heritage Property,728 Queens Ave, , , ,V,Old East Heritage Conservation District,LSP3383111,518.93829248,123.818945010141
7772,Designated Heritage Property,699 Queens Ave, , , ,V,Old East Heritage Conservation District,LSP3383111,443.53765608,106.114996929678
7773,Designated Heritage Property,478 English St, , , ,V,Old East Heritage Conservation District,LSP3383111,404.28636032,95.2446961567153
7774,Designated Heritage Property,693 Queens Ave, , , ,V,Old East Heritage Conservation District,LSP3383111,389.17609016,103.563842075826
7775,Designated Heritage Property,477 English St, , , ,V,Old East Heritage Conservation District,LSP3383111,439.21687736,109.165982956361
7776,Designated Heritage Property,503 Elizabeth St, , , ,V,Old East Heritage Conservation District,LSP3383111,158.56188368,52.4264229043959
7777,Designated Heritage Property,762 Queens Ave, , , ,V,Old East Heritage Conservation District,LSP3383111,393.187742,95.1241355723289
7778,Designated Heritage Property,664 Queens Ave, , , ,V,Old East Heritage Conservation District,LSP3383111,486.93721304,112.777503741402
7779,Designated Heritage Property,637 Dufferin Ave, , , ,V,Old East Heritage Conservation District,LSP3383111,284.89852096,84.0193189639767
7780,Designated Heritage Property,766 Queens Ave, , , ,V,Old East Heritage Conservation District,LSP3383111,393.1157312,95.1082206933994
7781,Designated Heritage Property,502 Elizabeth St, , , ,V,Old East Heritage Conservation District,LSP3383111,451.7172574,126.160035817254
7782,Designated Heritage Property,724 Queens Ave, , , ,V,Old East Heritage Conservation District,LSP3383111,519.9184068,124.028234809219
7783,Designated Heritage Property,639 Lorne Ave, , , ,V,Old East Heritage Conservation District,LSP3383111,696.69286712,122.039450604056
7784,Designated Heritage Property,431 English St, , , ,V,Old East Heritage Conservation District,LSP3383111,507.16984784,104.832099890311
7785,Designated Heritage Property,646 Queens Ave, , , ,V,Old East Heritage Conservation District,LSP3383111,383.23136352,108.364649784612
7786,Designated Heritage Property,476 Elizabeth St, , , ,V,Old East Heritage Conservation District,LSP3383111,374.8128709,107.798217501456
7787,Designated Heritage Property,696 Queens Ave, , , ,V,Old East Heritage Conservation District,LSP3383111,527.06728864,123.86732722792
7788,Designated Heritage Property,639 Dufferin Ave, , , ,V,Old East Heritage Conservation District,LSP3383111,352.05567216,88.0295079622189
7789,Designated Heritage Property,775 Queens Ave, , , ,V,Old East Heritage Conservation District,LSP3383111,626.83456736,144.428825758406
7790,Designated Heritage Property,621 Dufferin Ave, , , ,V,Old East Heritage Conservation District,LSP3383111,490.6344696,125.249115799848
7791,Designated Heritage Property,662 Queens Ave, , , ,V,Old East Heritage Conservation District,LSP3383111,469.68879616,112.802200445017
7792,Designated Heritage Property,15 Queens Pl, , , ,V,Old East Heritage Conservation District,LSP3383111,374.82510472,90.4361249206254
7793,Designated Heritage Property,638 Dufferin Ave, , , ,V,Old East Heritage Conservation District,LSP3383111,501.53937124,113.509206145423
7794,Designated Heritage Property,471 English St, , , ,V,Old East Heritage Conservation District,LSP3383111,530.60556704,114.317178040583
7795,Designated Heritage Property,770 Queens Ave, , , ,V,Old East Heritage Conservation District,LSP3383111,393.01288102,95.0902399698806
7796,Designated Heritage Property,805 Queens Ave, , , ,V,Old East Heritage Conservation District,LSP3383111,578.64795832,144.398549085669
7797,Designated Heritage Property,"663 Dufferin Ave, 477-477A Elizabeth St", , , ,V,Old East Heritage Conservation District,LSP3383111,318.36450096,81.0225844030762
7798,Designated Heritage Property,633 Dufferin Ave, , , ,V,Old East Heritage Conservation District,LSP3383111,453.36187656,111.498971226126
7799,Designated Heritage Property,468 English St, , , ,V,Old East Heritage Conservation District,LSP3383111,287.49590208,78.1623068343317
7800,Designated Heritage Property,841 Queens Ave, , , ,V,Old East Heritage Conservation District,LSP3383111,624.49738312,144.25680328755
7801,Designated Heritage Property,441 English St, , , ,V,Old East Heritage Conservation District,LSP3383111,281.29695968,74.5192070934044
7802,Designated Heritage Property,697 Queens Ave, , , ,V,Old East Heritage Conservation District,LSP3383111,469.62023176,107.33899803641
7803,Designated Heritage Property,789 Queens Ave, , , ,V,Old East Heritage Conservation District,LSP3383111,625.28104216,144.403275788966
7804,Designated Heritage Property,790 Queens Ave, , , ,V,Old East Heritage Conservation District,LSP3383111,729.8526694,123.884685841469
7805,Designated Heritage Property,652 Dufferin Ave, , , ,V,Old East Heritage Conservation District,LSP3383111,383.46366152,108.405401904517
7806,Designated Heritage Property,483 English St, , , ,V,Old East Heritage Conservation District,LSP3383111,202.63205328,77.9092344460283
7807,Designated Heritage Property,481 English St, , , ,V,Old East Heritage Conservation District,LSP3383111,294.80881344,82.6609329893834
7808,Designated Heritage Property,21 Queens Pl, , , ,V,Old East Heritage Conservation District,LSP3383111,650.42673752,136.976122447802
7809,Designated Heritage Property,432 English St, , , ,V,Old East Heritage Conservation District,LSP3383111,309.27483056,96.2029560974307
7810,Designated Heritage Property,424 Ontario St, , , ,V,Old East Heritage Conservation District,LSP3383111,373.59801708,85.7491938188001
7811,Designated Heritage Property,629 Lorne Ave, , , ,V,Old East Heritage Conservation District,LSP3383111,557.1219744,115.912588873742
7812,Designated Heritage Property,769 Queens Ave, , , ,V,Old East Heritage Conservation District,LSP3383111,629.01358142,144.489525509237
7813,Designated Heritage Property,465 English St, , , ,V,Old East Heritage Conservation District,LSP3383111,193.2862668,60.8409996469754
7814,Designated Heritage Property,670 Queens Ave, , , ,V,Old East Heritage Conservation District,LSP3383111,173.807565725,60.9274322955478
7815,Designated Heritage Property,649 Lorne Ave, , , ,V,Old East Heritage Conservation District,LSP3383111,383.48195992,108.407488580203
7816,Designated Heritage Property,647 Lorne Ave, , , ,V,Old East Heritage Conservation District,LSP3383111,383.33198016,108.390303853887
7817,Designated Heritage Property,845 Queens Ave, , , ,V,Old East Heritage Conservation District,LSP3383111,624.61313184,144.252863833782
7818,Designated Heritage Property,428 Ontario St, , , ,V,Old East Heritage Conservation District,LSP3383111,229.12722558,82.0880856899866
7819,Designated Heritage Property,18 Queens Pl, , , ,V,Old East Heritage Conservation District,LSP3383111,357.16176792,86.4573988510511
7820,Designated Heritage Property,488 Elizabeth St, , , ,V,Old East Heritage Conservation District,LSP3383111,552.05300126,129.820297779908
7821,Designated Heritage Property,740 Queens Ave, , , ,V,Old East Heritage Conservation District,LSP3383111,533.90658768,130.459841571453
7822,Designated Heritage Property,435 Ontario St, , , ,V,Old East Heritage Conservation District,LSP3383111,323.73366984,96.1304156814012
7823,Designated Heritage Property,707 Queens Ave, , , ,V,Old East Heritage Conservation District,LSP3383111,582.69663344,112.641566285268
7824,Designated Heritage Property,484 Elizabeth St, , , ,V,Old East Heritage Conservation District,LSP3383111,542.22253486,129.467849193665
7825,Designated Heritage Property,634 Dufferin Ave, , , ,V,Old East Heritage Conservation District,LSP3383111,626.81966296,118.967956336391
7826,Designated Heritage Property,691 Queens Ave, , , ,V,Old East Heritage Conservation District,LSP3383111,348.03473876,85.3300135279917
7827,Designated Heritage Property,718 Queens Ave, , , ,V,Old East Heritage Conservation District,LSP3383111,431.54195566,116.501143421107
7828,Designated Heritage Property,467 English St, , , ,V,Old East Heritage Conservation District,LSP3383111,258.70958768,65.9508674515253
7829,Designated Heritage Property,434 English St, , , ,V,Old East Heritage Conservation District,LSP3383111,433.36813104,102.34548600403
7830,Designated Heritage Property,625 Lorne Ave, , , ,V,Old East Heritage Conservation District,LSP3383111,696.20900112,121.9757411507
7831,Designated Heritage Property,720 Queens Ave, , , ,V,Old East Heritage Conservation District,LSP3383111,482.18911696,103.829680962756
7832,Designated Heritage Property,791 Queens Ave, , , ,V,Old East Heritage Conservation District,LSP3383111,625.25714496,144.394503945592
7833,Designated Heritage Property,644 Queens Ave, , , ,V,Old East Heritage Conservation District,LSP3383111,383.3032472,108.385147515255
7834,Designated Heritage Property,643 Dufferin Ave, , , ,V,Old East Heritage Conservation District,LSP3383111,383.31784664,108.385356381043
7835,Designated Heritage Property,827 Queens Ave, , , ,V,Old East Heritage Conservation District,LSP3383111,624.67986432,144.292855937666
7836,Designated Heritage Property,821 Queens Ave, , , ,V,Old East Heritage Conservation District,LSP3383111,624.78649968,144.311086122562
7837,Designated Heritage Property,731 Queens Ave, , , ,V,Old East Heritage Conservation District,LSP3383111,330.83577592,77.3218135820065
7838,Designated Heritage Property,672 Dufferin Ave, , , ,V,Old East Heritage Conservation District,LSP3383111,767.46083952,125.213910327168
7839,Designated Heritage Property,795 Queens Ave, , , ,V,Old East Heritage Conservation District,LSP3383111,625.28272128,144.387586906621
7840,Designated Heritage Property,629 Dufferin Ave, , , ,V,Old East Heritage Conservation District,LSP3383111,418.61197816,110.002274686634
7841,Designated Heritage Property,668 Queens Ave, , , ,V,Old East Heritage Conservation District,LSP3383111,173.877651855,60.946675361283
7842,Designated Heritage Property,783 Queens Ave, , , ,V,Old East Heritage Conservation District,LSP3383111,501.60043368,140.437656106338
7843,Designated Heritage Property,642 Dufferin Ave, , , ,V,Old East Heritage Conservation District,LSP3383111,529.52744072,114.745467439882
7844,Designated Heritage Property,680-682 Queens Ave, , , ,V,Old East Heritage Conservation District,LSP3383111,313.5830386,83.8772637183512
7845,Designated Heritage Property,435 English St, , , ,V,Old East Heritage Conservation District,LSP3383111,365.60053616,99.5645604109112
7846,Designated Heritage Property,785 Queens Ave, , , ,V,Old East Heritage Conservation District,LSP3383111,749.11724656,148.399441335726
7847,Designated Heritage Property,817 Queens Ave, , , ,V,Old East Heritage Conservation District,LSP3383111,936.28330248,164.461842487859
7848,Designated Heritage Property,430 English St, , , ,V,Old East Heritage Conservation District,LSP3383111,296.34323262,95.818416757382
7849,Designated Heritage Property,776 Queens Ave, , , ,V,Old East Heritage Conservation District,LSP3383111,561.1496602,104.186941173252
7850,Designated Heritage Property,472 Elizabeth St, , , ,V,Old East Heritage Conservation District,LSP3383111,369.50753854,107.569408944957
7851,Designated Heritage Property,426 Ontario St, , , ,V,Old East Heritage Conservation District,LSP3383111,228.79442492,82.0533695686471
7852,Designated Heritage Property,494 Elizabeth St, , , ,V,Old East Heritage Conservation District,LSP3383111,532.7071133,129.115202371566
7853,Designated Heritage Property,620 Dufferin Ave, , , ,V,Old East Heritage Conservation District,LSP3383111,245.7533131,77.100116191822
7854,Designated Heritage Property,815 Queens Ave, , , ,V,Old East Heritage Conservation District,LSP3383111,313.54066176,92.6388188379841
7855,Designated Heritage Property,465-467 Elizabeth St, , , ,V,Old East Heritage Conservation District,LSP3383111,347.53078352,76.1088183649676
7856,Designated Heritage Property,438-438/ English St, , , ,V,Old East Heritage Conservation District,LSP3383111,423.57103384,101.948352645233
7857,Designated Heritage Property,638-640/ Queens Ave, , , ,V,Old East Heritage Conservation District,LSP3383111,931.89722424,154.413451235368
7858,Designated Heritage Property,688-688A Queens Ave, , , ,V,Old East Heritage Conservation District,LSP3383111,526.82603016,123.691076451308
7859,Designated Heritage Property,711 Queens Ave, , , ,V,Old East Heritage Conservation District,LSP3383111,582.69120632,112.641044144581
7860,Designated Heritage Property,772-774 Queens Ave, , , ,V,Old East Heritage Conservation District,LSP3383111,415.3806824,96.29091422912
7861,Designated Heritage Property,648-650 Queens Ave, , , ,V,Old East Heritage Conservation District,LSP3383111,316.97473368,88.3085581503178
7862,Designated Heritage Property,706-712/ Queens Ave, , , ,V,Old East Heritage Conservation District,LSP3383111,730.5135781,117.676537107191
7863,Designated Heritage Property,479 English St, , , ,V,Old East Heritage Conservation District,LSP3383111,815.59014264,131.174210547109
7864,Designated Heritage Property,234 Hyman St, , , ,V,West Woodfield Heritage Conservation District,LSP3400254,324.28479636,80.8690786309113
7865,Designated Heritage Property,236b Hyman St, , , ,V,West Woodfield Heritage Conservation District,LSP3400254,240.78155704,98.7855469274843
7866,Designated Heritage Property,250 Hyman St, , , ,V,West Woodfield Heritage Conservation District,LSP3400254,350.470452,83.6498644091916
7867,Designated Heritage Property,246 Hyman St, , , ,V,West Woodfield Heritage Conservation District,LSP3400254,316.10596288,102.614725499642
7868,Designated Heritage Property,244 Hyman St, , , ,V,West Woodfield Heritage Conservation District,LSP3400254,638.2285228,117.148836053059
7869,Designated Heritage Property,236a Hyman St, , , ,V,West Woodfield Heritage Conservation District,LSP3400254,388.18407776,105.546048582105
7870,Designated Heritage Property,277 Hyman St, , , ,V,West Woodfield Heritage Conservation District,LSP3400254,114.7956192,44.9378264968505
7871,Designated Heritage Property,279 Hyman St, , , ,V,West Woodfield Heritage Conservation District,LSP3400254,178.02757784,53.590219640705
7872,Designated Heritage Property,291 Hyman St, , , ,V,West Woodfield Heritage Conservation District,LSP3400254,480.59532984,109.569875713411
7873,Designated Heritage Property,307 Hyman St, , , ,V,West Woodfield Heritage Conservation District,LSP3400254,480.40719184,109.539023078237
7874,Designated Heritage Property,293 Hyman St, , , ,V,West Woodfield Heritage Conservation District,LSP3400254,480.50742576,109.558453688281
7875,Designated Heritage Property,297 Hyman St, , , ,V,West Woodfield Heritage Conservation District,LSP3400254,480.48555736,109.550119238765
7876,Designated Heritage Property,332 Central Ave, , , ,V,West Woodfield Heritage Conservation District,LSP3400254,465.23849008,108.909866459617
7877,Designated Heritage Property,328 Central Ave, , , ,V,West Woodfield Heritage Conservation District,LSP3400254,415.47643296,106.639327956446
7878,Designated Heritage Property,330 Central Ave, , , ,V,West Woodfield Heritage Conservation District,LSP3400254,400.72831144,105.967074877806
7879,Designated Heritage Property,322 Central Ave, , , ,V,West Woodfield Heritage Conservation District,LSP3400254,437.38307328,107.638406288878
7880,Designated Heritage Property,324 Central Ave, , , ,V,West Woodfield Heritage Conservation District,LSP3400254,638.31245536,116.803999356146
7881,Designated Heritage Property,320 Central Ave, , , ,V,West Woodfield Heritage Conservation District,LSP3400254,839.27037824,125.971605513729
7882,Designated Heritage Property,302 Central Ave, , , ,IV And V,West Woodfield Heritage Conservation District,LSP3400254,638.31289944,116.803999357211
7883,Designated Heritage Property,304 Central Ave, , , ,V,West Woodfield Heritage Conservation District,LSP3400254,638.31245536,116.803999356146
7884,Designated Heritage Property,310 Central Ave, , , ,V,West Woodfield Heritage Conservation District,LSP3400254,638.33468208,116.805263318065
7885,Designated Heritage Property,340 Central Ave, , , ,V,West Woodfield Heritage Conservation District,LSP3400254,98.35121184,43.3795242764298
7886,Designated Heritage Property,344-346 Central Ave, , , ,V,West Woodfield Heritage Conservation District,LSP3400254,221.89852176,59.6002244592964
7887,Designated Heritage Property,350 Central Ave, , , ,V,West Woodfield Heritage Conservation District,LSP3400254,284.743473565,67.8508661048259
7888,Designated Heritage Property,342 Central Ave, , , ,V,West Woodfield Heritage Conservation District,LSP3400254,109.07758616,44.7879997596462
7889,Designated Heritage Property,311 Central Ave, , , ,V,West Woodfield Heritage Conservation District,LSP3400254,1846.95342318,172.18032801826
7890,Designated Heritage Property,560-562 Wellington St, , , ,V,West Woodfield Heritage Conservation District,LSP3400254,2166.3241467,186.215707743089
7891,Designated Heritage Property,298/ Wolfe St, , , ,V,West Woodfield Heritage Conservation District,LSP3400254,253.11150484,100.011018930189
7892,Designated Heritage Property,575-579A Waterloo St, , , ,V,West Woodfield Heritage Conservation District,LSP3400254,685.25814296,125.835107024056
7893,Designated Heritage Property,321 Central Ave, , , ,V,West Woodfield Heritage Conservation District,LSP3400254,324.10205224,78.0581166472898
7894,Designated Heritage Property,307 Central Ave, , , ,V,West Woodfield Heritage Conservation District,LSP3400254,643.80642288,112.961415914191
7895,Designated Heritage Property,567 Waterloo St, , , ,V,West Woodfield Heritage Conservation District,LSP3400254,527.49864552,95.4834735485885
7896,Designated Heritage Property,449 Princess Ave, , , ,V,West Woodfield Heritage Conservation District,LSP3400254,352.68471556,76.5693216747021
7897,Designated Heritage Property,451 Princess Ave, , , ,V,West Woodfield Heritage Conservation District,LSP3400254,330.8119246,85.9157287517959
7898,Designated Heritage Property,518 Maitland St, , , ,V,West Woodfield Heritage Conservation District,LSP3400254,358.95343048,93.5477692924087
7899,Designated Heritage Property,516 Maitland St, , , ,V,West Woodfield Heritage Conservation District,LSP3400254,372.78398728,94.2636422838343
7900,Designated Heritage Property,514 Maitland St, , , ,V,West Woodfield Heritage Conservation District,LSP3400254,361.29826944,93.6138285449392
7901,Designated Heritage Property,373 Central Ave, , , ,V,West Woodfield Heritage Conservation District,LSP3400254,488.30011528,112.76989801512
7902,Designated Heritage Property,563 Colborne St, , , ,V,West Woodfield Heritage Conservation District,LSP3400254,291.59522032,72.227565979662
7903,Designated Heritage Property,575 Colborne St, , , ,V,West Woodfield Heritage Conservation District,LSP3400254,502.367468,104.752502670856
7904,Designated Heritage Property,531 Colborne St, , , ,V,West Woodfield Heritage Conservation District,LSP3400254,102.05479258,40.5485895905342
7905,Designated Heritage Property,18-20 Hope St, , , ,V,West Woodfield Heritage Conservation District,LSP3400254,363.71866896,84.0642157291669
7906,Designated Heritage Property,7 Waverley Pl, , , ,V,West Woodfield Heritage Conservation District,LSP3400254,464.31026682,91.4271373194425
7907,Designated Heritage Property,585 Colborne St, , , ,V,West Woodfield Heritage Conservation District,LSP3400254,232.04681712,60.9323328100888
7908,Designated Heritage Property,562 Waterloo St, , , ,V,West Woodfield Heritage Conservation District,LSP3400254,1552.3205118,205.501257123305
7909,Designated Heritage Property,4 Waverley Pl, , , ,V,West Woodfield Heritage Conservation District,LSP3400254,595.79542244,118.739573529417
7910,Designated Heritage Property,583 Colborne St, , , ,V,West Woodfield Heritage Conservation District,LSP3400254,236.05241184,61.4582746791971
7911,Designated Heritage Property,5 Waverley Pl, , , ,V,West Woodfield Heritage Conservation District,LSP3400254,568.1378262,117.609872763525
7912,Designated Heritage Property,28 Hope St, , , ,V,West Woodfield Heritage Conservation District,LSP3400254,266.12564618,77.9897238314735
7913,Designated Heritage Property,387 Central Ave, , , ,V,West Woodfield Heritage Conservation District,LSP3400254,572.86756168,116.471043898286
7914,Designated Heritage Property,359 Central Ave, , , ,V,West Woodfield Heritage Conservation District,LSP3400254,450.13654224,134.46778572988
7915,Designated Heritage Property,385 Central Ave, , , ,V,West Woodfield Heritage Conservation District,LSP3400254,509.87582828,201.882616010199
7916,Designated Heritage Property,579 Colborne St, , , ,V,West Woodfield Heritage Conservation District,LSP3400254,435.65422984,101.377919148276
7917,Designated Heritage Property,6 Waverley Pl, , , ,V,West Woodfield Heritage Conservation District,LSP3400254,193.07513872,56.059501358308
7918,Designated Heritage Property,351 Central Ave, , , ,V,West Woodfield Heritage Conservation District,LSP3400254,97.74422678,40.2166115876221
7919,Designated Heritage Property,389 Central Ave, , , ,V,West Woodfield Heritage Conservation District,LSP3400254,467.70562168,91.8348030072508
7920,Designated Heritage Property,585-584 Waterloo St, , , ,V,West Woodfield Heritage Conservation District,LSP3400254,449.26935058,98.1043247302977
7921,Designated Heritage Property,569 Colborne St, , , ,V,West Woodfield Heritage Conservation District,LSP3400254,302.69374376,94.7170939370498
7922,Designated Heritage Property,379 Central Ave, , , ,V,West Woodfield Heritage Conservation District,LSP3400254,429.36218808,110.190758945508
7923,Designated Heritage Property,552 Waterloo St, , , ,V,West Woodfield Heritage Conservation District,LSP3400254,540.13567546,127.549885010496
7924,Designated Heritage Property,371 Central Ave, , , ,V,West Woodfield Heritage Conservation District,LSP3400254,440.127864,105.018879778043
7925,Designated Heritage Property,32 Hope St, , , ,V,West Woodfield Heritage Conservation District,LSP3400254,245.93559026,76.7840860124421
7926,Designated Heritage Property,34 Hope St, , , ,V,West Woodfield Heritage Conservation District,LSP3400254,737.59774974,121.182268881711
7927,Designated Heritage Property,26 Hope St, , , ,V,West Woodfield Heritage Conservation District,LSP3400254,247.475984,76.6211203536392
7928,Designated Heritage Property,362 Princess Ave, , , ,V,West Woodfield Heritage Conservation District,LSP3400254,613.13546942,157.0543803984
7929,Designated Heritage Property,1 Waverley Pl, , , ,V,West Woodfield Heritage Conservation District,LSP3400254,1625.56285992,211.40501442385
7930,Designated Heritage Property,578 Colborne St, , , ,V,West Woodfield Heritage Conservation District,LSP3400254,693.47270782,121.514313724345
7931,Designated Heritage Property,79 Cartwright St, , , ,V,West Woodfield Heritage Conservation District,LSP3400254,439.34544176,110.184907220174
7932,Designated Heritage Property,75 Cartwright St, , , ,V,West Woodfield Heritage Conservation District,LSP3400254,366.67861176,106.985092313265
7933,Designated Heritage Property,101 Cartwright St, , , ,V,West Woodfield Heritage Conservation District,LSP3400254,684.96744856,121.001016824865
7934,Designated Heritage Property,556 Colborne St, , , ,V,West Woodfield Heritage Conservation District,LSP3400254,431.27122722,110.329429086058
7935,Designated Heritage Property,103 Cartwright St, , , ,V,West Woodfield Heritage Conservation District,LSP3400254,525.81390984,113.99282118903
7936,Designated Heritage Property,77 Cartwright St, , , ,V,West Woodfield Heritage Conservation District,LSP3400254,453.200886,110.795018955867
7937,Designated Heritage Property,93 Cartwright St, , , ,V,West Woodfield Heritage Conservation District,LSP3400254,685.92765976,121.043573896237
7938,Designated Heritage Property,550 Colborne St, , , ,V,West Woodfield Heritage Conservation District,LSP3400254,425.46968002,110.160843667288
7939,Designated Heritage Property,552 Colborne St, , , ,V,West Woodfield Heritage Conservation District,LSP3400254,425.23045156,110.107940726508
7940,Designated Heritage Property,566 Colborne St, , , ,V,West Woodfield Heritage Conservation District,LSP3400254,416.9493165,109.514542139721
7941,Designated Heritage Property,558 Colborne St, , , ,V,West Woodfield Heritage Conservation District,LSP3400254,431.02799326,110.275778144398
7942,Designated Heritage Property,544 Colborne St, , , ,V,West Woodfield Heritage Conservation District,LSP3400254,704.92249382,122.452563446863
7943,Designated Heritage Property,546 Colborne St, , , ,V,West Woodfield Heritage Conservation District,LSP3400254,459.28354912,111.681303124101
7944,Designated Heritage Property,73 Cartwright St, , , ,V,West Woodfield Heritage Conservation District,LSP3400254,380.54527592,107.59600131461
7945,Designated Heritage Property,568 Colborne St, , , ,V,West Woodfield Heritage Conservation District,LSP3400254,319.4782183,105.202272590816
7946,Designated Heritage Property,65 Cartwright St, , , ,V,West Woodfield Heritage Conservation District,LSP3400254,634.9767477,118.799471082674
7947,Designated Heritage Property,416 Princess Ave, , , ,V,West Woodfield Heritage Conservation District,LSP3400254,356.28911856,84.4048662008512
7948,Designated Heritage Property,410 Princess Ave, , , ,V,West Woodfield Heritage Conservation District,LSP3400254,281.73241312,79.4702681840914
7949,Designated Heritage Property,430 Princess Ave, , , ,V,West Woodfield Heritage Conservation District,LSP3400254,587.99708952,121.71363517266
7950,Designated Heritage Property,572 Colborne St, , , ,V,West Woodfield Heritage Conservation District,LSP3400254,498.44187464,113.013888131747
7951,Designated Heritage Property,412 Princess Ave, , , ,V,West Woodfield Heritage Conservation District,LSP3400254,251.02343744,77.4814099107625
7952,Designated Heritage Property,538 Colborne St, , , ,V,West Woodfield Heritage Conservation District,LSP3400254,239.19584866,62.1623378439672
7953,Designated Heritage Property,422 Princess Ave, , , ,V,West Woodfield Heritage Conservation District,LSP3400254,328.16853192,82.5912421119925
7954,Designated Heritage Property,560 Colborne St, , , ,V,West Woodfield Heritage Conservation District,LSP3400254,445.3431311,110.858550740414
7955,Designated Heritage Property,564 Colborne St, , , ,V,West Woodfield Heritage Conservation District,LSP3400254,568.85928282,116.219883496644
7956,Designated Heritage Property,406 Princess Ave, , , ,V,West Woodfield Heritage Conservation District,LSP3400254,280.70372318,67.0280058434988
7957,Designated Heritage Property,69 Cartwright St, , , ,V,West Woodfield Heritage Conservation District,LSP3400254,818.0818292,126.862396726156
7958,Designated Heritage Property,91 Cartwright St, , , ,V,West Woodfield Heritage Conservation District,LSP3400254,415.12249976,109.118519372327
7959,Designated Heritage Property,94-96 Cartwright St, , , ,V,West Woodfield Heritage Conservation District,LSP3400254,559.6006228,116.549330407216
7960,Designated Heritage Property,573 Maitland St, , , ,V,West Woodfield Heritage Conservation District,LSP3400254,544.25417288,115.58822404844
7961,Designated Heritage Property,86 Cartwright St, , , ,V,West Woodfield Heritage Conservation District,LSP3400254,653.79352724,120.631400864506
7962,Designated Heritage Property,575 Maitland St, , , ,V,West Woodfield Heritage Conservation District,LSP3400254,371.11359592,108.083026765465
7963,Designated Heritage Property,577 Maitland St, , , ,V,West Woodfield Heritage Conservation District,LSP3400254,374.7463724,108.266078921493
7964,Designated Heritage Property,92 Cartwright St, , , ,V,West Woodfield Heritage Conservation District,LSP3400254,641.48437408,120.097973606797
7965,Designated Heritage Property,628 Dufferin Ave, , , ,V,Old East Heritage Conservation District,LSP3383111,724.11629624,123.203402485193
7966,Designated Heritage Property,590 Dufferin Ave,1885c, , ,V,East Woodfield Heritage Conservation District,LSP317968,410.97859838,136.693839880694
7967,Designated Heritage Property,512 Dufferin Ave,1881, ,Italianate,V,East Woodfield Heritage Conservation District,LSP317968,735.64608576,158.067730184886
7968,Designated Heritage Property,"864-872/ Dundas St, 417 Ontario St", , , ,IV, ,LSP3453187,1020.5539776,129.879013861277
7969,Designated Heritage Property,580 Clarence St, ,Victoria Park, ,IV And V,Downtown Heritage Conservation District,LSP3311283,56883.81469424,1053.99621432286
7970,Designated Heritage Property,423 Ontario St, , , ,V,Old East Heritage Conservation District,LSP3383111,226.68038014,70.301844735104
7971,Designated Heritage Property,558 Waterloo St, , , ,V,West Woodfield Heritage Conservation District,LSP3400254,647.10287416,102.898534168365
7972,Designated Heritage Property,585 Waterloo St, , , ,V,West Woodfield Heritage Conservation District,LSP3400254,782.777074795,111.977183124118
7973,Designated Heritage Property,Easement, , , ,V,West Woodfield Heritage Conservation District,LSP3400254,887.1207567,458.282003289599
7974,Designated Heritage Property,287 Hyman St,1896c, ,Queen Anne,V,West Woodfield Heritage Conservation District,LSP3400254,106.86822688,43.8547675403183
7975,Designated Heritage Property,Easement, , , ,V,West Woodfield Heritage Conservation District,LSP3400254,813.4224978,416.088807710444
7976,Designated Heritage Property,463 English St, , , ,V,Old East Heritage Conservation District,LSP3383111,73.79233704,42.9341494642896
7977,Designated Heritage Property,Easement, , , ,V,Old East Heritage Conservation District,LSP3383111,143.49433736,92.0402766470561
7978,Designated Heritage Property,Easement, , , ,V,Old East Heritage Conservation District,LSP3383111,143.49533824,92.0392928205777
7979,Designated Heritage Property,483 English St, , , ,V,Old East Heritage Conservation District,LSP3383111,507.28342368,210.055218434475
7980,Designated Heritage Property,, , , ,V,Old East Heritage Conservation District,LSP3383111,41.75523296,30.1626047723875
7981,Designated Heritage Property,Easement, , , ,V,West Woodfield Heritage Conservation District,LSP3400254,142.14102512,99.3703427478708
7982,Designated Heritage Property,578 Colborne St, , , ,V,West Woodfield Heritage Conservation District,LSP3400254,158.30143742,101.953255080137
7983,Designated Heritage Property,572 Colborne St, , , ,V,West Woodfield Heritage Conservation District,LSP3400254,111.02244874,95.9734754789836
7984,Designated Heritage Property,Easement, , , ,V,Old East Heritage Conservation District,LSP3383111,80.91161138,59.3305260452688
7985,Designated Heritage Property,558 Waterloo St, , , ,V,West Woodfield Heritage Conservation District,LSP3400254,285.73851756,181.787645106286
7986,Designated Heritage Property,553 Dufferin Ave,1917c, ,Tudor Revival,V,East Woodfield Heritage Conservation District,LSP317968,512.37854984,90.7910190465743
7987,Designated Heritage Property,519 Maitland St,1875,Mombourquette Prop.,Gothic Revival,IV And V,West Woodfield Heritage Conservation District,LSP313986,630.80835022,108.116177922623
7988,Designated Heritage Property,710 Dundas St,1928c,Park Theatre,Art Deco,IV, ,LSP3120161,1639.9917616,194.609566430446
7989,Designated Heritage Property,3 Prospect Ave,1881, ,Italianate,V,East Woodfield Heritage Conservation District,LSP317968,531.27937864,102.764468479634
7990,Designated Heritage Property,559 Waterloo St,1893c,Fendrich Property,Queen Anne,V,West Woodfield Heritage Conservation District,LSP3400254,356.41819648,77.2348487612378
7991,Designated Heritage Property,5 Prospect Ave,1883c, ,Side-hall Plan (shp) Cottage,V,East Woodfield Heritage Conservation District,LSP317968,442.77448448,97.9841132663365
7992,Designated Heritage Property,498 Dufferin Ave,1907c, ,Queen Anne,V,East Woodfield Heritage Conservation District,LSP317968,343.13656224,97.5064788904783
7993,Designated Heritage Property,570 Queens Ave,1948, ,Georgian Revival,V,East Woodfield Heritage Conservation District,LSP317968,1858.98514024,201.433812946855
7994,Designated Heritage Property,317 Wolfe St,1902, ,Queen Anne,IV And V,West Woodfield Heritage Conservation District,LSP3357211,369.48229296,78.9534808666302
7995,Designated Heritage Property,551 Waterloo St,1905c, ,Late Victorian,V,West Woodfield Heritage Conservation District,LSP3400254,1394.82365216,155.131933326952
7996,Designated Heritage Property,"43 Cartwright St, 423-425 Princess Ave",1877, ,Italianate,V,West Woodfield Heritage Conservation District,LSP3400254,854.959246295,117.063357203515
7997,Designated Heritage Property,555 Dufferin Ave,1900, ,Vernacular,V,East Woodfield Heritage Conservation District,LSP317968,549.431940275,100.625137255406
7998,Designated Heritage Property,657 Queens Ave, , , ,V,Old East Heritage Conservation District,LSP3383111,242.1680077,65.3712006331945
7999,Designated Heritage Property,436 Elizabeth St, , , ,V,Old East Heritage Conservation District,LSP3383111,512.40696448,97.6958154144767
8000,Designated Heritage Property,653 Queens Ave, , , ,V,Old East Heritage Conservation District,LSP3383111,644.94319528,136.199408666448
8001,Designated Heritage Property,655 Queens Ave, , , ,V,Old East Heritage Conservation District,LSP3383111,533.56040644,115.383683130803
8002,Designated Heritage Property,651 Queens Ave, , , ,V,Old East Heritage Conservation District,LSP3383111,263.5864829,86.8520859201219
8003,Designated Heritage Property,659 Queens Ave, , , ,V,Old East Heritage Conservation District,LSP3383111,341.0803589,74.6499486666724
8004,Designated Heritage Property,417 Princess Ave, , , ,V,West Woodfield Heritage Conservation District,LSP3400254,339.18775674,83.2453444882722
8005,Designated Heritage Property,421 Princess Ave, , , ,V,West Woodfield Heritage Conservation District,LSP3400254,315.95565759,81.7218897529328
8006,Designated Heritage Property,419 Princess Ave, , , ,V,West Woodfield Heritage Conservation District,LSP3400254,371.73092304,85.3789110500685
8007,Designated Heritage Property,32 Cartwright St, , , ,V,West Woodfield Heritage Conservation District,LSP3400254,248.415642,70.4583616468252
8008,Designated Heritage Property,30 Cartwright St, , , ,V,West Woodfield Heritage Conservation District,LSP3400254,540.09709688,104.194963585001
8009,Designated Heritage Property,40 Cartwright St, , , ,V,West Woodfield Heritage Conservation District,LSP3400254,155.1284268,50.9667016103072
8010,Designated Heritage Property,512 Maitland St, , , ,V,West Woodfield Heritage Conservation District,LSP3400254,361.08953184,93.5728179597066
8011,Designated Heritage Property,508 Maitland St, , , ,V,West Woodfield Heritage Conservation District,LSP3400254,473.63619732,99.6195071204637
8012,Designated Heritage Property,364 Princess Ave, , , ,V,West Woodfield Heritage Conservation District,LSP3400254,482.42355902,119.733397471977
8013,Designated Heritage Property,538 Waterloo St, , , ,V,West Woodfield Heritage Conservation District,LSP3400254,502.59020394,120.082002218843
8014,Designated Heritage Property,248-248/ Dundas St,1880, , ,V,Downtown Heritage Conservation District,LSP3419124,397.28397776,132.971061581126
8015,Designated Heritage Property,424 Wellington St,1902c,Wright Lithographing,Eclectic,V,Downtown Heritage Conservation District,LSP3419124,1877.36400712,216.665658128656
8016,Designated Heritage Property,153-161 Windermere Rd,1890c, ,Late Victorian,IV, ,LSP3449233,16629.2366528,743.906906688571
8017,Designated Heritage Property,496 Waterloo St,1893c,603990 Ont. Ltd.,Queen Anne,V,West Woodfield Heritage Conservation District,LSP3400254,639.35378096,101.141993846022
8018,Designated Heritage Property,566 Dundas St,1875c,Buchan House,Queen Anne,IV, ,LSP337849,1152.25095944,144.47700935221
8019,Listed Heritage Property,1057 Richmond St,1886, ,Vernacular, , , ,293.2199564,68.9626286688883
8020,Designated Heritage Property,238-238/ Dundas St,1895, ,Red Brick Commercial,V,Downtown Heritage Conservation District,LSP3419124,397.23749376,132.416134958368
8021,Designated Heritage Property,"275-285 Queens Ave, 440 Wellington St",1910c,Alexandra Apts, ,V,West Woodfield Heritage Conservation District,LSP3400254,2969.08670548,233.589737164391
8022,Designated Heritage Property,487 Dufferin Ave,1900c, ,Italianate,V,East Woodfield Heritage Conservation District,LSP317968,264.29055704,77.9097391954474
8023,Designated Heritage Property,479-479A William St,1911, ,Vernacular,V,East Woodfield Heritage Conservation District,LSP317968,631.46048562,121.0209232708
8024,Designated Heritage Property,297 Wolfe St,1898c,Gallo Property,Queen Anne,V,West Woodfield Heritage Conservation District,LSP3400254,606.89295134,110.302083456705
8025,Designated Heritage Property,33 Cartwright St,1874, ,Vernacular,V,West Woodfield Heritage Conservation District,LSP3400254,391.90606404,117.325992042586
8026,Listed Heritage Property,1035 Gainsborough Rd,1835c, ,Georgian, , , ,886.655528,119.830819958619
8027,Listed Heritage Property,195 Victoria St,1910,Clark Property,Arts And Crafts, , , ,541.78551122,109.357950724945
8028,Designated Heritage Property,305-325 Queens Ave,1939,Central Library,Art Deco,IV And V,West Woodfield Heritage Conservation District,LSP332444,6353.98194788,347.260815564692
8029,Designated Heritage Property,334 Queens Ave,1890c, ,Queen Anne,V,West Woodfield Heritage Conservation District,LSP3400254,217.16642752,65.8008491844015
8030,Listed Heritage Property,1033 Richmond St,1909c, ,Arts And Crafts, , , ,606.20796632,110.065276443031
8031,Designated Heritage Property,410 Dufferin Ave,1907c, ,Edwardian,V,West Woodfield Heritage Conservation District,LSP3400254,363.0390816,86.5313692716514
8032,Listed Heritage Property,199 Cheapside St,1885, ,Queen Anne Cottage, , , ,1142.5175855,140.328905167827
8033,Designated Heritage Property,333 Dufferin Ave,1878c,Nathaniel Reid Cottage,Ontario Cottage,V,West Woodfield Heritage Conservation District,LSP3400254,1085.07582208,138.314718561929
8034,Designated Heritage Property,258-260 Dundas St,1927,Former Loblaws, ,V,Downtown Heritage Conservation District,LSP3419124,761.10115758,129.260684643953
8035,Designated Heritage Property,518 Queens Ave,1874, ,Second Empire,V,East Woodfield Heritage Conservation District,LSP317968,2715.78181144,209.233322408812
8036,Listed Heritage Property,694-698 Dundas St,1900c, ,Italianate, , , ,866.80660576,126.840587170834
8037,Listed Heritage Property,429 Colborne St,1878, ,Gothic Revival, , , ,534.487548,154.615384896067
8038,Designated Heritage Property,514 Waterloo St,1893,Boniface Property,Romanesque Revival,V,West Woodfield Heritage Conservation District,LSP3400254,244.7221904,86.4307620122262
8039,Listed Heritage Property,120 Chantry Pl,1937,Hylands,Georgian Revival, , , ,11160.741441905,428.2051388825
8040,Designated Heritage Property,360-364 Queens Ave,1893c,360 Queens Ltd.,Queen Anne,V,West Woodfield Heritage Conservation District,LSP3400254,1181.45330686,149.899169025965
8041,Designated Heritage Property,322 Princess Ave,1905c,Rand Property,Vernacular,IV And V,West Woodfield Heritage Conservation District,LSP3354162,743.5572856,124.048207496794
8042,Listed Heritage Property,182 Cromwell St,1896, ,Vernacular, , , ,245.07620624,67.2922260341397
8043,Listed Heritage Property,194 Sherwood Ave,1930c, ,Arts And Crafts, , , ,470.66923488,95.1966441663271
8044,Designated Heritage Property,521 Dufferin Ave,1881, ,Italianate,V,East Woodfield Heritage Conservation District,LSP317968,571.46899506,104.463411998219
8045,Designated Heritage Property,353 Queens Ave,1885, ,Italianate,V,West Woodfield Heritage Conservation District,LSP3400254,567.69546826,131.959193142724
8046,Designated Heritage Property,349 Princess Ave,1885,Mercurex Property,Queen Anne,V,West Woodfield Heritage Conservation District,LSP3400254,178.3823684,66.4576444542244
8047,Designated Heritage Property,2096 Wonderland Rd N,1850c, ,Georgian Farmhouse,IV, ,LSP3477475,4043.63362464,254.358192348991
8048,Designated Heritage Property,534 Queens Ave,1878,Sisters Of St Joseph,Second Empire,V,East Woodfield Heritage Conservation District,LSP317968,2365.76840318,194.798841294283
8049,Listed Heritage Property,632 Dundas St,1882, ,Italianate, , , ,344.60189496,133.891446864167
8050,Designated Heritage Property,429 William St,1873, ,Gothic Revival,IV, ,LSP3227417,268.7610036,79.5818748560688
8051,Designated Heritage Property,385 Dufferin Ave,1907c, ,Queen Anne,V,West Woodfield Heritage Conservation District,LSP3400254,643.12577882,103.182004027101
8052,Designated Heritage Property,240 Dundas St,1915c, ,Arts And Crafts,V,Downtown Heritage Conservation District,LSP3419124,427.95799588,133.983116641521
8053,Listed Heritage Property,429 Adelaide St N,1860c, , , , , ,288.35409104,75.6523399588734
8054,Listed Heritage Property,10 Parkdale Cres,1940c, ,Art Moderne, , , ,491.363128475,92.5059948387079
8055,Designated Heritage Property,445 Colborne St,1881, ,Italianate,V,West Woodfield Heritage Conservation District,LSP3400254,551.20834006,94.3452210364901
8056,Designated Heritage Property,23 Peter St,1877c, ,Italianate,IV And V,East Woodfield Heritage Conservation District,LSP2848346,991.20427318,136.214235128116
8057,Listed Heritage Property,192 Sherwood Ave,1930, ,Tudor Revival, , , ,1162.6347752,164.498787821751
8058,Listed Heritage Property,1105 Richmond St,1908, , , , , ,756.87236912,111.887057855959
8059,Listed Heritage Property,666-668 Dundas St,1880c, ,Late Victorian, , , ,587.05272872,110.676952625069
8060,Designated Heritage Property,419 Dufferin Ave,1881c, ,Queen Anne,V,West Woodfield Heritage Conservation District,LSP3400254,524.00035536,111.154266813619
8061,Designated Heritage Property,484 Waterloo St,1875c,338690 Ont.ltd.,Italianate,V,West Woodfield Heritage Conservation District,LSP3400254,842.35919768,119.429861670282
8062,Listed Heritage Property,100 Cheapside St,1899,Sorority House,Shingle, , , ,1259.24173464,146.68875882476
8063,Listed Heritage Property,1379 Western Rd,1930c,Cronyn House, , , , ,4023.37641792,348.297019813963
8064,Designated Heritage Property,512 Colborne St,1913c, ,Edwardian,IV And V,West Woodfield Heritage Conservation District,LSP3313300,963.51831674,139.795994718666
8065,Listed Heritage Property,328 St George St,1895,Webster Property,Queen Anne Cottage, , , ,664.95640536,103.835539539565
8066,Listed Heritage Property,1006 Gainsborough Rd,1890, ,Ontario Farmhouse, , , ,12113.50310744,549.129519424486
8067,Designated Heritage Property,369 Dufferin Ave,1913, ,Eclectic,V,West Woodfield Heritage Conservation District,LSP3400254,696.16221286,121.867214509527
8068,Listed Heritage Property,381 St George St,1931,Terry Property,Tudor Revival, , , ,3344.7467524,238.214083471815
8069,Listed Heritage Property,199 Victoria St,1906, ,Late Victorian, , , ,544.046488,110.607793261775
8070,Listed Heritage Property,330 St George St,1903, ,Vernacular, , , ,325.80425752,95.6652488471065
8071,Listed Heritage Property,526 Dundas St,1888c,Needham Funeral Ltd.,High Victorian, , , ,1279.70173896,144.533241247888
8072,Designated Heritage Property,467-469 Dufferin Ave,1874, ,Vernacular,V,East Woodfield Heritage Conservation District,LSP317968,390.87213128,87.0760140394866
8073,Designated Heritage Property,343 Princess Ave,1885c, ,Queen Anne,V,West Woodfield Heritage Conservation District,LSP3400254,178.15152608,66.4404047320185
8074,Designated Heritage Property,482 William St,1951c, , ,V,East Woodfield Heritage Conservation District,LSP317968,323.36401776,75.2809581145378
8075,Designated Heritage Property,375 St George St,1930,Sweeney Property, ,IV, ,LSP3239546,1393.76264496,189.328655561512
8076,Designated Heritage Property,455 Waterloo St,1897c, ,Queen Anne,V,West Woodfield Heritage Conservation District,LSP3400254,478.025424805,112.006100061174
8077,Designated Heritage Property,353 Dufferin Ave,1897c, ,Vernacular,V,West Woodfield Heritage Conservation District,LSP3400254,240.17044252,66.7217761872526
8078,Designated Heritage Property,463 Dufferin Ave,1874, ,Vernacular,V,East Woodfield Heritage Conservation District,LSP317968,154.45621472,72.0423482587912
8079,Listed Heritage Property,1177 Richmond St,1931, ,Tudor Revival, , , ,1618.8417836,173.019301953491
8080,Designated Heritage Property,531 Dufferin Ave,1900c, , ,V,East Woodfield Heritage Conservation District,LSP317968,1149.84734994,136.041887099851
8081,Designated Heritage Property,470 Dufferin Ave,1894c, ,Vernacular,V,East Woodfield Heritage Conservation District,LSP317968,205.887362,84.3321851909557
8082,Designated Heritage Property,380-382 Queens Ave,1902c,756801 Ont. Ltd.,Queen Anne,V,West Woodfield Heritage Conservation District,LSP3400254,1404.45073576,157.822047667259
8083,Designated Heritage Property,255 Dufferin Ave,1927c,London Life,Neo-classical,V,Downtown Heritage Conservation District,LSP3419124,19054.19599865,557.014001094345
8084,Listed Heritage Property,533 Queens Ave,1893,598290 Ont.ltd.,Queen Anne, , , ,1064.2097244,133.804249291305
8085,Designated Heritage Property,300 Princess Ave,1893c, ,Queen Anne,V,West Woodfield Heritage Conservation District,LSP3400254,753.21110428,124.469461824005
8086,Listed Heritage Property,71 Fanshawe Park Rd W, ,Labatt Estate,Eclectic, , , ,11662.13801328,674.493078295556
8087,Designated Heritage Property,234 Dundas St,1870c, ,Italianate,V,Downtown Heritage Conservation District,LSP3419124,380.4413339,131.715474417499
8088,Designated Heritage Property,468 Dufferin Ave,1881c, ,Vernacular,V,East Woodfield Heritage Conservation District,LSP317968,226.77994896,85.4533472402076
8089,Listed Heritage Property,"672-674 Dundas St, 425 Elizabeth St",1880c, ,Late Victorian, , , ,291.96134496,96.2169333873008
8090,Designated Heritage Property,508 Waterloo St,1893,Dolezel Property,Italianate,V,West Woodfield Heritage Conservation District,LSP3400254,395.80840996,94.7204655958852
8091,Listed Heritage Property,929 Richmond St,1919,Girvan Property,Edwardian, , , ,1192.02694584,139.380599890994
8092,Designated Heritage Property,262 Dundas St,1920, , ,V,Downtown Heritage Conservation District,LSP3419124,145.01498158,76.8215248761855
8093,Designated Heritage Property,564 Queens Ave,1935c, , ,V,East Woodfield Heritage Conservation District,LSP317968,911.42433464,177.181807004721
8094,Designated Heritage Property,299 Wolfe St,1893c,Mitches Property,High Victorian,V,West Woodfield Heritage Conservation District,LSP3400254,694.84334652,121.885899236871
8095,Listed Heritage Property,191 Cheapside St,1909, ,Queen Anne, , , ,1153.42300816,140.820748467009
8096,Designated Heritage Property,466 Queens Ave,1870c, ,Eclectic,V,West Woodfield Heritage Conservation District,LSP3400254,374.23270792,85.7254364074759
8097,Designated Heritage Property,511 Maitland St,1880c,Mohr Property, ,IV And V,West Woodfield Heritage Conservation District,LSP3126277,283.84580136,90.5662291400673
8098,Designated Heritage Property,471 Maitland St,1850, ,Ontario Farmhouse,IV And V,West Woodfield Heritage Conservation District,LSP 3338217,479.19815444,102.220942789244
8099,Designated Heritage Property,252-254 Dundas St,1890c, ,Red Brick Commercial,V,Downtown Heritage Conservation District,LSP3419124,676.23215006,142.318739058618
8100,Listed Heritage Property,320 St George St,1901, ,Queen Anne, , , ,988.1914004,143.511836838298
8101,Designated Heritage Property,1061 Richmond St,1911c,Robinson Unite Churc,Romanesque Revival,IV, ,LSP343346,899.17525322,141.610086011323
8102,Designated Heritage Property,484 Dufferin Ave,1870c, ,Side-hall Plan (shp) Cottage,V,East Woodfield Heritage Conservation District,LSP317968,446.4924204,97.6476995769429
8103,Listed Heritage Property,428 St George St,1913c,Brown Property, , , , ,1095.57949288,142.443254067604
8104,Designated Heritage Property,345 Princess Ave,1885c, ,Queen Anne,V,West Woodfield Heritage Conservation District,LSP3400254,178.16146928,66.4411539956426
8105,Designated Heritage Property,469 Waterloo St,1885c, ,Italianate,V,West Woodfield Heritage Conservation District,LSP3400254,534.98579424,113.964460787112
8106,Designated Heritage Property,549 Waterloo St,1914c,Morgan Property, ,IV And V,West Woodfield Heritage Conservation District,LSP3356164,199.27953568,57.0203268705106
8107,Designated Heritage Property,300 Dundas St,1927,Wyatt Building,Art Deco,V,Downtown Heritage Conservation District,LSP3419124,1208.75892338,179.647850259135
8108,Listed Heritage Property,369 St George St,1923,Duffield Property,Tudor Revival, , , ,3559.03292792,253.965257608073
8109,Listed Heritage Property,670 Dundas St,1880c, ,Late Victorian, , , ,279.375294,95.5930675237556
8110,Listed Heritage Property,188 Broughdale Ave,1908, , , , , ,463.74658928,116.959739703256
8111,Listed Heritage Property,160 Broughdale Ave,1937, , , , , ,463.1690728,116.840820236071
8112,Listed Heritage Property,"1285 Western Rd, 271 Ramsay Rd",1924,Brescia College,Collegiate Gothic, , , ,173913.0416656,2206.82578942066
8113,Designated Heritage Property,370 Dufferin Ave,1863c, ,Italianate,IV And V,West Woodfield Heritage Conservation District,LSP2784277,638.90372556,144.277513877051
8114,Listed Heritage Property,101 Cheapside St,1886, ,Queen Anne, , , ,1072.02302848,137.161195763576
8115,Designated Heritage Property,375 Princess Ave,1875c, ,Italianate,V,West Woodfield Heritage Conservation District,LSP3400254,758.07333018,146.355673535278
8116,Listed Heritage Property,197 Sherwood Ave,1907, , , , , ,736.98465368,127.175995470871
8117,Designated Heritage Property,504 Colborne St,1872c, ,Italianate,V,West Woodfield Heritage Conservation District,LSP3400254,1360.56542344,158.579190811795
8118,Listed Heritage Property,931 Richmond St,1919,Soumalis Property, , , , ,544.75345784,96.4287069114744
8119,Designated Heritage Property,469 Colborne St,1876, ,Italianate,V,West Woodfield Heritage Conservation District,LSP3400254,938.89648396,185.353768281233
8120,Designated Heritage Property,371 Princess Ave,1875c, ,Italianate,V,West Woodfield Heritage Conservation District,LSP3400254,792.87844688,147.244813220272
8121,Designated Heritage Property,"464-466 Dufferin Ave, 499 Maitland St",1888,Fitzgerald Corners,High Victorian,V,East Woodfield Heritage Conservation District,LSP317968,303.43083552,78.2379586445846
8122,Designated Heritage Property,355 Dufferin Ave,1897, ,Vernacular,V,West Woodfield Heritage Conservation District,LSP3400254,240.17930472,66.7228043541881
8123,Listed Heritage Property,180 Cheapside St,1928, ,Georgian Revival, , , ,2155.34095688,189.300785234088
8124,Designated Heritage Property,516 Waterloo St,1893c,Christopher Property,Romanesque Revival,V,West Woodfield Heritage Conservation District,LSP3400254,239.14306872,86.1181658149625
8125,Listed Heritage Property,191 Sherwood Ave,1914, ,Late Victorian, , , ,1370.9918156,153.411623754707
8126,Designated Heritage Property,274-280 Dundas St,1890c,Rex Cigar Factory,Romanesque Revival,V,Downtown Heritage Conservation District,LSP3419124,793.6363906,113.701798624266
8127,Listed Heritage Property,196 Broughdale Ave,1939,Campbell Property,Arts And Crafts, , , ,460.0374902,98.8500418435767
8128,Designated Heritage Property,462 Maitland St,1877,Kovach Property,Italianate,V,West Woodfield Heritage Conservation District,LSP3400254,466.92584112,101.007437378337
8129,Designated Heritage Property,468 Colborne St,1903,Shrinrs Mocha Mosque,Queen Anne,V,West Woodfield Heritage Conservation District,LSP3400254,3221.18359064,337.213991343817
8130,Listed Heritage Property,1165 Gainsborough Rd,1870c, ,Ontario Farmhouse, , , ,8253.0002776,526.674371633946
8131,Designated Heritage Property,502 Waterloo St,1902c,Bain Property,Queen Anne,V,West Woodfield Heritage Conservation District,LSP3400254,452.60111608,86.5412926580936
8132,Designated Heritage Property,"308 Queens Ave, 22 Picton Ave",1881c, ,Second Empire,IV And V,West Woodfield Heritage Conservation District,LSP3287232,3005.15486556,223.048005223898
8133,Designated Heritage Property,566 Queens Ave,1935c, ,Georgian Revival,V,East Woodfield Heritage Conservation District,LSP317968,1003.32519232,179.358740057487
8134,Listed Heritage Property,438 St George St,1919, , , , , ,1476.44163272,158.081855915469
8135,Designated Heritage Property,480 William St,1875c, ,Italianate,V,East Woodfield Heritage Conservation District,LSP317968,686.040044,114.751101809213
8136,Listed Heritage Property,1965 Sunningdale Rd W,1875c, ,Ontario Farmhouse, , , ,4073.97415008,262.623619964464
8137,Designated Heritage Property,504 Waterloo St,1893c,Elwood Property,Italianate,V,West Woodfield Heritage Conservation District,LSP3400254,412.41626026,95.4817847483916
8138,Listed Heritage Property,1744 Sunningdale Rd W,1870c, , , , , ,8374.33128208,390.246830325713
8139,Designated Heritage Property,1603 Richmond St,1844c, Lake Property, ,IV, ,LSP27890353,2751.93659232,210.585101489631
8140,Designated Heritage Property,350 Queens Ave,1868c,First St. Andrews,Gothic Revival,V,West Woodfield Heritage Conservation District,LSP3400254,5200.67761448,391.184127047163
8141,Designated Heritage Property,286 Dundas St,1885c, ,Italianate,V,Downtown Heritage Conservation District,LSP3419124,94.99997042,56.6868784542335
8142,Designated Heritage Property,532 Waterloo St,1875c, ,Vernacular,IV And V,West Woodfield Heritage Conservation District,LSP327753,885.83013944,140.264759203477
8143,Designated Heritage Property,546 Queens Ave,1885c, ,Queen Anne,V,East Woodfield Heritage Conservation District,LSP317968,1155.39271096,165.897561727008
8144,Listed Heritage Property,1151 Richmond St,1939,Hume Cronyn Observatory,Collegiate Gothic, , , ,653137.98004061,3525.71767743807
8145,Listed Heritage Property,1834 Fanshawe Park Rd W,1878p, ,Ontario Farmhouse, , , ,8015.9056368,476.911617271387
8146,Designated Heritage Property,"460 Wellington St, 280 Queens Ave",1914c,Hayman Court, ,V,West Woodfield Heritage Conservation District,LSP3400254,2938.47119668,276.853494669254
8147,Designated Heritage Property,501 Colborne St,1902c, ,Late Victorian,IV And V,West Woodfield Heritage Conservation District,LSP3141117,374.91114266,95.9984846435405
8148,Designated Heritage Property,476 Dufferin Ave,1877,Wright Property, ,V,East Woodfield Heritage Conservation District,LSP317968,456.308231105,98.1083758308167
8149,Designated Heritage Property,478 Waterloo St,1876c,643291 Ont. Inc.,Italianate,V,West Woodfield Heritage Conservation District,LSP3400254,1322.71347448,161.473171482013
8150,Designated Heritage Property,228-230 Dundas St,1909c,Ontario Furniture, ,V,Downtown Heritage Conservation District,LSP3419124,899.25669608,192.664289174486
8151,Designated Heritage Property,348 Dufferin Ave,1881c, ,Italianate,V,West Woodfield Heritage Conservation District,LSP3400254,648.42257664,116.013543982721
8152,Listed Heritage Property,1035 Sunningdale Rd W,1850, ,Georgian, , , ,214349.53449856,2038.85955475751
8153,Designated Heritage Property,220 Dundas St,1931,Canada Trust,Art Deco,V,Downtown Heritage Conservation District,LSP3419124,939.70189488,134.185387380641
8154,Designated Heritage Property,379 Dufferin Ave,1881c, ,Italianate,V,West Woodfield Heritage Conservation District,LSP3400254,846.42208798,124.40281323117
8155,Designated Heritage Property,32 Grosvenor St,1908, ,Queen Anne,IV, ,LSP3145190,855.3789272,136.728668992781
8156,Listed Heritage Property,520-526 Dundas St,1870c,Needham Funeral Ltd,Italianate, , , ,6524.60946224,380.946534924108
8157,Designated Heritage Property,474 Maitland St,1880c, ,Italianate,V,West Woodfield Heritage Conservation District,LSP3400254,751.42203616,128.855165643569
8158,Listed Heritage Property,196 Sherwood Ave,1915c, ,Eclectic, , , ,742.33473296,127.929073951433
8159,Designated Heritage Property,22 Peter St,1870c, ,Ontario Farmhouse,IV And V,East Woodfield Heritage Conservation District,LSP2850348,973.36313592,135.370767342353
8160,Designated Heritage Property,315 Wolfe St,1908c, ,Late Victorian,IV And V,West Woodfield Heritage Conservation District,LSP3244688,556.12288456,114.850844442219
8161,Designated Heritage Property,434 Dufferin Ave,1875, ,Italianate,V,West Woodfield Heritage Conservation District,LSP3400254,320.47888096,82.0027802662028
8162,Listed Heritage Property,26 Grosvenor St,1908, ,Vernacular, , , ,426.20545136,101.137487857173
8163,Designated Heritage Property,369-373 Queens Ave,1881, ,Vernacular,V,West Woodfield Heritage Conservation District,LSP3400254,1130.59890664,152.203263508397
8164,Designated Heritage Property,485 Dufferin Ave,1881c, ,Italianate,V,East Woodfield Heritage Conservation District,LSP317968,230.71757758,75.8171742122135
8165,Listed Heritage Property,1185 Richmond St,1933, ,Tudor Revival, , , ,1662.64351304,193.530999095782
8166,Designated Heritage Property,266-268 Dundas St,1885, ,Second Empire,V,Downtown Heritage Conservation District,LSP3419124,301.82302496,79.3924560430965
8167,Designated Heritage Property,256-256/ Dundas St,1890c, ,High Victorian,V,Downtown Heritage Conservation District,LSP3419124,257.145704245,99.7861626261022
8168,Designated Heritage Property,25 Peter St,1905, ,Vernacular,V,East Woodfield Heritage Conservation District,LSP317968,500.26727112,115.157819702368
8169,Designated Heritage Property,512 Waterloo St,1893c,Boniface Property,Romanesque Revival,V,West Woodfield Heritage Conservation District,LSP3400254,266.1169128,87.609520091688
8170,Listed Heritage Property,423 Colborne St,1874, ,Second Empire, , , ,598.78126408,111.791819139159
8171,Designated Heritage Property,36 Grosvenor St,1886, , ,IV, ,LSP2788352,1363.82611162,156.381518430871
8172,Listed Heritage Property,425-427 William St,1890c,794577 Ont. Inc.,High Victorian, , , ,527.90270048,96.2246486935677
8173,Designated Heritage Property,"295 Dufferin Ave, 35 Picton St",1929c, ,Tudor Revival,V,West Woodfield Heritage Conservation District,LSP3400254,439.51856832,85.3063633872578
8174,Designated Heritage Property,272 Dundas St,1928,Old City Hall,Neo-classical,V,Downtown Heritage Conservation District,LSP3419124,513.025345775,96.2919746602278
8175,Designated Heritage Property,430-432 Dufferin Ave,1875, ,Italianate,IV And V,West Woodfield Heritage Conservation District,LSP325130,297.03479408,80.4333028727198
8176,Designated Heritage Property,462 Dufferin Ave,1888c, ,High Victorian,V,East Woodfield Heritage Conservation District,LSP317968,228.65895054,72.9514715887432
8177,Designated Heritage Property,523 Dufferin Ave,1870c, ,Ontario Cottage,V,East Woodfield Heritage Conservation District,LSP317968,571.44803468,104.461396553561
8178,Designated Heritage Property,412 Dufferin Ave,1907, ,Edwardian,IV And V,West Woodfield Heritage Conservation District,LSP3099374,323.1628896,81.9394855037366
8179,Designated Heritage Property,465 Dufferin Ave,1874, ,Vernacular,V,East Woodfield Heritage Conservation District,LSP317968,207.95872482,75.3897262695564
8180,Listed Heritage Property,24 Grosvenor St,1903, ,Queen Anne, , , ,730.55346832,116.398956851444
8181,Designated Heritage Property,321 Dufferin Ave,1875, ,Eclectic,V,West Woodfield Heritage Conservation District,LSP3400254,497.57169296,96.1241735829881
8182,Designated Heritage Property,27 Peter St,1869, ,Vernacular,V,East Woodfield Heritage Conservation District,LSP317968,487.92425928,114.516198084966
8183,Listed Heritage Property,198 Victoria St,1888, , , , , ,698.96722328,122.220062682899
8184,Designated Heritage Property,311 Dufferin Ave,1910c, ,Eclectic,V,West Woodfield Heritage Conservation District,LSP3400254,418.33083688,85.3898412137427
8185,Designated Heritage Property,326 Queens Ave,1890c, ,Queen Anne,V,West Woodfield Heritage Conservation District,LSP3400254,351.34729208,76.8397662123151
8186,Designated Heritage Property,30 Picton St,1920, , ,V,West Woodfield Heritage Conservation District,LSP3400254,194.47958896,55.9986169562485
8187,Designated Heritage Property,400 Dufferin Ave,1879, ,Italianate,V,West Woodfield Heritage Conservation District,LSP3400254,1010.79989326,128.525661996974
8188,Designated Heritage Property,385 Queens Ave,1890c, ,Vernacular,V,West Woodfield Heritage Conservation District,LSP3400254,574.4792578,132.312736757338
8189,Designated Heritage Property,332 St George St,1896,Evans Property,Queen Anne Cottage,IV, ,LSP3158261,482.66246728,103.585752979178
8190,Designated Heritage Property,392 Dufferin Ave,1905c, ,Queen Anne,V,West Woodfield Heritage Conservation District,LSP3400254,448.070957255,97.9035199583976
8191,Designated Heritage Property,518 Waterloo St,1893,Mark Property,Romanesque Revival,V,West Woodfield Heritage Conservation District,LSP3400254,237.96057688,85.2134624829707
8192,Designated Heritage Property,430-432 Waterloo St,1910c,Dorothy Scruton Danc,Edwardian,IV, ,LSP3195271,761.73936872,117.914043437331
8193,Designated Heritage Property,509 Waterloo St,1912c,Central Secondary,Collegiate Gothic,V,West Woodfield Heritage Conservation District,LSP3400254,11911.17198702,472.133919503128
8194,Listed Heritage Property,1025 Gainsborough Rd,1895c, ,Vernacular, , , ,554.64679696,118.216375904951
8195,Listed Heritage Property,1319-1373 Western Rd,1950,Huron College,Collegiate Gothic, , , ,185416.02430072,2047.01837783959
8196,Designated Heritage Property,408-410 Queens Ave,1907c, ,Queen Anne,V,West Woodfield Heritage Conservation District,LSP3400254,673.1606392,107.199269767619
8197,Listed Heritage Property,319 St George St,1930, ,Georgian Revival, , , ,1044.3816536,137.106043487642
8198,Designated Heritage Property,479 Dufferin Ave,1910, ,Arts And Crafts,V,East Woodfield Heritage Conservation District,LSP317968,161.5229544,53.6247824009867
8199,Designated Heritage Property,288 Dundas St,1885c, ,Italianate,V,Downtown Heritage Conservation District,LSP3419124,280.1266717,82.582914187389
8200,Designated Heritage Property,400 Queens Ave,1909c,Ross Et Al Property,Queen Anne,V,West Woodfield Heritage Conservation District,LSP3400254,686.67986976,107.985429018116
8201,Listed Heritage Property,893 Richmond St,1904, ,Edwardian, , , ,720.15900592,115.414035881741
8202,Designated Heritage Property,341 Princess Ave,1885c, ,Queen Anne,V,West Woodfield Heritage Conservation District,LSP3400254,178.16513856,66.4414343727922
8203,Designated Heritage Property,309-311 Wolfe St,1898c,Januj Property,Queen Anne,V,West Woodfield Heritage Conservation District,LSP3400254,832.27518808,127.90555916764
8204,Designated Heritage Property,480 Dufferin Ave,1854, , ,V,East Woodfield Heritage Conservation District,LSP317968,235.96950056,85.6881960355548
8205,Designated Heritage Property,20 Grosvenor St,1892, ,Italianate,IV, ,LSP3157245,786.88613,116.38130930592
8206,Designated Heritage Property,236 Dundas St,1895c, ,Red Brick Commercial,V,Downtown Heritage Conservation District,LSP3419124,331.7405996,130.622933507706
8207,Designated Heritage Property,468 Queens Ave,1870c, ,Eclectic,V,West Woodfield Heritage Conservation District,LSP3400254,373.44659792,85.6752962263073
8208,Designated Heritage Property,513 Colborne St,1860, ,Ontario Cottage,IV And V,West Woodfield Heritage Conservation District,LSP328056,476.1679771,89.5712684109236
8209,Listed Heritage Property,1053 Richmond St,1890c, ,Vernacular, , , ,328.76933208,75.3769777003113
8210,Listed Heritage Property,1083 Richmond St,1887, ,Ontario Cottage, , , ,603.8423352,105.91759513398
8211,Listed Heritage Property,11 Parkdale Cres,1942, ,Bungalow, , , ,567.83230792,99.2422693535441
8212,Designated Heritage Property,367 Princess Ave,1875,Evan Shute Foundation,Italianate,V,West Woodfield Heritage Conservation District,LSP3400254,1286.26493676,163.365620447173
8213,Designated Heritage Property,242 Dundas St,1885, ,High Victorian,V,Downtown Heritage Conservation District,LSP3419124,426.734057665,133.881886746686
8214,Listed Heritage Property,430 Adelaide St N,1928, O-pee-chee Building, , , , ,1391.54367848,149.945838159265
8215,Designated Heritage Property,307 Wolfe St,1893c,Dencev Property,High Victorian,V,West Woodfield Heritage Conservation District,LSP3400254,833.37978534,127.94886426192
8216,Designated Heritage Property,491 Dufferin Ave,1881, ,Side-hall Plan (shp) Cottage,V,East Woodfield Heritage Conservation District,LSP317968,575.35612428,104.667359555251
8217,Listed Heritage Property,1927 Richmond St,1920c,Winder Property,Tudor Revival, , , ,17542.0015256,773.769082626721
8218,Designated Heritage Property,482 Dundas St,1895,Dundas St United Ch,Romanesque Revival,IV, ,LSP2855175,3067.69934744,223.707209733514
8219,Designated Heritage Property,308 Princess Ave,1898c, ,Queen Anne,IV And V,West Woodfield Heritage Conservation District,LSP2865487,906.64457224,131.172362849787
8220,Listed Heritage Property,1950 Sunningdale Rd W,1865,Lynch Farms,Gothic Revival, , , ,430943.66001435,2631.01687007128
8221,Designated Heritage Property,1656 Hyde Park Rd,1880, ,Italianate,IV, ,LSP3455204,1018.46222032,137.143978991401
8222,Designated Heritage Property,471-473 Dufferin Ave,1881, ,Eclectic,V,East Woodfield Heritage Conservation District,LSP317968,444.68833328,90.4057943294838
8223,Designated Heritage Property,471 Waterloo St,1911,R.d. Mcdonald House,Queen Anne,V,West Woodfield Heritage Conservation District,LSP3400254,1085.48986464,138.349879678559
8224,Designated Heritage Property,536 Queens Ave,1878, ,Queen Anne,V,East Woodfield Heritage Conservation District,LSP317968,1285.03233888,149.728361220944
8225,Designated Heritage Property,303 Wolfe St,1893c,Dencev Property,High Victorian,V,West Woodfield Heritage Conservation District,LSP3400254,556.46871146,115.841938910658
8226,Designated Heritage Property,190 Bridport St,1908,Hinton Property,Late Victorian,IV, ,LSP3102397,546.19612888,110.064308941959
8227,Listed Heritage Property,203 Sherwood Ave,1886, , , , , ,580.81884178,120.706582895172
8228,Designated Heritage Property,"333 Queens Ave, 439 Waterloo St",1880c, ,Italianate,V,West Woodfield Heritage Conservation District,LSP3400254,351.60958912,87.2991977549315
8229,Designated Heritage Property,391 Princess Ave,1880c, , ,V,West Woodfield Heritage Conservation District,LSP3400254,525.72284444,106.577323651511
8230,Designated Heritage Property,540 Queens Ave,1904, ,Queen Anne,V,East Woodfield Heritage Conservation District,LSP317968,989.03903848,192.662429475191
8231,Designated Heritage Property,264 Dundas St,1885c, ,Second Empire,V,Downtown Heritage Conservation District,LSP3419124,134.87331752,68.4845999087842
8232,Designated Heritage Property,361 Queens Ave,1930c, ,Arts And Crafts,V,West Woodfield Heritage Conservation District,LSP3400254,1147.07677688,153.978046939637
8233,Designated Heritage Property,250 Dundas St,1920, , ,V,Downtown Heritage Conservation District,LSP3419124,340.96437734,131.119266322897
8234,Designated Heritage Property,517 Dufferin Ave,1881c, ,Italianate,V,East Woodfield Heritage Conservation District,LSP317968,571.48133906,104.465188864631
8235,Designated Heritage Property,244 Dundas St,1860c,Smith's Block,Georgian,V,Downtown Heritage Conservation District,LSP3419124,224.34707304,127.140179841852
8236,Listed Heritage Property,1117 Richmond St,1919,Stavraky Property,Shingle, , , ,412.12149568,100.097750374697
8237,Designated Heritage Property,331 Queens Ave,1880c, ,Italianate,V,West Woodfield Heritage Conservation District,LSP3400254,465.44793231,123.259154067494
8238,Designated Heritage Property,481 Dufferin Ave,1900, ,Vernacular,V,East Woodfield Heritage Conservation District,LSP317968,209.15062542,75.9637195280256
8239,Designated Heritage Property,461 Waterloo St,1888c, ,Queen Anne,V,West Woodfield Heritage Conservation District,LSP3400254,588.84787292,116.3791348822
8240,Designated Heritage Property,329 St George St,1852,Thornwood And Coach,Tudor Revival,IV, ,LSP3149194,8724.74880784,416.843092008659
8241,Designated Heritage Property,442 William St,1873,Cronyn Mem. Church,Gothic Revival,IV, ,LSP3399223,1037.10198136,143.113917177509
8242,Designated Heritage Property,442 Adelaide St N,1907,Banting House,Late Victorian,IV, ,LSP2673337,1077.86811248,131.649259082668
8243,Designated Heritage Property,571 Queens Ave,1900c, ,Queen Anne,IV, ,LSP3371169,452.76493976,95.159778588764
8244,Listed Heritage Property,1013 Gainsborough Rd,1870c, , , , , ,2542.4004672,269.65159800219
8245,Designated Heritage Property,499 Dufferin Ave,1881, ,High Victorian,V,East Woodfield Heritage Conservation District,LSP317968,778.1143445,119.89142853139
8246,Designated Heritage Property,246 Dundas St,1860c,Say Cheese,Georgian,V,Downtown Heritage Conservation District,LSP3419124,322.08876654,130.429651941318
8247,Designated Heritage Property,365 Queens Ave,1907c,J.thiel Real Estate,Arts And Crafts,V,West Woodfield Heritage Conservation District,LSP3400254,1140.80713846,152.421561959863
8248,Designated Heritage Property,370 Queens Ave,1902c,Breivik Property,Queen Anne,V,West Woodfield Heritage Conservation District,LSP3400254,1088.85634718,145.635387389371
8249,Listed Heritage Property,1055 Richmond St,1887, ,Queen Anne, , , ,574.54595728,105.891723216392
8250,Designated Heritage Property,521 Colborne St,1888c, ,Queen Anne,V,West Woodfield Heritage Conservation District,LSP3400254,626.53031264,100.538644797255
8251,Designated Heritage Property,190 Cromwell St,1896c,Behr,Queen Anne,IV, ,LSP328390,555.4237672,112.40256668209
8252,Listed Heritage Property,324 St George St,1910, ,Queen Anne, , , ,265.72316,76.3276176377006
8253,Designated Heritage Property,465 Waterloo St,1885c, ,Vernacular,V,West Woodfield Heritage Conservation District,LSP3400254,592.33275904,116.519399419583
8254,Designated Heritage Property,232 Dundas St,1870c, ,Italianate,V,Downtown Heritage Conservation District,LSP3419124,383.59621384,131.794969215388
8255,Designated Heritage Property,473 Colborne St,1881, ,Italianate,V,West Woodfield Heritage Conservation District,LSP3400254,705.62366236,145.052229262474
8256,Listed Heritage Property,485 Queens Ave,1897c,Aeolian Const'n Co.,Queen Anne, , , ,463.42613952,91.3464635390464
8257,Designated Heritage Property,371 Dufferin Ave,1914c, ,Eclectic,V,West Woodfield Heritage Conservation District,LSP3400254,797.67503812,126.309733415387
8258,Designated Heritage Property,356 Queens Ave,1870c,Manse First St Andr,Italianate,V,West Woodfield Heritage Conservation District,LSP3400254,1117.6095661,147.462465085511
8259,Listed Heritage Property,193 Bridport St,1919, ,Queen Anne, , , ,543.52916432,110.545035800132
8260,Designated Heritage Property,483 Colborne St,1888c,Drewlo Property,Vernacular,V,West Woodfield Heritage Conservation District,LSP3400254,303.15421464,79.8176050470938
8261,Listed Heritage Property,192 Bridport St,1919, ,Queen Anne, , , ,548.42155304,111.304343334667
8262,Designated Heritage Property,486 Dufferin Ave,1902c, ,Queen Anne,IV And V,East Woodfield Heritage Conservation District,LSP3027248,452.4462408,98.0101167294317
8263,Designated Heritage Property,489 Dufferin Ave,1881, ,Vernacular,V,East Woodfield Heritage Conservation District,LSP317968,256.84518508,77.2836162145842
8264,Designated Heritage Property,480 Queens Ave,1877, , ,V,West Woodfield Heritage Conservation District,LSP3400254,468.7412944,91.8417854807651
8265,Listed Heritage Property,1875 Richmond St,1935c, ,Tudor Revival, , , ,18531.76555512,729.262134706241
8266,Designated Heritage Property,350 Dufferin Ave,1950,Berkley Apts,Eclectic,V,West Woodfield Heritage Conservation District,LSP3400254,1246.72384045,164.217844454738
8267,Listed Heritage Property,38 Grosvenor St,1912, ,Eclectic, , , ,267.85483392,67.8868305841016
8268,Designated Heritage Property,31 Cartwright St,1888c, ,Vernacular,V,West Woodfield Heritage Conservation District,LSP3400254,388.26927884,117.182967653164
8269,Listed Heritage Property,887 Richmond St,1907, ,Queen Anne, , , ,578.8728588,96.8657604934823
8270,Listed Heritage Property,186 Cromwell St,1897, ,Queen Anne Cottage, , , ,555.34241072,112.391471556843
8271,Designated Heritage Property,481 William St,1880c, ,Vernacular,V,East Woodfield Heritage Conservation District,LSP317968,660.92809804,122.349060769539
8272,Designated Heritage Property,320 Princess Ave,1896c,Dunlop Property,Queen Anne,IV And V,West Woodfield Heritage Conservation District,LSP3400254,599.77007296,117.76656082569
8273,Designated Heritage Property,562 Queens Ave,1935c,Clatworthy Apts.,Eclectic,V,East Woodfield Heritage Conservation District,LSP317968,1379.66971872,197.419087394241
8274,Listed Heritage Property,326 St George St,1910, ,Queen Anne, , , ,262.47209984,76.1033194598114
8275,Designated Heritage Property,289 Dufferin Ave,1881c, ,Queen Anne,V,West Woodfield Heritage Conservation District,LSP3400254,406.30733296,81.9413863241615
8276,Designated Heritage Property,347 Princess Ave,1885c, ,Queen Anne,V,West Woodfield Heritage Conservation District,LSP3400254,178.16513856,66.4414343727922
8277,Designated Heritage Property,474 William St,1897c,Verbakel/schockaert, ,V,East Woodfield Heritage Conservation District,LSP317968,840.93657736,122.402859627493
8278,Designated Heritage Property,493 Dufferin Ave,1902c, ,Queen Anne,V,East Woodfield Heritage Conservation District,LSP317968,355.79602558,96.4441584193946
8279,Designated Heritage Property,389 Queens Ave,1870c, ,Italianate,V,West Woodfield Heritage Conservation District,LSP3400254,333.13316702,86.7620555920686
8280,Listed Heritage Property,195 Bridport St,1909, ,Late Victorian, , , ,543.6087032,110.555945146356
8281,Listed Heritage Property,662 Dundas St,1880c, ,Late Victorian, , , ,387.0707412,134.03543685761
8282,Designated Heritage Property,368 Dufferin Ave,1874c, ,Italianate,V,West Woodfield Heritage Conservation District,LSP3400254,1235.33906474,163.312422642266
8283,Designated Heritage Property,664 Dundas St,1880c, ,Late Victorian,IV, ,LSP3435112,572.8361488,141.959817868027
8284,Designated Heritage Property,101-137 Windermere Rd,1916,Windermere,Spanish Colonial,IV, ,LSP2834123,265598.10539,2394.24933221848
8285,Listed Heritage Property,575 Queens Ave,1900c, ,Queen Anne, , , ,451.02552408,95.0591274375119
8286,Listed Heritage Property,895 Richmond St,1888c, , , , , ,720.292008,115.428688804397
8287,Listed Heritage Property,507 Queens Ave,1887c,Hardy Geddes House,Queen Anne, , , ,765.64580528,120.50243255229
8288,Listed Heritage Property,421 William St,1880, ,Side-hall Plan (shp) Cottage, , , ,286.69561368,80.7737610531397
8289,Designated Heritage Property,16 Cartwright St,1881, ,Ontario Cottage,V,West Woodfield Heritage Conservation District,LSP3400254,529.85318504,103.134706384289
8290,Designated Heritage Property,414 Dufferin Ave,1902c,John Gordon Home,Edwardian,IV And V,West Woodfield Heritage Conservation District,LSP3188146,946.72402704,123.086831181755
8291,Designated Heritage Property,150 Philip Aziz Ave,1967,Aziz Studio,Eclectic,IV, ,LSP3367235,5388.3547412,334.256365855063
8292,Listed Heritage Property,194 Cromwell St,1892, ,Italianate, , , ,555.46561896,112.411462497667
8293,Designated Heritage Property,322 St George St,1893,Williamson Property,Queen Anne,IV, ,LSP3243687,727.270524,116.024945354689
8294,Listed Heritage Property,149 Victoria St,1930,Rudd Property, , , , ,929.18324496,125.726276525688
8295,Designated Heritage Property,339 Princess Ave,1885c, ,Queen Anne,V,West Woodfield Heritage Conservation District,LSP3400254,178.16146928,66.4411539956426
8296,Listed Heritage Property,196 Bridport St,1909, ,Late Victorian, , , ,546.0670928,110.038980446949
8297,Designated Heritage Property,199 Regent St,1926,Garber Property,Tudor Revival,IV, ,LSP317842,900.40892856,130.540823176804
8298,Designated Heritage Property,525 Dufferin Ave,1910c,Assuras Property,Vernacular,V,East Woodfield Heritage Conservation District,LSP317968,571.441093065,104.46013094028
8299,Designated Heritage Property,472-474 Dufferin Ave,1881, ,Vernacular,V,East Woodfield Heritage Conservation District,LSP317968,462.12705848,98.3888540002008
8300,Designated Heritage Property,330-332 Queens Ave,1890c, ,Queen Anne,V,West Woodfield Heritage Conservation District,LSP3400254,485.643742495,88.7460004531821
8301,Designated Heritage Property,468 Wellington St,1896c,Metropolitan United,Romanesque Revival,V,West Woodfield Heritage Conservation District,LSP3400254,2175.7567536,193.754361406365
8302,Designated Heritage Property,430-432 Clarence St,1910c,Wct Union,Vernacular,V,Downtown Heritage Conservation District,LSP3419124,340.88986244,87.922170043583
8303,Designated Heritage Property,438-440 Clarence St,1905c, ,Vernacular,V,Downtown Heritage Conservation District,LSP3419124,134.3031832,47.5068531820156
8304,Designated Heritage Property,526-528B Waterloo St,1873c, ,Italianate,IV And V,West Woodfield Heritage Conservation District,LSP2863454,732.10265152,113.033504472413
8305,Designated Heritage Property,334 Princess Ave,1898c,Morgan Property,Edwardian,IV And V,West Woodfield Heritage Conservation District,LSP3355163,290.67550016,84.2912194645768
8306,Designated Heritage Property,2-4 Cartwright St,1880c, ,Vernacular,V,West Woodfield Heritage Conservation District,LSP3400254,569.8943256,105.275575106757
8307,Designated Heritage Property,482-484 Colborne St,1881, ,Italianate,V,West Woodfield Heritage Conservation District,LSP3400254,447.18247072,92.372034462167
8308,Designated Heritage Property,500-502 Colborne St,1906, ,Vernacular,V,West Woodfield Heritage Conservation District,LSP3400254,489.80703848,98.9061161202207
8309,Designated Heritage Property,486-488 Maitland St,1879,Thornton Property,High Victorian,V,East Woodfield Heritage Conservation District,LSP317968,134.60318434,50.5778609465569
8310,Designated Heritage Property,626 Queens Ave, , , ,V,Old East Heritage Conservation District,LSP3383111,151.36200128,51.4394889801211
8311,Designated Heritage Property,649 Queens Ave, , , ,V,Old East Heritage Conservation District,LSP3383111,387.7706007,122.850582680827
8312,Designated Heritage Property,647 Queens Ave, , , ,V,Old East Heritage Conservation District,LSP3383111,469.15741296,124.977564427757
8313,Designated Heritage Property,624 Queens Ave, , , ,V,Old East Heritage Conservation District,LSP3383111,146.31713472,50.8312821894269
8314,Designated Heritage Property,622 Queens Ave, , , ,V,Old East Heritage Conservation District,LSP3383111,151.35633096,51.4389746682208
8315,Designated Heritage Property,"300 Dufferin Ave, 520-550 Wellington St", , , ,V,West Woodfield Heritage Conservation District,LSP3400254,16836.97662696,551.915368412632
8316,Designated Heritage Property,295 Wolfe St, , , ,V,West Woodfield Heritage Conservation District,LSP3400254,780.97563494,151.166801894254
8317,Designated Heritage Property,336 Princess Ave, , , ,IV And V,West Woodfield Heritage Conservation District,LSP3400-254,253.54287824,82.2162746454845
8318,Designated Heritage Property,466 Wellington St, , , ,V,West Woodfield Heritage Conservation District,LSP3400254,358.95958916,94.2584336259449
8319,Designated Heritage Property,7 Picton St, , , ,V,West Woodfield Heritage Conservation District,LSP3400254,1048.227855705,131.554514205188
8320,Designated Heritage Property,300 Queens Ave, , , ,V,West Woodfield Heritage Conservation District,LSP3400254,3168.587739155,391.531103389072
8321,Designated Heritage Property,391 Queens Ave, , , ,V,West Woodfield Heritage Conservation District,LSP3400254,215.25741726,73.3349967929305
8322,Designated Heritage Property,345 Queens Ave, , , ,V,West Woodfield Heritage Conservation District,LSP3400254,155.9431499,53.6230389241542
8323,Designated Heritage Property,444 Waterloo St, , , ,V,West Woodfield Heritage Conservation District,LSP3400254,465.85425326,89.5367146600021
8324,Designated Heritage Property,351 Queens Ave, , , ,V,West Woodfield Heritage Conservation District,LSP3400254,457.69901744,111.502727214254
8325,Designated Heritage Property,393 Queens Ave, , , ,V,West Woodfield Heritage Conservation District,LSP3400254,110.93700356,43.6506483928524
8326,Designated Heritage Property,377-379 Queens Ave, , , ,V,West Woodfield Heritage Conservation District,LSP3400254,336.95408352,87.1379239938974
8327,Designated Heritage Property,381-383 Queens Ave, , , ,V,West Woodfield Heritage Conservation District,LSP3400254,336.95401496,87.1381587744883
8328,Designated Heritage Property,481 Colborne St, , , ,V,West Woodfield Heritage Conservation District,LSP3400254,301.99068152,79.789236141466
8329,Designated Heritage Property,396 Queens Ave, , , ,V,West Woodfield Heritage Conservation District,LSP3400254,4287.44163292,293.716151470022
8330,Designated Heritage Property,477 Colborne St, , , ,V,West Woodfield Heritage Conservation District,LSP3400254,302.3978288,79.8667160846793
8331,Designated Heritage Property,357 Dufferin Ave, , , ,V,West Woodfield Heritage Conservation District,LSP3400254,696.18389488,121.868243359772
8332,Designated Heritage Property,389 Dufferin Ave, , , ,V,West Woodfield Heritage Conservation District,LSP3400254,306.80823378,81.1395835930455
8333,Designated Heritage Property,361 Dufferin Ave, , , ,V,West Woodfield Heritage Conservation District,LSP3400254,696.16752082,121.867493634789
8334,Designated Heritage Property,362 Dufferin Ave, , , ,V,West Woodfield Heritage Conservation District,LSP3400254,1242.19014238,163.767757897846
8335,Designated Heritage Property,503 Colborne St, , , ,V,West Woodfield Heritage Conservation District,LSP3400254,385.41764596,96.5731417216904
8336,Designated Heritage Property,509 Colborne St, , , ,V,West Woodfield Heritage Conservation District,LSP3400254,413.89219972,101.644853489782
8337,Designated Heritage Property,387 Princess Ave, , , ,V,West Woodfield Heritage Conservation District,LSP3400254,926.24028106,152.557645272141
8338,Designated Heritage Property,505-507 Colborne St, , , ,V,West Woodfield Heritage Conservation District,LSP3400254,601.02968932,111.397961223939
8339,Designated Heritage Property,383 Princess Ave, , , ,V,West Woodfield Heritage Conservation District,LSP3400254,1112.96479292,158.328627095363
8340,Designated Heritage Property,380-382 Dufferin Ave, , , ,V,West Woodfield Heritage Conservation District,LSP3400254,977.21780292,154.536707588426
8341,Designated Heritage Property,355 Princess Ave, , , ,V,West Woodfield Heritage Conservation District,LSP3400254,602.94927744,140.0463464373
8342,Designated Heritage Property,388 Dufferin Ave, , , ,V,West Woodfield Heritage Conservation District,LSP3400254,1573.96364904,175.479921407184
8343,Designated Heritage Property,351 Princess Ave, , , ,V,West Woodfield Heritage Conservation District,LSP3400254,601.64499598,139.787709624606
8344,Designated Heritage Property,374 Dufferin Ave, , , ,V,West Woodfield Heritage Conservation District,LSP3400254,602.9660518,142.122036388975
8345,Designated Heritage Property,359-361 Princess Ave, , , ,V,West Woodfield Heritage Conservation District,LSP3400254,1209.19072192,160.523266482339
8346,Designated Heritage Property,463 Maitland St, , , ,V,West Woodfield Heritage Conservation District,LSP3400254,167.668413,52.0430904788856
8347,Designated Heritage Property,446 Queens Ave, , , ,V,West Woodfield Heritage Conservation District,LSP3400254,1355.48885696,175.10822890345
8348,Designated Heritage Property,472 Queens Ave, , , ,V,West Woodfield Heritage Conservation District,LSP3400254,269.4531719,66.3174529899009
8349,Designated Heritage Property,417 Dufferin Ave, , , ,V,West Woodfield Heritage Conservation District,LSP3400254,304.72476272,85.2648315002569
8350,Designated Heritage Property,474 Colborne St, , , ,V,West Woodfield Heritage Conservation District,LSP3400254,411.07634358,102.316097070901
8351,Designated Heritage Property,467 Maitland St, , , ,V,West Woodfield Heritage Conservation District,LSP3400254,479.72894128,102.220144858041
8352,Designated Heritage Property,453 Dufferin Ave, , , ,V,West Woodfield Heritage Conservation District,LSP3400254,6128.57988168,404.555085396076
8353,Designated Heritage Property,458 Queens Ave, , , ,V,West Woodfield Heritage Conservation District,LSP3400254,921.45544824,131.889389795189
8354,Designated Heritage Property,418 Queens Ave, , , ,V,West Woodfield Heritage Conservation District,LSP3400254,673.1825552,107.200538472644
8355,Designated Heritage Property,423 Dufferin Ave, , , ,V,West Woodfield Heritage Conservation District,LSP3400254,306.78368968,86.3053761525175
8356,Designated Heritage Property,440 Queens Ave, , , ,V,West Woodfield Heritage Conservation District,LSP3400254,1396.50586176,176.788450145639
8357,Designated Heritage Property,480 Colborne St, , , ,V,West Woodfield Heritage Conservation District,LSP3400254,294.42879456,82.7906210313178
8358,Designated Heritage Property,421 Dufferin Ave, , , ,V,West Woodfield Heritage Conservation District,LSP3400254,279.99497984,77.1586080548294
8359,Designated Heritage Property,433 Dufferin Ave, , , ,V,West Woodfield Heritage Conservation District,LSP3400254,1661.46434624,189.542255121085
8360,Designated Heritage Property,475 Maitland St, , , ,V,West Woodfield Heritage Conservation District,LSP3400254,679.99527028,112.617867195104
8361,Designated Heritage Property,465 Maitland St, , , ,V,West Woodfield Heritage Conservation District,LSP3400254,377.29063462,96.8993928389837
8362,Designated Heritage Property,470 Colborne St, , , ,V,West Woodfield Heritage Conservation District,LSP3400254,1126.65869728,186.093357547423
8363,Designated Heritage Property,479 Maitland St, , , ,V,West Woodfield Heritage Conservation District,LSP3400254,508.1474921,103.783476645445
8364,Designated Heritage Property,476 Colborne St, , , ,V,West Woodfield Heritage Conservation District,LSP3400254,348.56593582,86.0283121304536
8365,Designated Heritage Property,427 Dufferin Ave, , , ,V,West Woodfield Heritage Conservation District,LSP3400254,280.44990112,79.5909005047208
8366,Designated Heritage Property,484 Maitland St, , , ,V,West Woodfield Heritage Conservation District,LSP3400254,180.37126466,56.5020688334181
8367,Designated Heritage Property,480 Maitland St, , , ,V,West Woodfield Heritage Conservation District,LSP3400254,809.30367568,135.13004881301
8368,Designated Heritage Property,470 Maitland St, , , ,V,West Woodfield Heritage Conservation District,LSP3400254,1092.068998,142.642484850506
8369,Designated Heritage Property,474 Queens Ave, , , ,V,West Woodfield Heritage Conservation District,LSP3400254,280.12343424,79.5085419188699
8370,Designated Heritage Property,476 Queens Ave, , , ,V,West Woodfield Heritage Conservation District,LSP3400254,276.09482752,79.2451376170559
8371,Designated Heritage Property,486 Queens Ave, , , ,V,West Woodfield Heritage Conservation District,LSP3400254,470.67201384,91.9713017741415
8372,Designated Heritage Property,498 Queens Ave, , , ,V,West Woodfield Heritage Conservation District,LSP3400254,2188.05847882,202.969689758854
8373,Designated Heritage Property,29 Cartwright St, , , ,V,West Woodfield Heritage Conservation District,LSP3400254,931.8246236,138.509554628379
8374,Designated Heritage Property,420 Dufferin Ave, , , ,V,West Woodfield Heritage Conservation District,LSP3400254,2546.76931576,254.332522208372
8375,Designated Heritage Property,516 Colborne St, , , ,V,West Woodfield Heritage Conservation District,LSP3400254,490.70423842,104.919360235658
8376,Designated Heritage Property,520 Colborne St, , , ,V,West Woodfield Heritage Conservation District,LSP3400254,250.02898906,71.8783658205089
8377,Designated Heritage Property,"522 Colborne St, 413 Princess Ave", , , ,V,West Woodfield Heritage Conservation District,LSP3400254,235.55314736,70.7858089026918
8378,Designated Heritage Property,415 Princess Ave, , , ,V,West Woodfield Heritage Conservation District,LSP3400254,252.02368208,64.1533231325423
8379,Designated Heritage Property,12 Cartwright St, , , ,V,West Woodfield Heritage Conservation District,LSP3400254,534.86424872,103.402543346316
8380,Designated Heritage Property,509 Maitland St, , , ,V,West Woodfield Heritage Conservation District,LSP3400254,239.40082824,87.6228594038693
8381,Designated Heritage Property,460 Dufferin Ave, , , ,V,West Woodfield Heritage Conservation District,LSP3400254,185.0154481,69.8556721284575
8382,Designated Heritage Property,24 Cartwright St, , , ,V,West Woodfield Heritage Conservation District,LSP3400254,599.53019512,107.005349983067
8383,Designated Heritage Property,503-505 Maitland St, , , ,V,West Woodfield Heritage Conservation District,LSP3400254,612.51410336,107.569072238677
8384,Designated Heritage Property,507 Maitland St, , , ,V,West Woodfield Heritage Conservation District,LSP3400254,239.38432896,87.6284831280588
8385,Designated Heritage Property,515 Maitland St, , , ,V,West Woodfield Heritage Conservation District,LSP3400254,429.57381694,97.3669426648884
8386,Designated Heritage Property,513 Maitland St, , , ,IV And V,West Woodfield Heritage Conservation District,LSP3126277,244.59036368,88.3685346612102
8387,Designated Heritage Property,6 Cartwright St, , , ,V,West Woodfield Heritage Conservation District,LSP3400254,489.95741926,101.000671139919
8388,Designated Heritage Property,28 Cartwright St, , , ,V,West Woodfield Heritage Conservation District,LSP3400254,471.46598432,100.445161257462
8389,Designated Heritage Property,458 Dufferin Ave, , , ,V,West Woodfield Heritage Conservation District,LSP3400254,346.11626092,81.1693119494448
8390,Designated Heritage Property,504-506 Maitland St, , , ,V,West Woodfield Heritage Conservation District,LSP3400254,528.86767552,102.56932542047
8391,Designated Heritage Property,352 Princess Ave, , , ,V,West Woodfield Heritage Conservation District,LSP3400254,396.1066656,87.7063866019682
8392,Designated Heritage Property,307 Dufferin Ave, , , ,V,West Woodfield Heritage Conservation District,LSP3400254,293.92897952,69.0598528603427
8393,Designated Heritage Property,482 Dufferin Ave,1854, , ,V,East Woodfield Heritage Conservation District,LSP317968,220.705314,85.7142720555562
8394,Designated Heritage Property,306 Princess Ave,1893c, ,Queen Anne,V,West Woodfield Heritage Conservation District,LSP3400254,753.20660784,124.469461836268
8395,Designated Heritage Property,255 Queens Ave, , , ,V,Downtown Heritage Conservation District,LSP3419124,6331.13214788,354.943922507869
8396,Designated Heritage Property,"219 Queens Ave, 442 Clarence St", , , ,V,Downtown Heritage Conservation District,LSP3419124,262.90980168,74.4252903739498
8397,Designated Heritage Property,436 Clarence St, , , ,V,Downtown Heritage Conservation District,LSP3419124,236.02276566,82.3349786472703
8398,Designated Heritage Property,434-434B Clarence St, , , ,V,Downtown Heritage Conservation District,LSP3419124,270.6602371,83.2254045490189
8399,Designated Heritage Property,424-428 Clarence St, , , ,V,Downtown Heritage Conservation District,LSP3419124,500.91754432,93.4350562769535
8400,Designated Heritage Property,226 Dundas St, , , ,V,Downtown Heritage Conservation District,LSP3419124,224.3399493,98.499100121107
8401,Designated Heritage Property,270 Dundas St, , , ,V,Downtown Heritage Conservation District,LSP3419124,606.508182485,115.164910715542
8402,Designated Heritage Property,428-430 Wellington St, , , ,V,Downtown Heritage Conservation District,LSP3419124,126.07874994,45.8421563679891
8403,Designated Heritage Property,284 Dundas St, , , ,V,Downtown Heritage Conservation District,LSP3419124,298.12808442,73.3005875874751
8404,Designated Heritage Property,292 Dundas St, , , ,V,Downtown Heritage Conservation District,LSP3419124,259.25066706,81.300516911721
8405,Designated Heritage Property,"310-320 Dundas St, 405 Waterloo St", , , ,V,Downtown Heritage Conservation District,LSP3419124,6204.68216528,343.775446385152
8406,Designated Heritage Property,1600 Attawandaron Rd, , , ,VI, , ,33470.33721128,1071.31059597269
8407,Listed Heritage Property,122 Bloomfield Dr,1956, ,Mid-Century Modern, , , ,1417.57985584,160.670617958766
8408,Listed Heritage Property,33 Bromleigh Ave,1962, ,Mid-Century Modern, , , ,3728.66979946,301.169945073387
8409,Listed Heritage Property,255 Delacourt Rd,c1890,Woodholme,Gothic, , , ,5080.963218705,301.336964690063
8410,Designated Heritage Property,281 Dufferin Ave, , , ,V,West Woodfield Heritage Conservation District,LSP3400254,505.48658112,90.2339616375284
8412,Listed Heritage Property,1019 Gainsborough Rd,1876, ,Queen Anne, , , ,749.22295352,125.763315728561
8413,Listed Heritage Property,1650 Gloucester Rd,1968, ,Mid-century Modern, , , ,2889.01842704,211.347048103853
8415,Designated Heritage Property,28 Picton St, , , ,V,West Woodfield Heritage Conservation District,LSP3400254,969.68707744,133.681655391198
8416,Designated Heritage Property,434 Queens Ave, , , ,V,West Woodfield Heritage Conservation District,LSP3400254,1390.328212,176.863620290648
8417,Listed Heritage Property,1231-1233 Richmond St,1963, ,Mid-Century Modern, , , ,26874.7577288,967.19701177546
8418,Listed Heritage Property,29 Victoria St,1961, ,Mid-Century Modern, , , ,2045.30329184,199.219211043526
8419,Designated Heritage Property,205 Victoria St,1937, ,International/ Moderne,IV, ,LSP3407284,1085.73121624,134.955821119154
8420,Designated Heritage Property,433 Waterloo St, , , ,V,Downtown Heritage Conservation District,LSP3419124,255.70367648,66.33875238755
8421,Designated Heritage Property,556 Wellington St, , , ,V,West Woodfield Heritage Conservation District,LSP3400254,6070.3786884,380.854768104709
8422,Listed Heritage Property,"1125-1131 Western Rd, 230 Sarnia Rd",1966,John G. Althouse Building,Mid-Century Modern, , , ,84120.95169984,1246.22482469973
8423,Listed Heritage Property,200 Collip Cir, , , , , , ,12620.55986192,439.712633151454
8424,Designated Heritage Property,241 Queens Ave, , , ,V,Downtown Heritage Conservation District,LSP3419124,650.343367075,136.801443785756
8425,Designated Heritage Property,221 Queens Ave, , , ,V,Downtown Heritage Conservation District,LSP3419124,2514.009521995,235.435066632243
8426,Designated Heritage Property,Easement, , , ,V,West Woodfield Heritage Conservation District,LSP3356164,798.3928622,440.931631287032
8427,Designated Heritage Property,30 Picton St,1920, , ,V,West Woodfield Heritage Conservation District,LSP3400254,83.96005648,41.4901260920943
8428,Designated Heritage Property,Easement, , , ,V,West Woodfield Heritage Conservation District,LSP3400254,13.7384268,32.2602128925521
8429,Designated Heritage Property,Easement, , , ,V,West Woodfield Heritage Conservation District,LSP3400254,314.95540787,184.808257905436
8430,Designated Heritage Property,Easement, , , ,V,West Woodfield Heritage Conservation District,LSP3400254,803.651404495,350.008601198444
8431,Designated Heritage Property,Easement, , , ,V,West Woodfield Heritage Conservation District,LSP3400254,484.64041884,161.390742713368
8432,Designated Heritage Property,Easement, , , ,V,East Woodfield Heritage Conservation District,LSP317968,225.17876418,154.096779867939
8433,Designated Heritage Property,428-430 Wellington St, , , ,V,Downtown Heritage Conservation District,LSP3419124,420.09233124,113.806963253904
8434,Designated Heritage Property,434B Clarence St, , , ,V,Downtown Heritage Conservation District,LSP3419124,132.88222038,114.797483844137
8435,Designated Heritage Property,433 Waterloo St, , , ,V,Downtown Heritage Conservation District,LSP3419124,63.88350848,48.0353250890726
8436,Designated Heritage Property,241 Queens Ave, , , ,V,Downtown Heritage Conservation District,LSP3419124,237.306084335,159.194124553848
8437,Listed Heritage Property,188 Victoria St,1947, , , , , ,373.7730208,85.7234558671614
8438,Listed Heritage Property,200 Victoria St,1880, , , , , ,696.73966448,122.109853984212
8439,Listed Heritage Property,383 St George St,1947, , , , , ,1637.34479688,188.931625250464
8440,Listed Heritage Property,387 St George St,1948, , , , , ,2465.22464128,235.936606926725
8441,Designated Heritage Property,335 St George St,1844, , ,IV, ,LSP3149194,687.19244328,106.945388131768
8442,Listed Heritage Property,325 St George St,1950, , , , , ,900.95775264,130.829532947076
8443,Listed Heritage Property,323 St George St,1951, , , , , ,2670.36532104,313.794412196421
8444,Listed Heritage Property,321 St George St,1971, , , , , ,3000.56551624,324.311691112481
8445,Listed Heritage Property,315 St George St,1937, , , , , ,1044.37536896,137.105809185418
8446,Listed Heritage Property,14 Grosvenor St,1931, , , , , ,1462.15418888,155.392798399755
8447,Listed Heritage Property,10 Grosvenor St,1948, , , , , ,835.49858992,127.971508069364
8448,Listed Heritage Property,8 Grosvenor St,1950, , , , , ,905.11865776,131.017948825385
8449,Listed Heritage Property,430 St George St,1914, , , , , ,1480.10555732,158.531148759492
8450,Listed Heritage Property,436 St George St,1914, , , , , ,741.70742608,127.946855513908
8451,Listed Heritage Property,434 St George St,1924, , , , , ,748.9745396,128.508840257646
8452,Listed Heritage Property,1037 Richmond St,1923, , , , , ,606.42401344,110.093648264751
8453,Listed Heritage Property,1029 Richmond St,1909, , , , , ,606.6704656,110.070239618853
8454,Listed Heritage Property,1031 Richmond St,1922, , , , , ,606.09248512,110.050343916291
8455,Listed Heritage Property,194 Bridport St,1922, , , , , ,548.3694416,111.297087124895
8456,Listed Heritage Property,424 St George St,1915, , , , , ,1112.5595405,143.140127936962
8457,Listed Heritage Property,191 Bridport St,1924, , , , , ,541.18715052,109.285297582011
8458,Listed Heritage Property,197 Bridport St,1950, , , , , ,541.37799396,109.316126469813
8459,Listed Heritage Property,201 Bridport St,1919, , , , , ,372.68890208,84.9990417873932
8460,Listed Heritage Property,199 Bridport St,1919, , , , , ,277.81928268,78.691274403407
8461,Listed Heritage Property,927 Richmond St,1909, , , , , ,612.7521556,109.982756709115
8462,Listed Heritage Property,192 Cheapside St,1916, , , , , ,587.88154856,113.177899264349
8463,Listed Heritage Property,194-196 Cheapside St,1908, , , , , ,585.45959792,111.908449770795
8464,Listed Heritage Property,193 Cheapside St,1909, , , , , ,678.46719888,119.462967596811
8465,Listed Heritage Property,195 Cheapside St,1900, , , , , ,569.9149312,114.581129919102
8466,Listed Heritage Property,203 Cheapside St,1909, , , , , ,254.30817584,64.9139095310746
8467,Listed Heritage Property,205 Cheapside St,1909, , , , , ,248.95692648,64.3573524910643
8468,Listed Heritage Property,201 Cheapside St,1909, , , , , ,251.8009961,64.6535279331514
8469,Listed Heritage Property,909 Richmond St,1916, , , , , ,477.8593048,102.941895017498
8470,Listed Heritage Property,202 Cromwell St,1921, , , , , ,304.13648712,74.1941310498822
8471,Listed Heritage Property,198 Cromwell St,1914, , , , , ,388.626221945,104.737154364595
8472,Listed Heritage Property,200 Cromwell St,2012, , , , , ,362.361842775,103.533010414436
8473,Listed Heritage Property,196 Cromwell St,1917, , , , , ,369.02647824,103.828360867933
8474,Listed Heritage Property,197 Cromwell St,2008, , , , , ,534.3656462,93.0204705265926
8475,Listed Heritage Property,193 Cromwell St,1911, , , , , ,490.16898472,108.531223826785
8476,Listed Heritage Property,181 Cromwell St,1910, , , , , ,194.5998864,57.7948908908234
8477,Listed Heritage Property,187 Cromwell St,1909, , , , , ,388.30355336,94.3290602870418
8478,Listed Heritage Property,185 Cromwell St,1914, , , , , ,390.57994528,94.4541085920173
8479,Listed Heritage Property,189 Cromwell St,1911, , , , , ,392.53312984,104.051669722717
8480,Listed Heritage Property,195 Cromwell St,1913, , , , , ,457.92177914,106.985439358167
8481,Listed Heritage Property,191 Cromwell St,1913, , , , , ,487.99395688,108.469426149991
8482,Listed Heritage Property,28 Grosvenor St, , , , , , ,618.76870816,137.661310086253
8483,Listed Heritage Property,2A-2B Grosvenor St, , , , , , ,127699.592857955,1745.67600072628
8484,Designated Heritage Property,812 Talbot St,1883, ,Vernacular,IV, ,LSP3163281,315.86497584,81.6739253623905
8485,Listed Heritage Property,837 Talbot St,1915, ,Georgian Revival, , , ,8178.81717032,410.21317082298
8486,Listed Heritage Property,1214 Gainsborough Rd,1857c,St. George Cemetery, , , , ,6711.05129168,334.476589255252
8487,Listed Heritage Property,830 Talbot St,1865, ,Gothic Revival, , , ,820.19686792,119.575081321126
8488,Listed Heritage Property,1099 Gainsborough Rd,1886, , , , , ,1010.84206736,140.762168472602
8489,Listed Heritage Property,343 Wharncliffe Rd N,1900c, ,Vernacular, , , ,566.46144224,129.744056917153
8490,Listed Heritage Property,149 Oxford St E,1878c,318278 Ont. Ltd.,Ontario Cottage, , , ,848.1008008,130.388156696009
8491,Designated Heritage Property,831 Talbot St,1938, ,Georgian Revival,IV, ,LSP3166284,1597.19355328,164.320278799978
8492,Listed Heritage Property,"723-731 Richmond St, 214 Piccadilly St",1860,Taylor Property,Georgian, , , ,754.89557626,115.241213686086
8493,Listed Heritage Property,188 Sydenham St,1868, , , , , ,732.93177712,122.913132201008
8494,Listed Heritage Property,238 St George St,1897, ,Queen Anne, , , ,366.41990504,84.4637597369929
8495,Designated Heritage Property,808 Talbot St,1904, ,Arts And Crafts,IV, ,LSP3169300,655.35723504,127.914249902263
8496,Listed Heritage Property,191 Sydenham St,1885,Lacey Property,Ontario Cottage, , , ,674.20647592,119.787010938482
8497,Listed Heritage Property,240 St George St,1930, ,Vernacular, , , ,462.24369416,90.7990454805571
8498,Designated Heritage Property,2 Oxford St W,1875, ,Ontario Cottage,V,Blackfriars-Petersville Heritage Conservation District,LSP3437179,501.58983939,92.6425881941574
8499,Listed Heritage Property,149 St James St,1902,Clark Property,Ontario Cottage, , , ,965.3409148,136.232265304915
8500,Listed Heritage Property,193 College Ave,1881, , , , , ,634.4245112,123.782664523794
8501,Listed Heritage Property,1064 Western Rd,1870, ,Gothic Revival, , , ,564.7384096,97.9737275382954
8502,Listed Heritage Property,127 Ann St,1878c, ,Gothic Revival, , , ,414.861416,109.118946641058
8503,Listed Heritage Property,146-154 Ann St,1888c, ,High Victorian, , , ,722.2726464,116.32499632783
8504,Listed Heritage Property,131 Sydenham St,1893, , , , , ,509.63262216,120.738904250754
8505,Listed Heritage Property,197 Ann St,1883c,Old Kent Brewery,Italianate, , , ,1348.7852832,150.127965265353
8506,Listed Heritage Property,133 Sydenham St,1902, ,Queen Anne, , , ,495.40314656,118.77870133856
8507,Listed Heritage Property,195 College Ave,1881, , , , , ,773.4678372,125.588610640591
8508,Listed Heritage Property,155 Oxford St E,1881c,413784 Ont. Ltd.,Ontario Cottage, , , ,352.86474336,81.8714820859042
8509,Listed Heritage Property,199 St James St,1887, ,Eclectic, , , ,665.27717104,119.215974492938
8510,Listed Heritage Property,825 Richmond St,1906, ,Queen Anne, , , ,494.5940424,94.7010074764947
8511,Designated Heritage Property,810 Talbot St,1883, ,Vernacular,IV, ,LSP3161279,334.4382864,82.8934698813277
8512,Listed Heritage Property,813 Richmond St,1892, ,Queen Anne, , , ,847.50312014,128.302575113521
8513,Listed Heritage Property,27 Saunby St,1865c,Espey Property,Ontario Cottage, , , ,410.96394312,109.389751802444
8514,Listed Heritage Property,230 St George St,1896, ,Queen Anne, , , ,376.00599624,85.5579515374324
8515,Designated Heritage Property,165 Oxford St E,1894c,H.j. Skelton Ltd.,Eclectic,IV, ,LSP3076202,390.88518296,84.5097590986565
8516,Designated Heritage Property,805 Richmond St,1876,Shortreed Property,Ontario Cottage,IV, ,LSP3242562,943.62104128,132.529655743168
8517,Listed Heritage Property,181 St George St,1872, ,Neo-classical, , , ,263.43214832,66.4192387956633
8518,Designated Heritage Property,815 Talbot St,1912, ,Eclectic,IV, ,LSP3235471,619.81459992,125.214734346737
8519,Listed Heritage Property,177 St James St,1887,Jimsol House,Queen Anne, , , ,392.03618208,89.2881999545845
8520,Listed Heritage Property,795 Richmond St,1880, ,Italianate, , , ,763.29521832,124.617977639832
8521,Listed Heritage Property,242 St George St,1875, ,Ontario Cottage, , , ,361.11877536,77.9443030777793
8522,Listed Heritage Property,783 Richmond St,1912, ,Gothic Revival, , , ,509.2709736,97.2496190080053
8523,Listed Heritage Property,189 College Ave,1931, , , , , ,701.20324056,124.686378317147
8524,Listed Heritage Property,189 St James St,1887, , , , , ,633.12325808,120.095133858571
8525,Listed Heritage Property,236 St George St,1900, ,Queen Anne, , , ,367.56758464,84.6531309943516
8526,Designated Heritage Property,816 Talbot St,1886, ,Side-hall Plan (shp) Cottage,IV, ,LSP3119160,264.94870696,69.144543294747
8527,Listed Heritage Property,1560 Hyde Park Rd,1875,Hyde Park United Ch.,Gothic Revival, , , ,1349.06270624,163.917317440502
8528,Designated Heritage Property,835 Richmond St,1907, ,Edwardian,IV, ,LSP329551,1736.84060232,189.062495399069
8529,Listed Heritage Property,1541 Hyde Park Rd,1893c,Chrch Of The Hosanas,Gothic Revival, , , ,1938.44325384,193.514516222914
8530,Designated Heritage Property,126 Sydenham St,1871, ,Ontario Cottage,IV, ,LSP3167285,511.5997564,103.656948655423
8531,Listed Heritage Property,204 St James St,1915,Cunningham Property,Eclectic, , , ,780.36946288,126.445571002328
8532,Listed Heritage Property,175 Sydenham St,1875c,Stewardson Property,Italianate, , , ,261.50048688,64.6867730531303
8533,Listed Heritage Property,205-207 Sydenham St,1910c, ,Vernacular, , , ,724.8326976,121.830446356476
8534,Listed Heritage Property,206 St James St,1914,Cuddy Property,Queen Anne, , , ,518.74949024,95.4361556194542
8535,Designated Heritage Property,1017 Western Rd,1850c,Grosvenor Lodge,Tudor Revival,IV, ,LSP2332635,11311.17818816,647.728257270302
8536,Listed Heritage Property,159 St James St,1870, ,Vernacular, , , ,548.39139856,94.7608122072203
8537,Listed Heritage Property,234 St George St,1901, ,Queen Anne, , , ,368.74141536,84.8445187780954
8538,Designated Heritage Property,811 Talbot St,1908, ,Arts And Crafts,IV, ,LSP3162280,1123.44350192,146.089673345736
8539,Listed Heritage Property,191 St James St,1887,Hart Property, , , , ,725.5439896,122.396761058313
8540,Listed Heritage Property,335 Wharncliffe Rd N,1887c, ,Queen Anne, , , ,899.82775808,120.396773364606
8541,Designated Heritage Property,817 Talbot St,1960c, ,Georgian,IV, ,LSP3164282,762.74745968,130.901588768348
8542,Listed Heritage Property,1205 Gainsborough Rd,1900c, ,Vernacular, , , ,3087.7626456,235.172781244775
8543,Listed Heritage Property,671 Richmond St,1891c,Cpr Hotel,High Victorian, , , ,3933.4699056,320.137138971417
8544,Listed Heritage Property,160 Sydenham St,1880,Victoria Carter,Italianate, , , ,662.89020312,106.151003742324
8545,Listed Heritage Property,1535 Hyde Park Rd,1888,Church Rectory,Vernacular, , , ,1007.9006328,166.369800541842
8546,Listed Heritage Property,181 Sydenham St,1870, ,Ontario Cottage, , , ,397.34334648,116.589202589079
8547,Listed Heritage Property,134 St George St,1881, ,Ontario Farmhouse, , , ,328.2962724,86.1120983585497
8548,Listed Heritage Property,1073 Gainsborough Rd,1880, ,Ontario Farmhouse, , , ,1010.8343496,140.762164663073
8549,Designated Heritage Property,825 Talbot St,1930, ,Colonial Revival,IV, ,LSP3165283,1265.40553408,151.20115934189
8550,Designated Heritage Property,148 Sydenham St,1868c, ,Ontario Cottage,IV, ,LSP311151,645.55737464,123.128858242171
8551,Listed Heritage Property,731 Richmond St,1881c,Walker Property,Gothic Revival, , , ,394.49818736,96.0238173334045
8552,Listed Heritage Property,232 St George St,1902, ,Queen Anne, , , ,388.42666192,86.2603600351411
8553,Designated Heritage Property,16 Oxford St W,1895, ,Shingle,V, ,LSP3437179,258.17899224,76.2848842032204
8554,Designated Heritage Property,813 Talbot St,1912c, ,Arts And Crafts,IV, ,LSP3170301,567.39219136,123.129722970871
8555,Listed Heritage Property,154 Sydenham St,1909, ,Queen Anne, , , ,526.07642056,105.299329422153
8556,Listed Heritage Property,1119 Gainsborough Rd,1865c, , , , , ,2021.67712592,180.983731203749
8557,Listed Heritage Property,200 St James St,1926,St. James Court, , , , ,2167.5593188,200.124435144907
8558,Listed Heritage Property,802 Talbot St,1886,Pozios Property,Italianate, , , ,1167.68658448,164.141421110872
8559,Designated Heritage Property,24 Oxford St W, , , ,V,Blackfriars-Petersville Heritage Conservation District,LSP3437179,416.476606,87.8105129140267
8560,Designated Heritage Property,20 Oxford St W, , , ,V,Blackfriars-Petersville Heritage Conservation District,LSP3437179,351.44043176,77.594721101564
8561,Designated Heritage Property,64 Argyle St, , , ,V,Blackfriars-Petersville Heritage Conservation District,LSP3437179,357.622673,84.7385677983344
8562,Listed Heritage Property,7 Beaufort St,1928, ,Arts & Craft, , , ,13993.256985565,485.692050905936
8563,Listed Heritage Property,19 Beaufort St, , , , , , ,835.23994528,149.286252406768
8564,Listed Heritage Property,1260 Gainsborough Rd,1860c,Bellamere Berry Farm,Ontario Farmhouse, , , ,56401.0934944,1012.69584750304
8565,Listed Heritage Property,68 Gunn St, , , , , , ,600.52078144,115.558150956288
8566,Listed Heritage Property,74 Gunn St, , , , , , ,587.00710856,114.979996396339
8567,Designated Heritage Property,14 Oxford St W, , , ,V, ,LSP3437179,312.66843072,85.6622826444499
8568,Designated Heritage Property,12 Oxford St W, , , ,V, ,LSP3437179,683.15440232,113.888540675101
8569,Listed Heritage Property,371 Wharncliffe Rd N, , , , , , ,1355.1949376,188.724109998974
8570,Listed Heritage Property,146 Central Ave,1889c, , , , , ,392.17900576,79.2730307778431
8571,Designated Heritage Property,172 Central Ave,1882c, ,Italianate,IV, ,LSP3478495,838.15175944,122.289230269856
8572,Listed Heritage Property,618 Talbot St,1881,Morris Zaifman Hldgs,Georgian, , , ,489.76093536,120.621591641153
8573,Designated Heritage Property,"44-48/ Blackfriars St, 158-160 Wilson Av",1877c,Blackfriars Cafe,Italianate,V,Blackfriars-Petersville Heritage Conservation District,LSP3437179,769.06527616,111.534063883347
8574,Designated Heritage Property,232 Wharncliffe Rd N,1930c, ,Vernacular,V,Blackfriars-Petersville Heritage Conservation District,LSP3437179,458.50855466,83.8635179194618
8575,Listed Heritage Property,191 Central Ave,1881, ,Italianate, , , ,550.2686476,116.783415307344
8576,Listed Heritage Property,601 Talbot St,1876,Robinson/rolston,Ontario Cottage, , , ,577.76209808,102.453810230526
8577,Listed Heritage Property,136 Mill St,1868c, ,Vernacular, , , ,242.81262616,86.4768749866104
8578,Listed Heritage Property,209 John St,1898c,Bailey Property,Queen Anne, , , ,325.552138,72.9908706157564
8579,Listed Heritage Property,628 Talbot St,1890c,Birrell Property,Queen Anne, , , ,736.7117628,136.727417705788
8580,Listed Heritage Property,651 Talbot St,1905c,Kotowicz Property,Queen Anne, , , ,1991.70250528,238.971644940373
8581,Listed Heritage Property,638 Talbot St,1877, ,Italianate, , , ,694.85950174,135.204334533967
8582,Listed Heritage Property,175 Central Ave,1881, ,Italianate, , , ,345.281312,103.174166984741
8583,Designated Heritage Property,10 Empress Ave,1865c, ,Ontario Cottage,V,Blackfriars-Petersville Heritage Conservation District,LSP3437179,1013.36063224,140.799909925295
8584,Designated Heritage Property,30 St Andrew St,1901, ,Vernacular,V,Blackfriars-Petersville Heritage Conservation District,LSP3437179,489.99779616,99.9262831344487
8585,Listed Heritage Property,661 Talbot St,1853c, ,Regency, , , ,2956.93193872,240.424742307192
8586,Designated Heritage Property,74 Empress Ave,1880c, , ,V,Blackfriars-Petersville Heritage Conservation District,LSP3437179,525.48876568,121.976861109843
8587,Designated Heritage Property,34 Empress Ave,1865c, ,Side-hall Plan (shp) Cottage,V,Blackfriars-Petersville Heritage Conservation District,LSP3437179,694.82557248,128.120854572433
8588,Designated Heritage Property,13 Napier St,1880c, ,Italianate,V,Blackfriars-Petersville Heritage Conservation District,LSP3437179,503.05231464,112.604343224635
8589,Listed Heritage Property,164 Oxford St W,1899, ,Queen Anne Cottage, , , ,2615.01341792,252.977575906278
8590,Designated Heritage Property,42 Empress Ave,1880c, ,Ontario Cottage,V,Blackfriars-Petersville Heritage Conservation District,LSP3437179,522.088284,92.1046622565377
8591,Designated Heritage Property,15 St Andrew St,1877, ,Italianate,V,Blackfriars-Petersville Heritage Conservation District,LSP3437179,939.17935056,137.960150570234
8592,Designated Heritage Property,167 Wharncliffe Rd N,1870, ,Vernacular,V,Blackfriars-Petersville Heritage Conservation District,LSP3437179,534.22874864,106.770667283906
8593,Designated Heritage Property,678 Talbot St,1896c, ,Queen Anne,IV, ,LSP3423236,378.79377208,90.3578012044837
8594,Listed Heritage Property,98 Central Ave,1904c, ,Queen Anne, , , ,421.12872394,85.7573772073175
8595,Listed Heritage Property,90 Albert St,1870c, , , , , ,928.12251104,128.235091282019
8596,Designated Heritage Property,24 Blackfriars St,1870c, ,Ontario Cottage,V,Blackfriars-Petersville Heritage Conservation District,LSP3437179,863.6888584,139.337848360254
8597,Designated Heritage Property,672 Talbot St,1880c,Kowalchuk Property,Italianate,IV, ,LSP3365196,380.84121488,113.453065936243
8598,Listed Heritage Property,607 Talbot St,1874,Templar Property,Ontario Cottage, , , ,664.1066672,112.742301320208
8599,Listed Heritage Property,653 Talbot St,1908c,Cuddy Property,Georgian Revival, , , ,2250.15768912,226.939936962215
8600,Designated Heritage Property,24 Argyle St,1880c, , ,V,Blackfriars-Petersville Heritage Conservation District,LSP3437179,709.8004203,110.676324631614
8601,Listed Heritage Property,646 Talbot St,1874, ,Italianate, , , ,623.93119506,159.927820789166
8602,Designated Heritage Property,163 Oxford St W,1900, ,Queen Anne,IV, ,LSP3273382,844.3623944,123.09135074813
8603,Listed Heritage Property,150 Mill St,1881c, ,Side-hall Plan (shp) Cottage, , , ,329.22809408,88.9122511233164
8604,Listed Heritage Property,123 Mill St,1884c, ,Vernacular, , , ,233.52332656,62.6176061492522
8605,Listed Heritage Property,127 Mill St,1881p, ,Vernacular, , , ,407.49786608,108.78522763572
8606,Designated Heritage Property,18 Argyle St,1890c, ,Ontario Cottage,V,Blackfriars-Petersville Heritage Conservation District,LSP3437179,669.16706784,103.828613521538
8607,Designated Heritage Property,9 St Patrick St,1860, , ,V,Blackfriars-Petersville Heritage Conservation District,LSP3437179,1454.9906972,168.592635059378
8608,Designated Heritage Property,15 Argyle St,1890c, ,Late Victorian,V,Blackfriars-Petersville Heritage Conservation District,LSP3437179,491.3874664,89.061576094533
8609,Listed Heritage Property,116 Mill St,1875,Churchdown Enterpr's,Italianate, , , ,964.39598944,157.533777401078
8610,Listed Heritage Property,54 St George St,1897c, ,Queen Anne Cottage, , , ,347.09167688,90.9871653340838
8611,Listed Heritage Property,595 Talbot St,1884, ,Italianate, , , ,254.37016368,88.5616148360448
8612,Designated Heritage Property,163 Mill St,1880,Saddy Property,Regency,IV, ,LSP2916500,195.07465168,55.909172034871
8613,Designated Heritage Property,11 St Andrew St,1887c, ,Ontario Cottage,V,Blackfriars-Petersville Heritage Conservation District,LSP3437179,600.84735184,124.545436343931
8614,Designated Heritage Property,66 Blackfriars St,1870c, ,Ontario Cottage,V,Blackfriars-Petersville Heritage Conservation District,LSP3437179,538.66871304,107.545534633338
8615,Listed Heritage Property,135 Mill St,1890, , , , , ,415.48383672,110.230606694565
8616,Listed Heritage Property,58 St George St,1897c, ,Queen Anne Cottage, , , ,491.88963136,99.2363930472306
8617,Listed Heritage Property,186 Albert St,1881, ,Italianate, , , ,1308.97280976,182.060635148924
8618,Listed Heritage Property,199 Hyman St,1888c,Carriage House,High Victorian, , , ,415.72372176,91.3860292533304
8619,Listed Heritage Property,135 Albert St,1872c, ,Italianate, , , ,924.79694128,151.884524534043
8620,Listed Heritage Property,585 Talbot St,1877,Browne/burgard Prop.,Italianate, , , ,772.19311608,121.429826614065
8621,Listed Heritage Property,640 Talbot St,1874c, ,Italianate, , , ,451.9599712,108.978050914949
8622,Listed Heritage Property,180 Albert St,1891, ,High Victorian, , , ,913.57722584,171.256659284746
8623,Designated Heritage Property,154 Mill St,1868, ,Vernacular,IV, ,LSP3268272,235.21229496,81.7656580375373
8624,Designated Heritage Property,8 Empress Ave,1865c, ,Ontario Cottage,V,Blackfriars-Petersville Heritage Conservation District,LSP3437179,496.40643224,108.019653993248
8625,Designated Heritage Property,652 Talbot St,1868c, ,Eclectic,IV, ,LSP2761140,516.21003512,91.312942838647
8626,Listed Heritage Property,143 Central Ave,1902c, ,Queen Anne, , , ,380.94047224,115.241759240172
8627,Listed Heritage Property,611 Richmond St,1884c,Harrigan Property,Italianate, , , ,168.49969188,70.0456774633922
8628,Designated Heritage Property,72 Blackfriars St,1890c, ,Ontario Cottage,V,Blackfriars-Petersville Heritage Conservation District,LSP3437179,705.61375594,115.491779418805
8629,Listed Heritage Property,185 Central Ave,1881,Lewis Bakeries,Italianate, , , ,699.5737792,123.211121029881
8630,Designated Heritage Property,28 Napier St,1860c, ,Ontario Farmhouse,V,Blackfriars-Petersville Heritage Conservation District,LSP3437179,559.99371504,95.7848075048725
8631,Listed Heritage Property,131 Mill St,1881p, ,Vernacular, , , ,400.60145016,110.033124542673
8632,Listed Heritage Property,621 Richmond St,1900,Hunt Property,Italianate, , , ,229.13005048,76.2210279386403
8633,Listed Heritage Property,1092-1104 Sarnia Rd,1860,Phillips Property,Ontario Cottage, , , ,31142.11718568,878.026851557842
8634,Listed Heritage Property,157 Mill St,1893c, ,Vernacular, , , ,390.9389716,84.9735211258718
8635,Designated Heritage Property,14 Empress Ave,1860c, ,Ontario Cottage,V,Blackfriars-Petersville Heritage Conservation District,LSP3437179,1013.37297728,140.801085513143
8636,Listed Heritage Property,141 Mill St,1884, ,Side-hall Plan (shp) Cottage, , , ,415.3787368,109.35595158455
8637,Designated Heritage Property,144 Mill St,1863,Aaron Const'n Ltd.,Italianate,IV, ,LSP3268272,308.97570384,87.9708027904744
8638,Listed Heritage Property,135 Central Ave,1888c, ,Queen Anne, , , ,658.75101128,126.737820186484
8639,Listed Heritage Property,179 John St,1878,Papasideris Prop.,Queen Anne, , , ,388.37441472,99.9094103992353
8640,Listed Heritage Property,155 Mill St,1881c, ,Vernacular, , , ,195.47445088,71.4980521333181
8641,Designated Heritage Property,29 St Andrew St,1909, ,Vernacular,V,Blackfriars-Petersville Heritage Conservation District,LSP3437179,505.7992132,120.786159605213
8642,Listed Heritage Property,90-94 Central Ave,1876c,Bishop's Palace,Italianate, , , ,3458.577801985,240.337634512826
8643,Listed Heritage Property,1269 Hyde Park Rd,1880c,Horse And Hound,Italianate, , , ,12873.53046408,468.033496162801
8644,Designated Heritage Property,21 Empress Ave,1860c, , ,V,Blackfriars-Petersville Heritage Conservation District,LSP3437179,541.52345176,130.035536875822
8645,Listed Heritage Property,644 Talbot St,1874c, ,Italianate, , , ,402.78076272,111.50576626823
8646,Listed Heritage Property,176 Albert St,1881c, ,High Victorian, , , ,904.7952636,171.071834854386
8647,Designated Heritage Property,623 Richmond St,1902,Lindsay Property,Italianate,IV, ,LSP3074186,238.08271568,80.6152843956663
8648,Listed Heritage Property,611 Talbot St,1872,Gonczaruk Property,Italianate, , , ,673.98865824,113.243816491019
8649,Listed Heritage Property,145 Central Ave,1902, ,Queen Anne, , , ,396.94142648,115.801503484442
8650,Designated Heritage Property,40 Empress Ave,1870c, ,Side-hall Plan (shp) Cottage,V,Blackfriars-Petersville Heritage Conservation District,LSP3437179,653.86458008,126.491477444898
8651,Listed Heritage Property,580 Talbot St,1884c,Wighton Property,Italianate, , , ,505.92375376,93.3057018857655
8652,Listed Heritage Property,129 Mill St,1881p, ,Vernacular, , , ,407.60181976,108.834633437182
8653,Listed Heritage Property,593 Talbot St,1884,Beasley Property,Italianate, , , ,235.8439704,83.0826367904994
8654,Listed Heritage Property,156 John St,1881,Gauthier Property,Gothic Revival, , , ,374.4182088,107.084683544908
8655,Listed Heritage Property,619 Richmond St,1889c,Alcor Inv.ltd.,Italianate, , , ,161.24802472,71.8624221303716
8656,Designated Heritage Property,227 Wharncliffe Rd N,1890,St. Georges Anglican,Gothic Revival,V,Blackfriars-Petersville Heritage Conservation District,LSP3437179,2747.43477398,212.971100834248
8657,Designated Heritage Property,26 Empress Ave,1865c, ,Ontario Farmhouse,V,Blackfriars-Petersville Heritage Conservation District,LSP3437179,859.87815352,134.690926774422
8658,Listed Heritage Property,154 John St,1881,Brady Property,Gothic Revival, , , ,437.92697208,109.889524522647
8659,Listed Heritage Property,619 Talbot St,1884c,Evans/hearn Property,Ontario Cottage, , , ,417.43210664,85.2874940087965
8660,Designated Heritage Property,140 Mill St,1881,Aaron Constr'n Prop.,Italianate,IV, ,LSP3268272,319.116358,82.9957660680003
8661,Listed Heritage Property,629 Talbot St,1884c, ,Italianate, , , ,380.3542868,82.5829371996968
8662,Designated Heritage Property,9 Blackfriars St,1877,Collins House,Italianate,IV And V,Blackfriars-Petersville Heritage Conservation District,LSP3437179,637.99836644,142.747838311282
8663,Designated Heritage Property,25 Empress Ave,1860c, ,Side-hall Plan (shp) Cottage,V,Blackfriars-Petersville Heritage Conservation District,LSP3437179,628.25068734,158.148082310602
8664,Designated Heritage Property,680 Talbot St,1889c, ,Italianate,IV, ,LSP306860,415.8895812,81.7666210518046
8665,Designated Heritage Property,225 Wharncliffe Rd N,1893, ,Italianate,V,Blackfriars-Petersville Heritage Conservation District,LSP3437179,609.2100112,116.501318789244
8666,Listed Heritage Property,129 John St,1878,Macneill Property,High Victorian, , , ,1519.74560976,207.678850046215
8667,Listed Heritage Property,"565-569 Richmond St, 202 Albert St",1881,The Corner Block,High Victorian, , , ,358.88286144,77.40000916886
8668,Designated Heritage Property,175 Wharncliffe Rd N,1870c, ,Vernacular,V,Blackfriars-Petersville Heritage Conservation District,LSP3437179,931.12583016,136.446665134126
8669,Listed Heritage Property,139 Mill St,1890c, ,Side-hall Plan (shp) Cottage, , , ,401.71453928,108.710608045422
8670,Listed Heritage Property,149 Central Ave,1874, ,Georgian Revival, , , ,793.80105448,131.674358024967
8671,Listed Heritage Property,128-130 Mill St,1881, ,Georgian Revival, , , ,1089.42292176,156.935833682452
8672,Designated Heritage Property,80 Barton St,1866c,Raleigh House,Gothic Revival,IV, ,LSP2674338,2221.61011632,190.445102194224
8673,Designated Heritage Property,568 Richmond St, , , ,V,West Woodfield Heritage Conservation District,LSP3400254,2764.81532406,235.112555655047
8674,Designated Heritage Property,533 Clarence St, , , ,V,West Woodfield Heritage Conservation District,LSP3400254,7270.83761584,402.186098743753
8675,Designated Heritage Property,142 Mill St,1881,Aaron Constr'n Prop.,Italianate,IV, ,LSP3268272,332.862102,92.3748452022489
8676,Designated Heritage Property,146 Mill St,1863,Aaron Const'n Ltd.,Italianate,IV, ,LSP3268272,273.32725728,86.0012001854131
8677,Designated Heritage Property,674 Talbot St,1880c,Kowalchuk Property,Italianate,IV, ,LSP3365196,360.76767432,112.527319723609
8678,Designated Heritage Property,46 Oxford St W, , , ,V,Blackfriars-Petersville Heritage Conservation District,LSP3437179,538.15951968,99.1355283455994
8679,Designated Heritage Property,34 Oxford St W, , , ,V,Blackfriars-Petersville Heritage Conservation District,LSP3437179,438.98831968,115.940338121861
8680,Designated Heritage Property,36 Oxford St W, , , ,V,Blackfriars-Petersville Heritage Conservation District,LSP3437179,489.48230352,109.08329818599
8681,Designated Heritage Property,40 Oxford St W, , , ,V,Blackfriars-Petersville Heritage Conservation District,LSP3437179,424.07789472,98.2774162341324
8682,Designated Heritage Property,42 Oxford St W, , , ,V,Blackfriars-Petersville Heritage Conservation District,LSP3437179,406.58183896,96.7431361859603
8683,Designated Heritage Property,30 Oxford St W, , , ,V,Blackfriars-Petersville Heritage Conservation District,LSP3437179,596.52586632,110.913194270054
8684,Designated Heritage Property,28 Oxford St W, , , ,V,Blackfriars-Petersville Heritage Conservation District,LSP3437179,515.72666376,95.3006093047342
8685,Designated Heritage Property,26 Oxford St W, , , ,V,Blackfriars-Petersville Heritage Conservation District,LSP3437179,284.14043672,77.4540031120699
8686,Designated Heritage Property,34 St Andrew St, , , ,V,Blackfriars-Petersville Heritage Conservation District,LSP3437179,1010.6496872,140.750262671542
8687,Designated Heritage Property,36 St Andrew St, , , ,V,Blackfriars-Petersville Heritage Conservation District,LSP3437179,1010.65201672,140.750262676839
8688,Designated Heritage Property,32 St Andrew St, , , ,V,Blackfriars-Petersville Heritage Conservation District,LSP3437179,490.01330112,99.927125148152
8689,Designated Heritage Property,28 St Andrew St, , , ,V,Blackfriars-Petersville Heritage Conservation District,LSP3437179,485.2303712,99.6652334609687
8690,Designated Heritage Property,21 St Patrick St, , , ,V,Blackfriars-Petersville Heritage Conservation District,LSP3437179,549.7193005,107.61194417116
8691,Designated Heritage Property,23 St Patrick St, , , ,V,Blackfriars-Petersville Heritage Conservation District,LSP3437179,975.5702133,140.531300919989
8692,Designated Heritage Property,27 St Patrick St, , , ,V,Blackfriars-Petersville Heritage Conservation District,LSP3437179,488.93535668,99.7568700020214
8693,Designated Heritage Property,33 St Patrick St, , , ,V,Blackfriars-Petersville Heritage Conservation District,LSP3437179,372.7107775,87.0180568771518
8694,Designated Heritage Property,31 St Patrick St, , , ,V,Blackfriars-Petersville Heritage Conservation District,LSP3437179,443.99410418,93.0512232254902
8695,Designated Heritage Property,29 St Patrick St, , , ,V,Blackfriars-Petersville Heritage Conservation District,LSP3437179,489.0604314,99.7764610331846
8696,Designated Heritage Property,31 St Andrew St, , , ,V,Blackfriars-Petersville Heritage Conservation District,LSP3437179,505.93044112,120.813143780447
8697,Designated Heritage Property,33 St Andrew St, , , ,V,Blackfriars-Petersville Heritage Conservation District,LSP3437179,506.85416048,120.871631481013
8698,Designated Heritage Property,35 St Andrew St, , , ,V,Blackfriars-Petersville Heritage Conservation District,LSP3437179,506.20416848,120.867637677011
8699,Designated Heritage Property,39 St Andrew St, , , ,V,Blackfriars-Petersville Heritage Conservation District,LSP3437179,506.50204224,120.923729100819
8700,Designated Heritage Property,37 St Andrew St, , , ,V,Blackfriars-Petersville Heritage Conservation District,LSP3437179,507.10960168,120.925704351431
8701,Designated Heritage Property,41 St Andrew St, , , ,V,Blackfriars-Petersville Heritage Conservation District,LSP3437179,520.76806672,121.500267563279
8702,Designated Heritage Property,43 St Andrew St, , , ,V,Blackfriars-Petersville Heritage Conservation District,LSP3437179,493.12174392,120.403468732101
8703,Designated Heritage Property,27 St Andrew St, , , ,V,Blackfriars-Petersville Heritage Conservation District,LSP3437179,506.62038406,90.590494293704
8704,Designated Heritage Property,15-17 St Patrick St, , , ,V,Blackfriars-Petersville Heritage Conservation District,LSP3437179,506.89700712,90.6180065192009
8705,Designated Heritage Property,62 Argyle St, , , ,V,Blackfriars-Petersville Heritage Conservation District,LSP3437179,341.89151308,92.5913646885686
8706,Designated Heritage Property,60 Argyle St, , , ,V,Blackfriars-Petersville Heritage Conservation District,LSP3437179,918.92245488,133.049658799067
8707,Designated Heritage Property,54 Argyle St, , , ,V,Blackfriars-Petersville Heritage Conservation District,LSP3437179,506.23019776,120.749272174194
8708,Designated Heritage Property,56 Argyle St, , , ,V,Blackfriars-Petersville Heritage Conservation District,LSP3437179,505.4643864,120.718830216221
8709,Designated Heritage Property,52 Argyle St, , , ,V,Blackfriars-Petersville Heritage Conservation District,LSP3437179,1011.694918,140.842034108458
8710,Designated Heritage Property,46 Argyle St, , , ,V,Blackfriars-Petersville Heritage Conservation District,LSP3437179,505.46246072,120.718568552465
8711,Designated Heritage Property,44 Argyle St, , , ,V,Blackfriars-Petersville Heritage Conservation District,LSP3437179,1012.46292732,140.872214022142
8712,Designated Heritage Property,48 Argyle St, , , ,V,Blackfriars-Petersville Heritage Conservation District,LSP3437179,505.45445088,120.718453355477
8713,Designated Heritage Property,13 Empress Ave, , , ,V,Blackfriars-Petersville Heritage Conservation District,LSP3437179,293.38893898,78.2103641632235
8714,Designated Heritage Property,15 Empress Ave, , , ,V,Blackfriars-Petersville Heritage Conservation District,LSP3437179,190.64715606,66.528513356695
8715,Designated Heritage Property,17-17/ Empress Ave, , , ,V,Blackfriars-Petersville Heritage Conservation District,LSP3437179,497.76933634,100.300998287026
8716,Designated Heritage Property,19 Empress Ave, , , ,V,Blackfriars-Petersville Heritage Conservation District,LSP3437179,617.77117678,120.159098976969
8717,Designated Heritage Property,23-23/ Empress Ave, , , ,V,Blackfriars-Petersville Heritage Conservation District,LSP3437179,616.85124586,145.453187332217
8718,Designated Heritage Property,43 Empress Ave, , , ,V,Blackfriars-Petersville Heritage Conservation District,LSP3437179,292.97865553,78.3069291062858
8719,Designated Heritage Property,35 Empress Ave, , , ,V,Blackfriars-Petersville Heritage Conservation District,LSP3437179,508.60385648,121.148490800696
8720,Designated Heritage Property,39 Empress Ave, , , ,V,Blackfriars-Petersville Heritage Conservation District,LSP3437179,508.36650063,121.139172751971
8721,Designated Heritage Property,31 Empress Ave, , , ,V,Blackfriars-Petersville Heritage Conservation District,LSP3437179,508.60489158,121.14853598526
8722,Designated Heritage Property,29 Empress Ave, , , ,V,Blackfriars-Petersville Heritage Conservation District,LSP3437179,506.92357688,121.081594072795
8723,Designated Heritage Property,41 Empress Ave, , , ,V,Blackfriars-Petersville Heritage Conservation District,LSP3437179,292.709032285,78.2883577439388
8724,Designated Heritage Property,37 Empress Ave, , , ,V,Blackfriars-Petersville Heritage Conservation District,LSP3437179,507.536680705,121.106444897131
8725,Designated Heritage Property,33 Empress Ave, , , ,V,Blackfriars-Petersville Heritage Conservation District,LSP3437179,506.92620182,121.082016054876
8726,Designated Heritage Property,27 Empress Ave, , , ,V,Blackfriars-Petersville Heritage Conservation District,LSP3437179,838.68439222,177.748386603526
8727,Designated Heritage Property,25 Argyle St, , , ,V,Blackfriars-Petersville Heritage Conservation District,LSP3437179,215.92705448,61.7369329866659
8728,Designated Heritage Property,27 Argyle St, , , ,V,Blackfriars-Petersville Heritage Conservation District,LSP3437179,215.99556832,61.7505564164621
8729,Designated Heritage Property,6 St Patrick St, , , ,V,Blackfriars-Petersville Heritage Conservation District,LSP3437179,670.35857712,126.980035441454
8730,Designated Heritage Property,10 St Patrick St, , , ,V,Blackfriars-Petersville Heritage Conservation District,LSP3437179,408.26873016,87.4571341410096
8731,Designated Heritage Property,8 St Patrick St, , , ,V,Blackfriars-Petersville Heritage Conservation District,LSP3437179,404.2062176,87.1882368446527
8732,Designated Heritage Property,38 Argyle St, , , ,V,Blackfriars-Petersville Heritage Conservation District,LSP3437179,264.97691742,85.1507760609978
8733,Designated Heritage Property,36 Argyle St, , , ,V,Blackfriars-Petersville Heritage Conservation District,LSP3437179,353.56926478,90.2128815090756
8734,Designated Heritage Property,34 Argyle St, , , ,V,Blackfriars-Petersville Heritage Conservation District,LSP3437179,610.74483494,104.906490755482
8735,Designated Heritage Property,30 Argyle St, , , ,V,Blackfriars-Petersville Heritage Conservation District,LSP3437179,679.84914726,130.678613699414
8736,Designated Heritage Property,28 Argyle St, , , ,V,Blackfriars-Petersville Heritage Conservation District,LSP3437179,508.70092778,120.916464576401
8737,Designated Heritage Property,20 Argyle St, , , ,V,Blackfriars-Petersville Heritage Conservation District,LSP3437179,484.00608528,110.676083244406
8738,Designated Heritage Property,22 Argyle St, , , ,V,Blackfriars-Petersville Heritage Conservation District,LSP3437179,225.800476,73.6114964853915
8739,Designated Heritage Property,7 St Andrew St, , , ,V,Blackfriars-Petersville Heritage Conservation District,LSP3437179,924.68263488,137.440710478283
8740,Designated Heritage Property,65 Empress Ave, , , ,V,Blackfriars-Petersville Heritage Conservation District,LSP3437179,1526.818038,161.383166401232
8741,Designated Heritage Property,19 St Andrew St, , , ,V,Blackfriars-Petersville Heritage Conservation District,LSP3437179,488.86802016,119.999020802647
8742,Designated Heritage Property,17 St Andrew St, , , ,V,Blackfriars-Petersville Heritage Conservation District,LSP3437179,584.8702244,123.842032983364
8743,Designated Heritage Property,22 St Patrick St, , , ,V,Blackfriars-Petersville Heritage Conservation District,LSP3437179,612.39668824,110.64080313431
8744,Designated Heritage Property,53 Empress Ave, , , ,V,Blackfriars-Petersville Heritage Conservation District,LSP3437179,616.15756584,111.302672224378
8745,Designated Heritage Property,215 Wharncliffe Rd N, , , ,V,Blackfriars-Petersville Heritage Conservation District,LSP3437179,8589.57598658,417.686570706497
8746,Designated Heritage Property,228 Wharncliffe Rd N, , , ,V,Blackfriars-Petersville Heritage Conservation District,LSP3437179,389.81092538,88.8182929563282
8747,Designated Heritage Property,230 Wharncliffe Rd N, , , ,V,Blackfriars-Petersville Heritage Conservation District,LSP3437179,382.76042298,87.1933019239803
8748,Designated Heritage Property,226 Wharncliffe Rd N, , , ,V,Blackfriars-Petersville Heritage Conservation District,LSP3437179,407.62641122,90.8926551387969
8749,Designated Heritage Property,222 Wharncliffe Rd N, , , ,V,Blackfriars-Petersville Heritage Conservation District,LSP3437179,508.53118384,97.4250692865187
8750,Designated Heritage Property,212-214 Wharncliffe Rd N, , , ,V,Blackfriars-Petersville Heritage Conservation District,LSP3437179,561.02681744,100.616990517488
8751,Designated Heritage Property,216 Wharncliffe Rd N, , , ,V,Blackfriars-Petersville Heritage Conservation District,LSP3437179,567.9242858,101.007243620133
8752,Designated Heritage Property,208 Wharncliffe Rd N, , , ,V,Blackfriars-Petersville Heritage Conservation District,LSP3437179,372.71283592,99.1703784336848
8753,Designated Heritage Property,196 Wharncliffe Rd N, , , ,V,Blackfriars-Petersville Heritage Conservation District,LSP3437179,619.53580344,126.340836805797
8754,Designated Heritage Property,192 Wharncliffe Rd N, , , ,V,Blackfriars-Petersville Heritage Conservation District,LSP3437179,450.92567632,119.7497536058
8755,Designated Heritage Property,194 Wharncliffe Rd N, , , ,V,Blackfriars-Petersville Heritage Conservation District,LSP3437179,464.65134008,120.279777658676
8756,Designated Heritage Property,190 Wharncliffe Rd N, , , ,V,Blackfriars-Petersville Heritage Conservation District,LSP3437179,444.32371698,119.499332630221
8757,Designated Heritage Property,202 Wharncliffe Rd N, , , ,V,Blackfriars-Petersville Heritage Conservation District,LSP3437179,666.19968448,146.474842598217
8758,Designated Heritage Property,206 Wharncliffe Rd N, , , ,V,Blackfriars-Petersville Heritage Conservation District,LSP3437179,409.2343948,100.911476906531
8759,Designated Heritage Property,200 Wharncliffe Rd N, , , ,V,Blackfriars-Petersville Heritage Conservation District,LSP3437179,529.3626216,123.62089539262
8760,Designated Heritage Property,210 Wharncliffe Rd N, , , ,V,Blackfriars-Petersville Heritage Conservation District,LSP3437179,444.97479272,102.392046188442
8761,Designated Heritage Property,188 Wharncliffe Rd N, , , ,V,Blackfriars-Petersville Heritage Conservation District,LSP3437179,740.9448651,131.131002908757
8762,Designated Heritage Property,182 Wharncliffe Rd N, , , ,V,Blackfriars-Petersville Heritage Conservation District,LSP3437179,780.38112652,123.526152036088
8763,Designated Heritage Property,80 Empress Ave, , , ,V,Blackfriars-Petersville Heritage Conservation District,LSP3437179,493.16825184,105.206559184998
8764,Designated Heritage Property,82 Empress Ave, , , ,V,Blackfriars-Petersville Heritage Conservation District,LSP3437179,417.18244704,106.507423064822
8765,Designated Heritage Property,76 Empress Ave, , , ,V,Blackfriars-Petersville Heritage Conservation District,LSP3437179,656.92958712,127.231854915553
8766,Designated Heritage Property,78 Empress Ave, , , ,V,Blackfriars-Petersville Heritage Conservation District,LSP3437179,468.03840288,103.903491930791
8767,Designated Heritage Property,72 Empress Ave, , , ,V,Blackfriars-Petersville Heritage Conservation District,LSP3437179,493.90971488,120.672220705521
8768,Designated Heritage Property,66 Empress Ave, , , ,V,Blackfriars-Petersville Heritage Conservation District,LSP3437179,875.19246544,141.332934506244
8769,Designated Heritage Property,64 Empress Ave, , , ,V,Blackfriars-Petersville Heritage Conservation District,LSP3437179,639.03958464,103.729863485477
8770,Designated Heritage Property,75 Blackfriars St, , , ,V,Blackfriars-Petersville Heritage Conservation District,LSP3437179,5983.861648,337.67780984742
8771,Designated Heritage Property,52 Empress Ave, , , ,V,Blackfriars-Petersville Heritage Conservation District,LSP3437179,354.91749504,78.5336879240401
8772,Designated Heritage Property,14 Argyle St, , , ,V,Blackfriars-Petersville Heritage Conservation District,LSP3437179,448.01028344,102.583000119165
8773,Designated Heritage Property,12 Argyle St, , , ,V,Blackfriars-Petersville Heritage Conservation District,LSP3437179,556.2639108,108.260192702392
8774,Designated Heritage Property,8 Argyle St, , , ,V,Blackfriars-Petersville Heritage Conservation District,LSP3437179,340.69541312,74.1207016791361
8775,Designated Heritage Property,10 Argyle St, , , ,V,Blackfriars-Petersville Heritage Conservation District,LSP3437179,242.46485504,64.3744235548324
8776,Designated Heritage Property,67 Blackfriars St, , , ,V,Blackfriars-Petersville Heritage Conservation District,LSP3437179,435.05743262,83.4790123721416
8777,Designated Heritage Property,69-69B Blackfriars St, , , ,V,Blackfriars-Petersville Heritage Conservation District,LSP3437179,508.91609482,121.137642587476
8778,Designated Heritage Property,71 Blackfriars St, , , ,V,Blackfriars-Petersville Heritage Conservation District,LSP3437179,509.27246968,121.149714721401
8779,Designated Heritage Property,77 Blackfriars St, , , ,V,Blackfriars-Petersville Heritage Conservation District,LSP3437179,339.19965704,79.197944584955
8780,Designated Heritage Property,79 Blackfriars St, , , ,V,Blackfriars-Petersville Heritage Conservation District,LSP3437179,833.3436516,147.436491042408
8781,Designated Heritage Property,81 Blackfriars St, , , ,V,Blackfriars-Petersville Heritage Conservation District,LSP3437179,477.8695632,119.880678363823
8782,Designated Heritage Property,195 Wharncliffe Rd N, , , ,V,Blackfriars-Petersville Heritage Conservation District,LSP3437179,284.1452037,78.9126159452272
8783,Designated Heritage Property,199 Wharncliffe Rd N, , , ,V,Blackfriars-Petersville Heritage Conservation District,LSP3437179,274.75702724,87.6252400611769
8784,Designated Heritage Property,193 Wharncliffe Rd N, , , ,V,Blackfriars-Petersville Heritage Conservation District,LSP3437179,414.37739256,83.861102061434
8785,Designated Heritage Property,201 Wharncliffe Rd N, , , ,V,Blackfriars-Petersville Heritage Conservation District,LSP3437179,320.88866206,100.128501017839
8786,Designated Heritage Property,197 Wharncliffe Rd N, , , ,V,Blackfriars-Petersville Heritage Conservation District,LSP3437179,291.28826284,82.9766000337002
8787,Designated Heritage Property,207 Wharncliffe Rd N, , , ,V,Blackfriars-Petersville Heritage Conservation District,LSP3437179,332.64656214,86.0519425286559
8788,Designated Heritage Property,38 Empress Ave, , , ,V,Blackfriars-Petersville Heritage Conservation District,LSP3437179,324.12125976,113.360918276758
8789,Designated Heritage Property,36 Empress Ave, , , ,V,Blackfriars-Petersville Heritage Conservation District,LSP3437179,354.10272056,114.554057379777
8790,Designated Heritage Property,30 Empress Ave, , , ,V,Blackfriars-Petersville Heritage Conservation District,LSP3437179,583.49284576,123.68695623215
8791,Designated Heritage Property,28 Empress Ave, , , ,V,Blackfriars-Petersville Heritage Conservation District,LSP3437179,583.48771032,123.685780654047
8792,Designated Heritage Property,24 Empress Ave, , , ,V,Blackfriars-Petersville Heritage Conservation District,LSP3437179,1013.41593912,140.804280585162
8793,Designated Heritage Property,20 Empress Ave, , , ,V,Blackfriars-Petersville Heritage Conservation District,LSP3437179,1013.38070944,140.802261101059
8794,Designated Heritage Property,6 Empress Ave, , , ,V,Blackfriars-Petersville Heritage Conservation District,LSP3437179,440.07901992,97.7528809560207
8795,Designated Heritage Property,13 Blackfriars St, , , ,V,Blackfriars-Petersville Heritage Conservation District,LSP3437179,234.22203218,65.204961703435
8796,Designated Heritage Property,15 Blackfriars St, , , ,V,Blackfriars-Petersville Heritage Conservation District,LSP3437179,411.78209042,104.321121798418
8797,Designated Heritage Property,21 Blackfriars St, , , ,V,Blackfriars-Petersville Heritage Conservation District,LSP3437179,499.01151906,120.316817650258
8798,Designated Heritage Property,33 Blackfriars St, , , ,V,Blackfriars-Petersville Heritage Conservation District,LSP3437179,583.47739044,123.684182007938
8799,Designated Heritage Property,17 Blackfriars St, , , ,V,Blackfriars-Petersville Heritage Conservation District,LSP3437179,564.81851552,155.42094214356
8800,Designated Heritage Property,23 Blackfriars St, , , ,V,Blackfriars-Petersville Heritage Conservation District,LSP3437179,499.0064162,120.317615927964
8801,Designated Heritage Property,29 Blackfriars St, , , ,V,Blackfriars-Petersville Heritage Conservation District,LSP3437179,506.70631394,120.626495322408
8802,Designated Heritage Property,19 Blackfriars St, , , ,V,Blackfriars-Petersville Heritage Conservation District,LSP3437179,473.25295148,119.265096183235
8803,Designated Heritage Property,25 Blackfriars St, , , ,V,Blackfriars-Petersville Heritage Conservation District,LSP3437179,522.02768024,121.234668791296
8804,Designated Heritage Property,31 Blackfriars St, , , ,V,Blackfriars-Petersville Heritage Conservation District,LSP3437179,506.69006246,120.626495364358
8805,Designated Heritage Property,27 Blackfriars St, , , ,V,Blackfriars-Petersville Heritage Conservation District,LSP3437179,506.69824922,120.62489775566
8806,Designated Heritage Property,37 Blackfriars St, , , ,V,Blackfriars-Petersville Heritage Conservation District,LSP3437179,406.88865836,116.652976604909
8807,Designated Heritage Property,41 Blackfriars St, , , ,V,Blackfriars-Petersville Heritage Conservation District,LSP3437179,561.29742892,122.803162306829
8808,Designated Heritage Property,39 Blackfriars St, , , ,V,Blackfriars-Petersville Heritage Conservation District,LSP3437179,575.81906376,123.380472109835
8809,Designated Heritage Property,49 Blackfriars St, , , ,V,Blackfriars-Petersville Heritage Conservation District,LSP3437179,506.71448326,120.631664899114
8810,Designated Heritage Property,43 Blackfriars St, , , ,V,Blackfriars-Petersville Heritage Conservation District,LSP3437179,452.15753208,118.457816151088
8811,Designated Heritage Property,35 Blackfriars St, , , ,V,Blackfriars-Petersville Heritage Conservation District,LSP3437179,460.65403114,118.793565264797
8812,Designated Heritage Property,45 Blackfriars St, , , ,V,Blackfriars-Petersville Heritage Conservation District,LSP3437179,506.7326922,120.63170997455
8813,Designated Heritage Property,51 Blackfriars St, , , ,V,Blackfriars-Petersville Heritage Conservation District,LSP3437179,316.0591865,82.7691070844294
8814,Designated Heritage Property,53 Blackfriars St, , , ,V,Blackfriars-Petersville Heritage Conservation District,LSP3437179,315.10649508,82.7081782632868
8815,Designated Heritage Property,57 Blackfriars St, , , ,V,Blackfriars-Petersville Heritage Conservation District,LSP3437179,314.81177764,82.689479376567
8816,Designated Heritage Property,55 Blackfriars St, , , ,V,Blackfriars-Petersville Heritage Conservation District,LSP3437179,316.34095994,82.7871947420236
8817,Designated Heritage Property,7 Argyle St, , , ,V,Blackfriars-Petersville Heritage Conservation District,LSP3437179,764.64756464,118.606167927213
8818,Designated Heritage Property,10 Blackfriars St, , , ,V,Blackfriars-Petersville Heritage Conservation District,LSP3437179,574.25001264,97.7524958351458
8819,Designated Heritage Property,9 Napier St, , , ,V,Blackfriars-Petersville Heritage Conservation District,LSP3437179,515.24586232,101.833780104949
8820,Designated Heritage Property,11 Napier St, , , ,V,Blackfriars-Petersville Heritage Conservation District,LSP3437179,565.42778968,110.50627840729
8821,Designated Heritage Property,14 Napier St, , , ,V,Blackfriars-Petersville Heritage Conservation District,LSP3437179,455.02126508,90.4254727166771
8822,Designated Heritage Property,12 Napier St, , , ,V,Blackfriars-Petersville Heritage Conservation District,LSP3437179,237.57372186,61.7476446312882
8823,Designated Heritage Property,10 Napier St, , , ,V,Blackfriars-Petersville Heritage Conservation District,LSP3437179,693.04412904,121.819654441005
8824,Designated Heritage Property,6 Napier St, , , ,V,Blackfriars-Petersville Heritage Conservation District,LSP3437179,693.02540972,121.818873890261
8825,Designated Heritage Property,13 Cummings Ave, , , ,V,Blackfriars-Petersville Heritage Conservation District,LSP3437179,220.93718016,67.0420047873299
8826,Designated Heritage Property,17 Cummings Ave, , , ,V,Blackfriars-Petersville Heritage Conservation District,LSP3437179,221.01262168,67.0584092536779
8827,Designated Heritage Property,9 Cummings Ave, , , ,V,Blackfriars-Petersville Heritage Conservation District,LSP3437179,441.7619376,85.143069309486
8828,Designated Heritage Property,15 Cummings Ave, , , ,V,Blackfriars-Petersville Heritage Conservation District,LSP3437179,220.96335416,67.0492035319213
8829,Designated Heritage Property,7 Cummings Ave, , , ,V,Blackfriars-Petersville Heritage Conservation District,LSP3437179,331.229558,76.0727486687557
8830,Designated Heritage Property,3 Cummings Ave, , , ,V,Blackfriars-Petersville Heritage Conservation District,LSP3437179,333.25786112,76.1457326934698
8831,Designated Heritage Property,145 Wilson Ave, , , ,V,Blackfriars-Petersville Heritage Conservation District,LSP3437179,365.40851952,81.3602709233144
8832,Designated Heritage Property,147 Wilson Ave, , , ,V,Blackfriars-Petersville Heritage Conservation District,LSP3437179,299.59990296,76.5956566767295
8833,Designated Heritage Property,149-151 Wilson Ave, , , ,V,Blackfriars-Petersville Heritage Conservation District,LSP3437179,456.44291928,88.1040053005073
8834,Designated Heritage Property,38 Blackfriars St, , , ,V,Blackfriars-Petersville Heritage Conservation District,LSP3437179,444.70884152,85.1011519242961
8835,Designated Heritage Property,30 Blackfriars St, , , ,V,Blackfriars-Petersville Heritage Conservation District,LSP3437179,554.03474144,127.955024805498
8836,Designated Heritage Property,28 Blackfriars St, , , ,V,Blackfriars-Petersville Heritage Conservation District,LSP3437179,859.83673848,139.307394062634
8837,Designated Heritage Property,36 Blackfriars St, , , ,V,Blackfriars-Petersville Heritage Conservation District,LSP3437179,766.14754528,136.071630271106
8838,Designated Heritage Property,32 Blackfriars St, , , ,V,Blackfriars-Petersville Heritage Conservation District,LSP3437179,700.06806552,133.503245243836
8839,Designated Heritage Property,22 Blackfriars St, , , ,V,Blackfriars-Petersville Heritage Conservation District,LSP3437179,698.45997016,133.034400771522
8840,Designated Heritage Property,20 Blackfriars St, , , ,V,Blackfriars-Petersville Heritage Conservation District,LSP3437179,696.6280356,122.137130996355
8841,Designated Heritage Property,16 Blackfriars St, , , ,V,Blackfriars-Petersville Heritage Conservation District,LSP3437179,693.81649382,121.911787546341
8842,Designated Heritage Property,144 Wilson Ave, , , ,V,Blackfriars-Petersville Heritage Conservation District,LSP3437179,513.8826352,122.719508939854
8843,Designated Heritage Property,140 Wilson Ave, , , ,V,Blackfriars-Petersville Heritage Conservation District,LSP3437179,701.22825928,130.099768842618
8844,Designated Heritage Property,146-146A Wilson Ave, , , ,V,Blackfriars-Petersville Heritage Conservation District,LSP3437179,514.7044104,123.726914829964
8845,Designated Heritage Property,148 Wilson Ave, , , ,V,Blackfriars-Petersville Heritage Conservation District,LSP3437179,514.92044824,121.862822060237
8846,Designated Heritage Property,150 Wilson Ave, , , ,V,Blackfriars-Petersville Heritage Conservation District,LSP3437179,459.11001,87.1603291255025
8847,Designated Heritage Property,152 Wilson Ave, , , ,V,Blackfriars-Petersville Heritage Conservation District,LSP3437179,309.95111584,75.4310700948471
8848,Designated Heritage Property,52 Blackfriars St, , , ,V,Blackfriars-Petersville Heritage Conservation District,LSP3437179,768.98510384,146.478905012774
8849,Designated Heritage Property,54 Blackfriars St, , , ,V,Blackfriars-Petersville Heritage Conservation District,LSP3437179,774.24005896,146.638213065022
8850,Designated Heritage Property,60 Blackfriars St, , , ,V,Blackfriars-Petersville Heritage Conservation District,LSP3437179,538.52226496,107.517432520316
8851,Designated Heritage Property,58 Blackfriars St, , , ,V,Blackfriars-Petersville Heritage Conservation District,LSP3437179,538.20653128,107.480401055394
8852,Designated Heritage Property,101 Albion St, , , ,V,Blackfriars-Petersville Heritage Conservation District,LSP3437179,560.28010672,108.213180904966
8853,Designated Heritage Property,97 Albion St, , , ,V,Blackfriars-Petersville Heritage Conservation District,LSP3437179,559.93438476,108.142436173679
8854,Designated Heritage Property,93 Albion St, , , ,V,Blackfriars-Petersville Heritage Conservation District,LSP3437179,573.9818453,108.742892889095
8855,Designated Heritage Property,95 Albion St, , , ,V,Blackfriars-Petersville Heritage Conservation District,LSP3437179,559.37540716,108.062326569748
8856,Designated Heritage Property,94 Albion St, , , ,V,Blackfriars-Petersville Heritage Conservation District,LSP3437179,1177.9762149,158.157250166022
8857,Designated Heritage Property,96 Albion St, , , ,V,Blackfriars-Petersville Heritage Conservation District,LSP3437179,807.5696716,145.727812915069
8858,Designated Heritage Property,102 Albion St, , , ,V,Blackfriars-Petersville Heritage Conservation District,LSP3437179,689.20378448,141.785332649701
8859,Designated Heritage Property,100 Albion St, , , ,V,Blackfriars-Petersville Heritage Conservation District,LSP3437179,880.18146226,148.263417278566
8860,Designated Heritage Property,70 Blackfriars St, , , ,V,Blackfriars-Petersville Heritage Conservation District,LSP3437179,515.95536476,107.252708664265
8861,Designated Heritage Property,76 Blackfriars St, , , ,V,Blackfriars-Petersville Heritage Conservation District,LSP3437179,511.8651632,105.883523620165
8862,Designated Heritage Property,78 Blackfriars St, , , ,V,Blackfriars-Petersville Heritage Conservation District,LSP3437179,538.4677304,107.289318747809
8863,Designated Heritage Property,82 Blackfriars St, , , ,V,Blackfriars-Petersville Heritage Conservation District,LSP3437179,536.31966752,107.265967006419
8864,Designated Heritage Property,84 Blackfriars St, , , ,V,Blackfriars-Petersville Heritage Conservation District,LSP3437179,520.19448752,107.467863493347
8865,Designated Heritage Property,88 Blackfriars St, , , ,V,Blackfriars-Petersville Heritage Conservation District,LSP3437179,422.8444896,88.6049700656193
8866,Designated Heritage Property,187 Wharncliffe Rd N, , , ,V,Blackfriars-Petersville Heritage Conservation District,LSP3437179,385.3195056,85.0118539584646
8867,Designated Heritage Property,185 Wharncliffe Rd N, , , ,V,Blackfriars-Petersville Heritage Conservation District,LSP3437179,331.87665072,76.3015129394628
8868,Designated Heritage Property,181 Wharncliffe Rd N, , , ,V,Blackfriars-Petersville Heritage Conservation District,LSP3437179,346.57145968,87.5589329240425
8869,Designated Heritage Property,179 Wharncliffe Rd N, , , ,V,Blackfriars-Petersville Heritage Conservation District,LSP3437179,513.0832712,127.622107530705
8870,Designated Heritage Property,169 Wharncliffe Rd N, , , ,V,Blackfriars-Petersville Heritage Conservation District,LSP3437179,535.59514624,108.575735770131
8871,Designated Heritage Property,171 Wharncliffe Rd N, , , ,V,Blackfriars-Petersville Heritage Conservation District,LSP3437179,525.32183054,111.415277574771
8872,Designated Heritage Property,176 Wharncliffe Rd N, , , ,V, ,LSP3437179,420.24691596,88.7232965840643
8873,Designated Heritage Property,178 Wharncliffe Rd N, , , ,V, ,LSP3437179,325.60660752,82.5378823615764
8874,Designated Heritage Property,170 Wharncliffe Rd N, , , ,V,Blackfriars-Petersville Heritage Conservation District,LSP3437179,690.95547292,137.301764976481
8875,Designated Heritage Property,172 Wharncliffe Rd N, , , ,V,Blackfriars-Petersville Heritage Conservation District,LSP3437179,689.04206204,138.196496275943
8876,Designated Heritage Property,168 Wharncliffe Rd N, , , ,V,Blackfriars-Petersville Heritage Conservation District,LSP3437179,461.91115256,113.277212742887
8877,Designated Heritage Property,29-31 Argyle St, , , ,V,Blackfriars-Petersville Heritage Conservation District,LSP3437179,534.9403344,93.5663701066443
8878,Designated Heritage Property,4 St Patrick St, , , ,V,Blackfriars-Petersville Heritage Conservation District,LSP3437179,900.80219776,136.176725477901
8879,Designated Heritage Property,2 St Patrick St, , , ,V, ,LSP3437179,4192.12447722,456.905174500125
8880,Designated Heritage Property,2 Empress Ave, , , ,V,Blackfriars-Petersville Heritage Conservation District,LSP3437179,284.71739928,72.6930717389287
8881,Listed Heritage Property,153 Mill St,1881c, ,Vernacular, , , ,195.47368408,71.4982840808833
8882,Listed Heritage Property,66 Palmer St, , , , , , ,990.0540212,125.871819968357
8883,Listed Heritage Property,67 Palmer St, , , , , , ,445.58728944,97.4899658294104
8884,Listed Heritage Property,69 Palmer St, , , , , , ,646.09280936,108.458901977022
8885,Listed Heritage Property,114 Paul St, , , , , , ,592.58598536,121.629769419862
8886,Listed Heritage Property,116 Paul St, , , , , , ,592.84669072,121.670258431609
8887,Listed Heritage Property,132 Paul St, , , , , , ,594.29360064,121.908794334473
8888,Listed Heritage Property,128 Paul St, , , , , , ,774.49460984,130.402274475771
8889,Designated Heritage Property,186 Wharncliffe Rd N, , , ,V,Blackfriars-Petersville Heritage Conservation District,LSP3437179,803.7218178,133.60186991685
8890,Designated Heritage Property,5 Blackfriars St, , , ,V,Blackfriars-Petersville Heritage Conservation District,LSP3437179,561.16458314,116.893540966274
8891,Designated Heritage Property,, , , ,V,Blackfriars-Petersville Heritage Conservation District,LSP3437179,1067.52692272,158.431507813975
8892,Designated Heritage Property,43 St Andrew St, , , ,V,Blackfriars-Petersville Heritage Conservation District,LSP3437179,91.34033768,66.3352040028662
8893,Designated Heritage Property,, , , ,V, ,LSP3437179,4357.776367975,429.789231122062
8894,Designated Heritage Property,19 Blackfriars St, , , ,V,Blackfriars-Petersville Heritage Conservation District,LSP3437179,122.81647006,88.4761895995986
8895,Designated Heritage Property,, , , ,V,Blackfriars-Petersville Heritage Conservation District,LSP3437179,1372.99906968,173.997910166436
8896,Designated Heritage Property,, , , ,V, ,LSP3437179,2754.0710973,274.705378518382
8897,Listed Heritage Property,4 Grosvenor St,1950, , , , , ,990.18814416,134.737390945892
8898,Listed Heritage Property,2 Grosvenor St,1948, , , , , ,842.9969868,131.921484745328
8899,Listed Heritage Property,197 College Ave,1878, , , , , ,444.23602272,111.276740602616
8900,Listed Heritage Property,199 College Ave,1904, , , , , ,329.4053104,106.290195950679
8901,Listed Heritage Property,829 Richmond St,1870, , , , , ,750.51583312,128.039701397248
8902,Listed Heritage Property,827 Richmond St,1890, , , , , ,491.55780736,94.5257837515994
8903,Listed Heritage Property,831 Richmond St,1914, , , , , ,495.30348008,109.085506118073
8904,Listed Heritage Property,202 St James St,1975, , , , , ,646.85089968,120.700240359505
8905,Listed Heritage Property,181 St James St,1895, , , , , ,486.89855824,111.676505252766
8906,Listed Heritage Property,226 St George St,1906, , , , , ,287.053998,71.0091345815909
8907,Listed Heritage Property,179 St James St,1946, , , , , ,346.60530624,86.0769029574276
8908,Listed Heritage Property,185 St James St,1894, , , , , ,478.52481936,111.228142468317
8909,Listed Heritage Property,195 St James St,1909, , , , , ,356.83917536,105.51410615135
8910,Listed Heritage Property,206 Sydenham St,1912, , , , , ,328.51369564,76.3167791088985
8911,Listed Heritage Property,787 Richmond St,1909, , , , , ,477.07714896,94.2973680840607
8912,Listed Heritage Property,791 Richmond St,1880, , , , , ,608.56710456,117.830650957067
8913,Listed Heritage Property,789 Richmond St, , , , , , ,328.14318584,85.1085937537579
8914,Listed Heritage Property,194 Sydenham St,1959, , , , , ,731.62963632,122.75413910875
8915,Listed Heritage Property,202 Sydenham St,1890, , , , , ,326.31086928,111.748755922738
8916,Listed Heritage Property,204 Sydenham St,1890, , , , , ,410.37585412,115.169446557969
8917,Listed Heritage Property,198 Sydenham St,1961, , , , , ,730.35091296,122.595950175249
8918,Listed Heritage Property,220 St George St,1950, , , , , ,201.16905624,61.4916252397922
8919,Listed Heritage Property,182 Sydenham St,1913, , , , , ,501.51763912,112.788572800352
8920,Listed Heritage Property,216 St George St,1914, , , , , ,289.80947032,69.8250635011762
8921,Listed Heritage Property,218 St George St,1909, , , , , ,282.88240632,69.1692632160905
8922,Listed Heritage Property,222 St George St,1907, , , , , ,193.5613564,60.7700566530335
8923,Listed Heritage Property,187 Sydenham St,1880, , , , , ,729.07438096,122.341162802995
8924,Listed Heritage Property,183 Sydenham St,1890, , , , , ,248.96321896,104.46136335257
8925,Listed Heritage Property,193 Sydenham St,1904, , , , , ,779.7111524,124.387704305985
8926,Listed Heritage Property,753 Richmond St, , , , , , ,564.32910904,115.944849690887
8927,Listed Heritage Property,757 Richmond St, , , , , , ,513.76953648,113.722321601673
8928,Listed Heritage Property,190-192 Oxford St E,1914, , , , , ,715.95605768,122.046290258464
8929,Listed Heritage Property,176 Oxford St E,1894, , , , , ,488.98823472,92.7524763908795
8930,Listed Heritage Property,176 St George St,1914, , , , , ,493.31280512,95.2859689150556
8931,Listed Heritage Property,184 Oxford St E,1924, , , , , ,488.91156552,92.7501732889365
8932,Listed Heritage Property,178 St George St,1899, , , , , ,226.9187104,63.9356360637025
8933,Listed Heritage Property,182 St George St,1926, , , , , ,148.6783696,50.7725561367564
8934,Listed Heritage Property,180 St George St,1909, , , , , ,177.58001928,57.4491126552908
8935,Listed Heritage Property,123 St James St,1957, , , , , ,585.8745932,107.390952210791
8936,Listed Heritage Property,137 St James St,1900, , , , , ,370.0367232,110.615622555397
8937,Listed Heritage Property,139 St James St,1899, , , , , ,436.09740888,116.178546910921
8938,Listed Heritage Property,133 St James St,1889, , , , , ,538.28975088,118.712310098537
8939,Listed Heritage Property,129 St James St,1880, , , , , ,538.96623504,118.833799031292
8940,Listed Heritage Property,127 St James St,1880, , , , , ,539.65732144,118.956086847723
8941,Listed Heritage Property,820 Talbot St,1935, , , , , ,462.67639928,116.235662336313
8942,Listed Heritage Property,125 St James St,1899, , , , , ,454.7828796,100.572535150215
8943,Listed Heritage Property,219 St George St,1969, , , , , ,611.62467696,109.66772254718
8944,Listed Heritage Property,153 St James St,1904, , , , , ,274.19743992,74.6520153295429
8945,Listed Heritage Property,221-223 St George St,1904, , , , , ,430.39131136,88.8628618711141
8946,Listed Heritage Property,144 Sydenham St,1914, , , , , ,646.57609992,123.276711016367
8947,Listed Heritage Property,140 Sydenham St,1900, , , , , ,485.58646704,116.702091506556
8948,Listed Heritage Property,136 Sydenham St,1887, , , , , ,486.1357504,116.811684592812
8949,Listed Heritage Property,134 Sydenham St,1880, , , , , ,486.67368584,116.920766408846
8950,Listed Heritage Property,130 Sydenham St,1870, , , , , ,487.23092264,117.030935138663
8951,Listed Heritage Property,818 Talbot St,1935, , , , , ,504.32659856,118.087640565633
8952,Listed Heritage Property,122 Sydenham St,1890, , , , , ,433.33703064,99.7921048672356
8953,Listed Heritage Property,114 Sydenham St,1880, , , , , ,343.34340832,79.8922714132531
8954,Listed Heritage Property,118 Sydenham St, , , , , , ,285.17343464,75.5513682565621
8955,Listed Heritage Property,806 Talbot St,1940, , , , , ,607.75079648,124.053798109793
8956,Listed Heritage Property,804 Talbot St,1918, , , , , ,435.71558816,103.001613561893
8957,Listed Heritage Property,129 Sydenham St,1878, , , , , ,474.01465448,118.42372021263
8958,Listed Heritage Property,125 Sydenham St,2003, , , , , ,369.8804176,76.9438386375336
8959,Listed Heritage Property,165 St George St,1959, , , , , ,689.62713296,117.731425545837
8960,Listed Heritage Property,141 Sydenham St,1870, , , , , ,404.97430048,115.037656896227
8961,Listed Heritage Property,137 Sydenham St,1870, , , , , ,497.88659696,119.055219864296
8962,Listed Heritage Property,143 Sydenham St,1893, , , , , ,579.50568056,121.335268618386
8963,Listed Heritage Property,149 Sydenham St,1895, , , , , ,486.28777944,116.891817102815
8964,Listed Heritage Property,153-153/ Sydenham St,1878, , , , , ,485.1714732,116.630513155041
8965,Listed Heritage Property,177 St George St,1911, , , , , ,184.49014016,58.5638878168437
8966,Listed Heritage Property,171 St George St,1964, , , , , ,279.59569776,69.9152776399986
8967,Listed Heritage Property,175 St George St,1963, , , , , ,304.54413768,74.7904716351133
8968,Listed Heritage Property,801 Talbot St,1920, , , , , ,379.41095848,88.4207647507701
8969,Listed Heritage Property,805 Talbot St,1908, , , , , ,355.43534656,86.9312684603554
8970,Listed Heritage Property,803 Talbot St,1926, , , , , ,355.43612624,86.931004814509
8971,Listed Heritage Property,807 Talbot St,1908, , , , , ,355.43992848,86.9320553705955
8972,Listed Heritage Property,2 Oxford St E, , , , , , ,23984.658164,783.503759261488
8974,Designated Heritage Property,2 Leslie St,1868, ,Ontario Farmhouse,V,Blackfriars-Petersville Heritage Conservation District,LSP3437179,604.2653694,104.891927225102
8975,Designated Heritage Property,513-531 Talbot St,1881p, ,Vernacular,IV, ,LSP3318193,2462.27327488,200.350829352276
8976,Designated Heritage Property,8 Leslie St,1870c, ,Regency,V,Blackfriars-Petersville Heritage Conservation District,LSP3437179,614.978734,105.503007954995
8977,Designated Heritage Property,63 Albion St,1870c, ,Ontario Farmhouse,V,Blackfriars-Petersville Heritage Conservation District,LSP3437179,499.44683228,112.997381010227
8978,Listed Heritage Property,177 Kent St,1860c, ,Georgian, , , ,300.95553648,71.7561354591997
8979,Designated Heritage Property,120 Wharncliffe Rd N,1910c, ,Vernacular,V,Blackfriars-Petersville Heritage Conservation District,LSP3437179,256.50728226,73.8360515422878
8980,Listed Heritage Property,568-572 Talbot St,1884c,Tiptady Property,High Victorian, , , ,436.55725408,83.5852363756888
8981,Listed Heritage Property,106 Kent St,1856c, ,Georgian, , , ,365.19942536,85.5913974395485
8982,Designated Heritage Property,2 Carrothers Ave,1860, ,Gothic Revival,V,Blackfriars-Petersville Heritage Conservation District,LSP3437179,531.27072912,100.51141594732
8983,Listed Heritage Property,126-128 Kent St,1883,Kucharuk Property,High Victorian, , , ,772.87739656,121.308864875573
8984,Listed Heritage Property,555 Talbot St,1876,453865 Ont. Ltd.,Georgian Revival, , , ,494.19014352,117.388781912807
8985,Designated Heritage Property,11 Leslie St,1890, ,Italianate,V,Blackfriars-Petersville Heritage Conservation District,LSP3437179,381.41382772,91.7152406081983
8986,Designated Heritage Property,142 Kent St,1892c,Zuzanek Property,Queen Anne,IV, ,LSP2984126,796.0781712,135.258763169113
8987,Designated Heritage Property,75 Albion St,1880c, ,Vernacular,V,Blackfriars-Petersville Heritage Conservation District,LSP3437179,456.150866,111.200621310566
8988,Designated Heritage Property,138 Wilson Ave,1890c, ,Ontario Cottage,V,Blackfriars-Petersville Heritage Conservation District,LSP3437179,861.380268,136.510234012463
8989,Designated Heritage Property,82 Albion St,1865, ,Ontario Cottage,IV And V,Blackfriars-Petersville Heritage Conservation District,LSP3437179,662.24448834,125.752673291448
8990,Listed Heritage Property,132 Columbia Ave,1850c, ,Georgian, , , ,577.3263476,106.285600555667
8991,Listed Heritage Property,530 Ridout St N,1903c, ,Queen Anne, , , ,1566.2999548,182.90985956113
8992,Designated Heritage Property,98 Wilson Ave,1878c, ,Regency,V,Blackfriars-Petersville Heritage Conservation District,LSP3437179,605.54826912,117.455945120302
8993,Designated Heritage Property,114 Wharncliffe Rd N,1900c, ,Vernacular,V,Blackfriars-Petersville Heritage Conservation District,LSP3437179,362.46705006,92.9910161574011
8994,Listed Heritage Property,130 Kent St,1863c,Reilly Property,Georgian Revival, , , ,663.86235904,116.720958985222
8995,Designated Heritage Property,85 Albion St,1886,Milne Property,Gothic Revival,IV And V,Blackfriars-Petersville Heritage Conservation District,LSP3437179,924.83689392,131.58370113657
8996,Listed Heritage Property,136 Kent St,1880c,Zuzanek Property,Queen Anne, , , ,842.49344208,142.065973908439
8997,Listed Heritage Property,76 Albert St,1865c,London Squash Club,Georgian Revival, , , ,1973.90148992,178.080877423728
8998,Designated Heritage Property,479 Clarence St,1929c,Bell Telephone Bldg.,Art Deco,V,Downtown Heritage Conservation District,LSP3419124,2495.65375872,206.770623249736
8999,Listed Heritage Property,533 Richmond St,1888,Howell Et Al Prop.,High Victorian, , , ,343.43161072,81.8727356528182
9000,Designated Heritage Property,478-486 Richmond St,1875, ,Italianate,V,Downtown Heritage Conservation District,LSP3419124,689.27198536,110.067622831795
9001,Designated Heritage Property,123 Wilson Ave,1890c, ,Regency,V,Blackfriars-Petersville Heritage Conservation District,LSP3437179,806.44982312,116.276574343969
9002,Listed Heritage Property,119-121 Albert St,1877c, ,Regency, , , ,387.60898968,78.9735786230427
9003,Designated Heritage Property,88 Albion St,1865, ,Queen Anne,V,Blackfriars-Petersville Heritage Conservation District,LSP3437179,1202.27421584,158.822623030837
9004,Listed Heritage Property,565 Ridout St N,1910,London Sigma Chi,Late Victorian, , , ,2107.11983992,200.248501733246
9005,Listed Heritage Property,"535-537 Talbot St, 105 Kent St",1872c,Beccarea Property,Italianate, , , ,532.92458632,92.6294472825103
9006,Designated Heritage Property,165 Wharncliffe Rd N,1865c, ,Vernacular,V,Blackfriars-Petersville Heritage Conservation District,LSP3437179,522.99206648,106.245087328112
9007,Listed Heritage Property,545 Talbot St,1876,Armstrong/rudolph,Italianate, , , ,265.31615632,79.1516522728958
9008,Designated Heritage Property,68 Albion St,1886, ,Ontario Cottage,V,Blackfriars-Petersville Heritage Conservation District,LSP3437179,646.3763519,124.735077217499
9009,Designated Heritage Property,"472 Richmond St, 190 Queens Ave",1845,St Paul's Cathedral,Gothic Revival,V,Downtown Heritage Conservation District,LSP3419124,10398.510926145,564.522074304546
9010,Designated Heritage Property,196 Dufferin Ave,1880,St.peter's Basilica,Gothic Revival,V,West Woodfield Heritage Conservation District,LSP3400254,6535.92928934,338.638771872417
9011,Listed Heritage Property,519 Richmond St,1876, ,Italianate, , , ,244.98574328,91.81103780848
9012,Listed Heritage Property,521-523 Richmond St,1876, ,Italianate, , , ,542.87039368,113.344848258426
9013,Listed Heritage Property,525 Richmond St,1876, ,Italianate, , , ,145.96810032,58.5378058034616
9014,Listed Heritage Property,527 Richmond St,1876, ,Italianate, , , ,124.38522704,59.6144185183212
9015,Listed Heritage Property,"529-531 Richmond St, 187 Kent St",1876, ,Italianate, , , ,505.40702936,118.349422427326
9016,Listed Heritage Property,557 Talbot St,1876,453865 Ont. Ltd.,Georgian Revival, , , ,452.3611192,114.682874058398
9017,Designated Heritage Property,135 Wilson Ave, , , ,V,Blackfriars-Petersville Heritage Conservation District,LSP3437179,797.03573968,115.737202564489
9018,Designated Heritage Property,139 Wilson Ave, , , ,V,Blackfriars-Petersville Heritage Conservation District,LSP3437179,435.51448984,94.8906126106651
9019,Designated Heritage Property,10 Cummings Ave, , , ,V,Blackfriars-Petersville Heritage Conservation District,LSP3437179,396.6371516,89.9417875386895
9020,Designated Heritage Property,14 Cummings Ave, , , ,V,Blackfriars-Petersville Heritage Conservation District,LSP3437179,394.41477448,89.5736172069324
9021,Designated Heritage Property,12 Cummings Ave, , , ,V,Blackfriars-Petersville Heritage Conservation District,LSP3437179,395.5392924,89.7585011496283
9022,Designated Heritage Property,16 Cummings Ave, , , ,V,Blackfriars-Petersville Heritage Conservation District,LSP3437179,393.30214792,89.3891117469637
9023,Designated Heritage Property,18 Cummings Ave, , , ,V,Blackfriars-Petersville Heritage Conservation District,LSP3437179,387.68630392,89.0478858841411
9024,Designated Heritage Property,1 Carrothers Ave, , , ,V,Blackfriars-Petersville Heritage Conservation District,LSP3437179,609.56242448,104.89782129604
9025,Designated Heritage Property,5 Carrothers Ave, , , ,V,Blackfriars-Petersville Heritage Conservation District,LSP3437179,628.286724,107.372675090748
9026,Designated Heritage Property,9 Carrothers Ave, , , ,V,Blackfriars-Petersville Heritage Conservation District,LSP3437179,610.97043176,105.034951954483
9027,Designated Heritage Property,7 Carrothers Ave, , , ,V,Blackfriars-Petersville Heritage Conservation District,LSP3437179,591.82704728,104.982654202119
9028,Designated Heritage Property,133 Wilson Ave, , , ,V,Blackfriars-Petersville Heritage Conservation District,LSP3437179,504.32956864,98.9607674669808
9029,Designated Heritage Property,129 Wilson Ave, , , ,V,Blackfriars-Petersville Heritage Conservation District,LSP3437179,610.66460976,105.064611125551
9030,Designated Heritage Property,10 Carrothers Ave, , , ,V,Blackfriars-Petersville Heritage Conservation District,LSP3437179,610.17014424,104.979263097167
9031,Designated Heritage Property,3 Leslie St, , , ,V,Blackfriars-Petersville Heritage Conservation District,LSP3437179,622.03265546,105.498811281034
9032,Designated Heritage Property,5 Leslie St, , , ,V,Blackfriars-Petersville Heritage Conservation District,LSP3437179,422.646633425,93.8559255801659
9033,Designated Heritage Property,7 Leslie St, , , ,V,Blackfriars-Petersville Heritage Conservation District,LSP3437179,615.140635435,104.998275913031
9034,Designated Heritage Property,9 Leslie St, , , ,V,Blackfriars-Petersville Heritage Conservation District,LSP3437179,331.51554996,88.807020782655
9035,Designated Heritage Property,13 Leslie St, , , ,V,Blackfriars-Petersville Heritage Conservation District,LSP3437179,206.17920448,58.6009644638276
9036,Designated Heritage Property,113 Wilson Ave, , , ,V,Blackfriars-Petersville Heritage Conservation District,LSP3437179,402.84254284,81.2367646579641
9037,Designated Heritage Property,115 Wilson Ave, , , ,V,Blackfriars-Petersville Heritage Conservation District,LSP3437179,610.33266376,105.045527562068
9038,Designated Heritage Property,117 Wilson Ave, , , ,V,Blackfriars-Petersville Heritage Conservation District,LSP3437179,413.91160776,93.7819609807789
9039,Designated Heritage Property,107 Wilson Ave, , , ,V,Blackfriars-Petersville Heritage Conservation District,LSP3437179,614.97957496,105.305720582489
9040,Designated Heritage Property,97 Wilson Ave, , , ,V,Blackfriars-Petersville Heritage Conservation District,LSP3437179,519.47018808,99.8345722018962
9041,Designated Heritage Property,99 Wilson Ave, , , ,V,Blackfriars-Petersville Heritage Conservation District,LSP3437179,588.21111584,103.770235272551
9042,Designated Heritage Property,103 Wilson Ave, , , ,V,Blackfriars-Petersville Heritage Conservation District,LSP3437179,614.97634608,105.304511287518
9043,Designated Heritage Property,4 Leslie St, , , ,V,Blackfriars-Petersville Heritage Conservation District,LSP3437179,614.97779868,105.502558559549
9044,Designated Heritage Property,12 Leslie St, , , ,V,Blackfriars-Petersville Heritage Conservation District,LSP3437179,614.98428256,105.503511353902
9045,Designated Heritage Property,3 Cherry St, , , ,V,Blackfriars-Petersville Heritage Conservation District,LSP3437179,714.94121482,108.748045223807
9046,Designated Heritage Property,7 Cherry St, , , ,V,Blackfriars-Petersville Heritage Conservation District,LSP3437179,386.19871736,87.9884563968838
9047,Designated Heritage Property,9 Cherry St, , , ,V,Blackfriars-Petersville Heritage Conservation District,LSP3437179,554.8138748,98.6127929195421
9048,Designated Heritage Property,11 Cherry St, , , ,V,Blackfriars-Petersville Heritage Conservation District,LSP3437179,554.42957416,98.5684578954713
9049,Designated Heritage Property,118 Wharncliffe Rd N, , , ,V, ,LSP3437179,1046.69369744,144.762015452808
9050,Designated Heritage Property,21 Albion St, , , ,V,Blackfriars-Petersville Heritage Conservation District,LSP3437179,1207.193802,140.000117236066
9051,Designated Heritage Property,6 Chandler Ave, , , ,V,Blackfriars-Petersville Heritage Conservation District,LSP3437179,293.04659056,92.472892142236
9052,Designated Heritage Property,8 Chandler Ave, , , ,V,Blackfriars-Petersville Heritage Conservation District,LSP3437179,294.09687694,92.5280477648346
9053,Designated Heritage Property,92 Wilson Ave, , , ,V,Blackfriars-Petersville Heritage Conservation District,LSP3437179,982.18871896,132.790501393302
9054,Designated Heritage Property,96 Wilson Ave, , , ,V,Blackfriars-Petersville Heritage Conservation District,LSP3437179,577.6973624,116.317790753616
9055,Designated Heritage Property,47 Albion St, , , ,V,Blackfriars-Petersville Heritage Conservation District,LSP3437179,572.0859615,116.047550294822
9056,Designated Heritage Property,49 Albion St, , , ,V,Blackfriars-Petersville Heritage Conservation District,LSP3437179,570.10237114,116.129320467972
9057,Designated Heritage Property,51 Albion St, , , ,V,Blackfriars-Petersville Heritage Conservation District,LSP3437179,574.1220804,116.254088708945
9058,Designated Heritage Property,53 Albion St, , , ,V,Blackfriars-Petersville Heritage Conservation District,LSP3437179,496.78901032,112.932103677916
9059,Designated Heritage Property,57 Albion St, , , ,V,Blackfriars-Petersville Heritage Conservation District,LSP3437179,719.71108218,122.772233377136
9060,Designated Heritage Property,100 Wilson Ave, , , ,V,Blackfriars-Petersville Heritage Conservation District,LSP3437179,547.71494208,115.045261854849
9061,Designated Heritage Property,102 Wilson Ave, , , ,V,Blackfriars-Petersville Heritage Conservation District,LSP3437179,540.0949688,114.570827037195
9062,Designated Heritage Property,104 Wilson Ave, , , ,V,Blackfriars-Petersville Heritage Conservation District,LSP3437179,313.41067032,105.308784204295
9063,Designated Heritage Property,106 Wilson Ave, , , ,V,Blackfriars-Petersville Heritage Conservation District,LSP3437179,328.41017448,104.807661829561
9064,Designated Heritage Property,108 Wilson Ave, , , ,V,Blackfriars-Petersville Heritage Conservation District,LSP3437179,547.97416648,115.193607608027
9065,Designated Heritage Property,110 Wilson Ave, , , ,V,Blackfriars-Petersville Heritage Conservation District,LSP3437179,461.99027536,111.415488320917
9066,Designated Heritage Property,112 Wilson Ave, , , ,V,Blackfriars-Petersville Heritage Conservation District,LSP3437179,457.293602,111.238248190251
9067,Designated Heritage Property,116 Wilson Ave, , , ,V,Blackfriars-Petersville Heritage Conservation District,LSP3437179,454.88385552,111.147314372103
9068,Designated Heritage Property,114 Wilson Ave, , , ,V,Blackfriars-Petersville Heritage Conservation District,LSP3437179,457.37546688,111.254243639755
9069,Designated Heritage Property,120 Wilson Ave, , , ,V,Blackfriars-Petersville Heritage Conservation District,LSP3437179,917.82123392,131.559526821095
9070,Designated Heritage Property,59 Albion St, , , ,V,Blackfriars-Petersville Heritage Conservation District,LSP3437179,528.05611766,114.16506063224
9071,Designated Heritage Property,61 Albion St, , , ,V,Blackfriars-Petersville Heritage Conservation District,LSP3437179,408.55255322,108.912495043763
9072,Designated Heritage Property,61/ Albion St, , , ,V,Blackfriars-Petersville Heritage Conservation District,LSP3437179,416.04635694,109.287091685513
9073,Designated Heritage Property,124 Wilson Ave, , , ,V,Blackfriars-Petersville Heritage Conservation District,LSP3437179,608.80378272,117.97421004689
9074,Designated Heritage Property,126 Wilson Ave, , , ,V,Blackfriars-Petersville Heritage Conservation District,LSP3437179,608.92054032,117.994256514103
9075,Designated Heritage Property,130 Wilson Ave, , , ,V,Blackfriars-Petersville Heritage Conservation District,LSP3437179,611.43144752,118.119540073486
9076,Designated Heritage Property,134 Wilson Ave, , , ,V,Blackfriars-Petersville Heritage Conservation District,LSP3437179,970.1257072,133.889104672959
9077,Designated Heritage Property,81 Albion St, , , ,V,Blackfriars-Petersville Heritage Conservation District,LSP3437179,501.23577514,113.102664075936
9078,Designated Heritage Property,77 Albion St, , , ,V,Blackfriars-Petersville Heritage Conservation District,LSP3437179,401.03041216,108.692738571098
9079,Designated Heritage Property,79 Albion St, , , ,V,Blackfriars-Petersville Heritage Conservation District,LSP3437179,511.74277256,113.430777900705
9080,Designated Heritage Property,65 Albion St, , , ,V,Blackfriars-Petersville Heritage Conservation District,LSP3437179,511.3772488,113.553314747067
9081,Designated Heritage Property,71 Albion St, , , ,V,Blackfriars-Petersville Heritage Conservation District,LSP3437179,473.5534284,111.913323237806
9082,Designated Heritage Property,73 Albion St, , , ,V,Blackfriars-Petersville Heritage Conservation District,LSP3437179,445.85504174,110.71954410227
9083,Designated Heritage Property,87 Albion St, , , ,V,Blackfriars-Petersville Heritage Conservation District,LSP3437179,375.21862356,98.9183844730774
9084,Designated Heritage Property,91 Albion St, , , ,V,Blackfriars-Petersville Heritage Conservation District,LSP3437179,593.10246578,109.59915895566
9085,Designated Heritage Property,12 Moir St, , , ,V,Blackfriars-Petersville Heritage Conservation District,LSP3437179,308.30684856,86.967322679819
9086,Designated Heritage Property,14 Moir St, , , ,V,Blackfriars-Petersville Heritage Conservation District,LSP3437179,313.47579606,87.0861723079771
9087,Designated Heritage Property,2 Moir St, , , ,V,Blackfriars-Petersville Heritage Conservation District,LSP3437179,351.90404752,90.3278779690326
9088,Designated Heritage Property,16 Moir St, , , ,V,Blackfriars-Petersville Heritage Conservation District,LSP3437179,312.33619332,86.8360499113627
9089,Designated Heritage Property,10 Moir St, , , ,V,Blackfriars-Petersville Heritage Conservation District,LSP3437179,322.26079192,87.9609297721153
9090,Designated Heritage Property,4 Moir St, , , ,V,Blackfriars-Petersville Heritage Conservation District,LSP3437179,350.52577368,90.0529807966802
9091,Designated Heritage Property,6 Moir St, , , ,V,Blackfriars-Petersville Heritage Conservation District,LSP3437179,475.77063352,97.0444854101884
9092,Designated Heritage Property,125 Wharncliffe Rd N, , , ,V,Blackfriars-Petersville Heritage Conservation District,LSP3437179,317.1564148,78.5391827199904
9093,Designated Heritage Property,123 Wharncliffe Rd N, , , ,V,Blackfriars-Petersville Heritage Conservation District,LSP3437179,316.88446248,78.4670524618979
9094,Designated Heritage Property,121 Wharncliffe Rd N, , , ,V,Blackfriars-Petersville Heritage Conservation District,LSP3437179,308.95924092,77.8775608752329
9095,Designated Heritage Property,60 Albion St, , , ,V,Blackfriars-Petersville Heritage Conservation District,LSP3437179,542.0819428,123.482126262986
9096,Designated Heritage Property,58 Albion St, , , ,V,Blackfriars-Petersville Heritage Conservation District,LSP3437179,522.76100906,122.657639392744
9097,Designated Heritage Property,64 Albion St, , , ,V,Blackfriars-Petersville Heritage Conservation District,LSP3437179,652.31427388,124.91355954075
9098,Designated Heritage Property,56 Albion St, , , ,V,Blackfriars-Petersville Heritage Conservation District,LSP3437179,522.3389446,122.576771463013
9099,Designated Heritage Property,62 Albion St, , , ,V,Blackfriars-Petersville Heritage Conservation District,LSP3437179,642.39415274,124.430280298166
9100,Designated Heritage Property,54 Albion St, , , ,V,Blackfriars-Petersville Heritage Conservation District,LSP3437179,522.96679578,122.533589267695
9101,Designated Heritage Property,131 Wharncliffe Rd N, , , ,V,Blackfriars-Petersville Heritage Conservation District,LSP3437179,516.18136768,116.394786502892
9102,Designated Heritage Property,127-127/ Wharncliffe Rd N, , , ,V,Blackfriars-Petersville Heritage Conservation District,LSP3437179,641.29297773,121.808673757778
9103,Designated Heritage Property,129 Wharncliffe Rd N, , , ,V,Blackfriars-Petersville Heritage Conservation District,LSP3437179,647.00525351,122.068576092342
9104,Designated Heritage Property,137 Wharncliffe Rd N, , , ,V,Blackfriars-Petersville Heritage Conservation District,LSP3437179,540.81505526,120.735663613838
9105,Designated Heritage Property,141 Wharncliffe Rd N, , , ,V,Blackfriars-Petersville Heritage Conservation District,LSP3437179,532.33327108,120.488905352453
9106,Designated Heritage Property,139 Wharncliffe Rd N, , , ,V,Blackfriars-Petersville Heritage Conservation District,LSP3437179,535.9194336,120.049826887771
9107,Designated Heritage Property,145 Wharncliffe Rd N, , , ,V,Blackfriars-Petersville Heritage Conservation District,LSP3437179,494.7108274,118.83857517941
9108,Designated Heritage Property,151 Wharncliffe Rd N, , , ,V,Blackfriars-Petersville Heritage Conservation District,LSP3437179,446.90123816,116.912705807879
9109,Designated Heritage Property,149 Wharncliffe Rd N, , , ,V,Blackfriars-Petersville Heritage Conservation District,LSP3437179,495.32410792,118.865608991527
9110,Designated Heritage Property,153 Wharncliffe Rd N, , , ,V,Blackfriars-Petersville Heritage Conservation District,LSP3437179,450.17304064,117.056858772025
9111,Designated Heritage Property,147 Wharncliffe Rd N, , , ,V,Blackfriars-Petersville Heritage Conservation District,LSP3437179,514.71389656,119.650812512174
9112,Designated Heritage Property,70 Albion St, , , ,V,Blackfriars-Petersville Heritage Conservation District,LSP3437179,721.06759138,127.857763757844
9113,Designated Heritage Property,74 Albion St, , , ,V,Blackfriars-Petersville Heritage Conservation District,LSP3437179,598.71976682,122.947001089339
9114,Designated Heritage Property,78 Albion St, , , ,V,Blackfriars-Petersville Heritage Conservation District,LSP3437179,659.00301414,125.550314680382
9115,Designated Heritage Property,155-157 Wharncliffe Rd N, , , ,V,Blackfriars-Petersville Heritage Conservation District,LSP3437179,1578.16309946,162.905182333721
9116,Designated Heritage Property,163 Wharncliffe Rd N, , , ,V,Blackfriars-Petersville Heritage Conservation District,LSP3437179,523.14786072,120.243516278691
9117,Designated Heritage Property,164 Wharncliffe Rd N, , , ,V,Blackfriars-Petersville Heritage Conservation District,LSP3437179,319.09005564,83.1292373842902
9118,Designated Heritage Property,162 Wharncliffe Rd N, , , ,V,Blackfriars-Petersville Heritage Conservation District,LSP3437179,532.41709396,95.6762464571609
9119,Designated Heritage Property,142 Wharncliffe Rd N, , , ,V,Blackfriars-Petersville Heritage Conservation District,LSP3437179,302.20229,82.1227892497961
9120,Designated Heritage Property,148 Wharncliffe Rd N, , , ,V, ,LSP3437179,409.60170648,103.307467519314
9121,Designated Heritage Property,144 Wharncliffe Rd N, , , ,V,Blackfriars-Petersville Heritage Conservation District,LSP3437179,336.13640496,89.087439566953
9122,Designated Heritage Property,146 Wharncliffe Rd N, , , ,V,Blackfriars-Petersville Heritage Conservation District,LSP3437179,370.04392672,96.0500267656681
9123,Designated Heritage Property,140 Wharncliffe Rd N, , , ,V,Blackfriars-Petersville Heritage Conservation District,LSP3437179,509.23499864,129.141205549098
9124,Designated Heritage Property,138 Wharncliffe Rd N, , , ,V,Blackfriars-Petersville Heritage Conservation District,LSP3437179,493.5885048,122.831800453592
9125,Designated Heritage Property,136 Wharncliffe Rd N, , , ,V,Blackfriars-Petersville Heritage Conservation District,LSP3437179,460.8094496,115.987511359438
9126,Designated Heritage Property,134 Wharncliffe Rd N, , , ,V,Blackfriars-Petersville Heritage Conservation District,LSP3437179,428.0525252,109.143740242916
9127,Designated Heritage Property,132-132/ Wharncliffe Rd N, , , ,V,Blackfriars-Petersville Heritage Conservation District,LSP3437179,358.89044752,100.50796484908
9128,Designated Heritage Property,130 Wharncliffe Rd N, , , ,V,Blackfriars-Petersville Heritage Conservation District,LSP3437179,392.83426968,97.057238186259
9129,Designated Heritage Property,128b Wharncliffe Rd N, , , ,V,Blackfriars-Petersville Heritage Conservation District,LSP3437179,164.22801321,53.0441475573441
9130,Designated Heritage Property,128a Wharncliffe Rd N, , , ,V,Blackfriars-Petersville Heritage Conservation District,LSP3437179,175.46954002,55.8916073650401
9131,Designated Heritage Property,195 Dufferin Ave, , , ,V,Downtown Heritage Conservation District,LSP3419124,1490.5703236,155.427004073538
9132,Designated Heritage Property,76 Albion St, , , ,V,Blackfriars-Petersville Heritage Conservation District,LSP3437179,675.11924728,126.131337694124
9133,Designated Heritage Property,84 Albion St, , , ,V,Blackfriars-Petersville Heritage Conservation District,LSP3437179,662.3704375,125.835390404665
9134,Designated Heritage Property,4 Carrothers Ave,1860, ,Gothic Revival,V,Blackfriars-Petersville Heritage Conservation District,LSP3437179,610.38927592,104.990891301832
9135,Designated Heritage Property,6 Carrothers Ave,1860, ,Gothic Revival,V,Blackfriars-Petersville Heritage Conservation District,LSP3437179,610.38491288,104.990514519178
9136,Designated Heritage Property,509 Clarence St, , , ,V,West Woodfield Heritage Conservation District,LSP3400254,2068.5395812,186.409284700975
9137,Designated Heritage Property,181 Dufferin Ave, , , ,V,Downtown Heritage Conservation District,LSP3419124,454.47617392,90.8809141833531
9138,Listed Heritage Property,13 Granville St, , , , , , ,368.22968376,93.3274048134955
9139,Designated Heritage Property,2 Cummings Ave, , , ,V,Blackfriars-Petersville Heritage Conservation District,LSP3437179,1145.16944536,145.605678467811
9140,Listed Heritage Property,390 Oxford St E, , , , , , ,35787.87116744,788.281120696582
9141,Listed Heritage Property,136 Paul St, , , , , , ,594.78884136,121.988576376717
9142,Listed Heritage Property,142 Paul St, , , , , , ,595.509996,122.107351362847
9143,Designated Heritage Property,493 Richmond St, , , ,V,Downtown Heritage Conservation District,LSP3419321,4435.266736035,313.394523212733
9144,Designated Heritage Property,481-531 Ridout St N, , , ,V,Downtown Heritage Conservation District,LSP3419124,71153.63922762,1476.61330168999
9145,Listed Heritage Property,303 Riverside Dr, , , , , , ,249841.57607512,2251.88875820542
9146,Designated Heritage Property,"142 Dundas St, 143 Carling St",1865,Chisholm Building,Italianate,IV And V,Downtown Heritage Conservation District,LSP3419124,354.40162962,124.232257700226
9147,Designated Heritage Property,481-483 Richmond St,1910c,Star Livery,Vernacular,V,Downtown Heritage Conservation District,LSP3419124,625.49211552,105.63093336101
9148,Listed Heritage Property,108 Forward Ave,1890c, ,Italianate, , , ,2313.80414598,201.535428341483
9149,Listed Heritage Property,1135 Riverside Dr,1880c, ,Italianate, , , ,908.60440888,120.591943731454
9150,Designated Heritage Property,457 Richmond St,1936,Dominion Building,Art Deco,V,Downtown Heritage Conservation District,LSP3419124,3982.834922645,285.395982693809
9151,Designated Heritage Property,200 Dundas St,1895c, , ,V,Downtown Heritage Conservation District,LSP3419124,219.36805617,91.3260315901526
9152,Designated Heritage Property,77 Wilson Ave,1900c, ,Side-hall Plan (shp) Cottage,V,Blackfriars-Petersville Heritage Conservation District,LSP3437179,418.94485528,105.367434569996
9153,Designated Heritage Property,81 Wilson Ave,1868c, ,Ontario Farmhouse,V,Blackfriars-Petersville Heritage Conservation District,LSP3437179,1586.91720248,253.128669467369
9154,Listed Heritage Property,55 Cavendish Cres,1880c, , , , , ,528.18091256,106.835627965033
9155,Designated Heritage Property,12 Cherry St,1880c, ,Late Victorian,IV And V,Blackfriars-Petersville Heritage Conservation District,LSP3437179,292.63321272,80.5181028238737
9156,Designated Heritage Property,120 Dundas St,1850c, ,Georgian,V,Downtown Heritage Conservation District,LSP3419124,409.27498328,126.409715929424
9157,Designated Heritage Property,18 Rogers Ave,1912, ,Ontario Cottage,V,Blackfriars-Petersville Heritage Conservation District,LSP3437179,332.75536184,85.1890849253079
9158,Listed Heritage Property,357 Hyde Park Rd,1912, , , , , ,902.7086904,128.581978619117
9159,Listed Heritage Property,33 Charles St,1907, ,Queen Anne, , , ,437.6469072,112.782798590452
9160,Designated Heritage Property,"160 Dundas St, 413 Richmond St",1865,Crystal Block,Italianate,V,Downtown Heritage Conservation District,LSP3419124,192.299914345,57.9720082881573
9161,Listed Heritage Property,84 Cavendish Cres,1876,Willowbank,Italianate, , , ,1255.79905152,142.500745908349
9162,Designated Heritage Property,122-126 Carling St,1910,British Colonial Pre,Vernacular,V,Downtown Heritage Conservation District,LSP3419124,663.28258864,103.698823342225
9163,Designated Heritage Property,192-194 Dundas St,1920c,Century Theatre, ,IV And V,Downtown Heritage Conservation District,LSP3419124,667.497647695,145.824286875993
9164,Listed Heritage Property,105 Forward Ave,1905, ,Eclectic, , , ,1015.0597204,135.737697692531
9165,Designated Heritage Property,140 Dundas St,1912,Grand Building,Art Deco,V,Downtown Heritage Conservation District,LSP3419124,928.54032128,144.854126466414
9166,Listed Heritage Property,774 Riverside Dr,1870c, ,Ontario Cottage, , , ,650.7967808,108.106672889654
9167,Listed Heritage Property,784 Riverside Dr,1930c, ,Eclectic, , , ,3042.77405936,264.137439742611
9168,Designated Heritage Property,188-190 Dundas St,1880c, ,Italianate,V,Downtown Heritage Conservation District,LSP3419124,625.85931806,141.94216232671
9169,Listed Heritage Property,51 Forward Ave,1890c, ,Queen Anne, , , ,500.30781808,120.385239506817
9170,Designated Heritage Property,4 Cherry St,1907, ,Shingle,V,Blackfriars-Petersville Heritage Conservation District,LSP3437179,463.47944042,91.5421218959845
9171,Listed Heritage Property,1057 Oxford St W,1855,Elson Farm,Georgian, , , ,1165.94429616,144.420834742607
9172,Designated Heritage Property,73 Riverside Dr,1890c, ,Ontario Cottage,V,Blackfriars-Petersville Heritage Conservation District,LSP3437179,432.8937568,104.339468548927
9173,Designated Heritage Property,89 Wilson Ave,1888c, ,Late Victorian,V,Blackfriars-Petersville Heritage Conservation District,LSP3437179,344.82200176,75.8509473286853
9174,Designated Heritage Property,61 Wilson Ave,1900c, ,Vernacular,V,Blackfriars-Petersville Heritage Conservation District,LSP3437179,405.12375464,95.7740659950085
9175,Designated Heritage Property,204 Dundas St,1920c,Capitol Theatre, ,V,Downtown Heritage Conservation District,LSP3419124,347.10454981,105.260516152255
9176,Listed Heritage Property,472 Ridout St N,1884c, ,Queen Anne, , , ,351.39040664,87.2389952156745
9177,Listed Heritage Property,131 Mount Pleasant Ave,1890, ,Queen Anne, , , ,329.72905304,83.1695475097336
9178,Listed Heritage Property,234 Riverside Dr,1876c, ,Italianate, , , ,2220.32789208,222.405584140718
9179,Listed Heritage Property,91 Forward Ave,1920c, , , , , ,546.24671968,128.767469882551
9180,Designated Heritage Property,487-487/ Richmond St,1867c, ,Italianate,V,Downtown Heritage Conservation District,LSP3419124,170.58859688,72.8653710782037
9181,Listed Heritage Property,270 Riverside Dr,1880c, ,Italianate, , , ,1069.58315544,136.814568455269
9182,Listed Heritage Property,126 Mount Pleasant Ave,1880c, ,Side-hall Plan (shp) Cottage, , , ,658.3054576,138.075003924985
9183,Listed Heritage Property,36 Charles St,1907, ,Queen Anne Cottage, , , ,678.40110952,126.053564924281
9184,Designated Heritage Property,"118 Dundas St, 127 Carling St",1850c, ,Georgian,V,Downtown Heritage Conservation District,LSP3419124,356.69156904,130.104463230624
9185,Listed Heritage Property,470 Ridout St N,1884c, ,Vernacular, , , ,357.26781448,87.6830911371313
9186,Designated Heritage Property,37 Wilson Ave,1910c, , ,IV And V,Blackfriars-Petersville Heritage Conservation District,LSP3437179,390.53584734,96.993391186383
9187,Designated Heritage Property,101 Wharncliffe Rd N,1897c,Cedar View,Queen Anne,V,Blackfriars-Petersville Heritage Conservation District,LSP3437179,1026.28354242,134.430843108441
9188,Listed Heritage Property,244 Riverside Dr,1890c, ,Eclectic, , , ,796.708848,134.842453942003
9189,Designated Heritage Property,435-451 Ridout St N, , ,Eclectic,IV And V,Downtown Heritage Conservation District,LSP3419124,13899.603455275,473.256915192486
9190,Designated Heritage Property,93-95 Dufferin Ave,1892c, ,Italianate,IV, ,LSP346918,1032.4642584,158.158194812692
9191,Listed Heritage Property,59 Cavendish Cres,1880c, , , , , ,531.2204604,106.984791455743
9192,Designated Heritage Property,176-178 Dundas St,1950c,Zellers,Art Deco,V,Downtown Heritage Conservation District,LSP3419124,1354.199614995,187.126026540412
9193,Designated Heritage Property,177 Queens Ave,1881,London Club,Queen Anne,V,Downtown Heritage Conservation District,LSP3419124,1066.81626256,130.981294792006
9194,Designated Heritage Property,476 Richmond St,1885c,Mary Bray Building,Romanesque Revival,IV And V,Downtown Heritage Conservation District,LSP3419124,272.85331344,81.1771015589298
9195,Listed Heritage Property,207 Riverside Dr,1890c, ,Late Victorian, , , ,329.16261784,80.8336725245223
9196,Designated Heritage Property,31 Wilson Ave,1900c, ,Vernacular,V,Blackfriars-Petersville Heritage Conservation District,LSP3437179,379.95804544,95.930671259453
9197,Listed Heritage Property,340 Riverside Dr,1880c, ,Vernacular, , , ,1122.85880048,134.669004769114
9198,Designated Heritage Property,172 Dundas St,1890c,Home Dairy Company, ,V,Downtown Heritage Conservation District,LSP3419124,111.549792335,55.6644405898808
9199,Listed Heritage Property,468 Ridout St N,1910c, ,Vernacular, , , ,135.33329952,49.5323207050365
9200,Listed Heritage Property,466 Ridout St N,1910c, ,Vernacular, , , ,138.89435616,49.9197385434792
9201,Listed Heritage Property,111 Forward Ave,1905, ,Late Victorian, , , ,556.2054028,117.378566088357
9202,Designated Heritage Property,"150 Dundas St, 153 Carling St",1948c,Kresge Building, ,V,Downtown Heritage Conservation District,LSP3419124,1367.14033005,160.490835787147
9203,Designated Heritage Property,122 Dundas St,1850c, ,Georgian,V,Downtown Heritage Conservation District,LSP3419124,219.82047296,119.610281608783
9204,Listed Heritage Property,31 Charles St,1906, ,Queen Anne, , , ,914.5888168,133.242193935823
9205,Designated Heritage Property,124 Dundas St,1890c, ,High Victorian,V,Downtown Heritage Conservation District,LSP3419124,329.6814516,123.527427497772
9206,Listed Heritage Property,400 Old Riverside Dr,1920, ,Colonial Revival, , , ,5524.60769368,424.432175421866
9207,Designated Heritage Property,26 Woodward Ave,1906, ,Shingle,IV, ,LSP3191178,737.66907704,128.591090235091
9208,Designated Heritage Property,144 Dundas St,1890c, ,Italianate,V,Downtown Heritage Conservation District,LSP3419124,303.275038685,122.37939548646
9209,Listed Heritage Property,35 Charles St,1880, ,Queen Anne, , , ,672.36815904,122.549442782562
9210,Designated Heritage Property,116 Dundas St,1850c, ,Georgian,V,Downtown Heritage Conservation District,LSP3419124,128.87602336,65.5430950964603
9211,Designated Heritage Property,39 Wilson Ave,1910, , ,V,Blackfriars-Petersville Heritage Conservation District,LSP3437179,390.78269384,97.0406458940819
9212,Designated Heritage Property,"158 Dundas St, 157 Carling St",1890c, ,Red Brick Commercial,V,Downtown Heritage Conservation District,LSP3419124,398.8697067,125.675640977341
9213,Listed Heritage Property,125 Mount Pleasant Ave,1860c, ,Ontario Farmhouse, , , ,683.79151416,124.144933960605
9214,Designated Heritage Property,108 Wharncliffe Rd N,1900c, ,Vernacular,V,Blackfriars-Petersville Heritage Conservation District,LSP3437179,509.02078868,109.047043014429
9215,Designated Heritage Property,198 Dundas St,1895c, , ,V,Downtown Heritage Conservation District,LSP3419124,219.01842009,91.2762774188065
9216,Designated Heritage Property,206-206/ Dundas St,1928,Bowles Building, ,V,Downtown Heritage Conservation District,LSP3419124,295.68811474,87.415096497408
9217,Designated Heritage Property,434 Richmond St,1866, ,Italianate,V,Downtown Heritage Conservation District,LSP3419124,173.70232136,71.6064953512222
9218,Listed Heritage Property,351 Riverside Dr,1870c, ,Ontario Farmhouse, , , ,1229.84829984,158.104781796075
9219,Designated Heritage Property,134 Dundas St,1915c, , ,V,Downtown Heritage Conservation District,LSP3419124,327.96046184,123.356076497833
9220,Designated Heritage Property,430-430C Richmond St,1868, ,Italianate,V,Downtown Heritage Conservation District,LSP3419124,173.45763248,71.5202934184612
9221,Designated Heritage Property,202 Dundas St,1895c, , ,V,Downtown Heritage Conservation District,LSP3419124,206.644770915,90.7256818771126
9222,Designated Heritage Property,173 Mount Pleasant Ave,1910,Van Enckevort Prop.,Queen Anne Cottage,IV, ,LSP3153241,347.81912048,113.556044012925
9223,Designated Heritage Property,485 Richmond St,1867c, , ,V,Downtown Heritage Conservation District,LSP3419124,96.72128064,67.7981923363542
9224,Designated Heritage Property,72 Rogers Ave,1909c, ,Shingle,V,Blackfriars-Petersville Heritage Conservation District,LSP3437179,670.18247408,103.742511064393
9225,Listed Heritage Property,430 Riverside Dr,1910, ,Tudor Revival, , , ,3536.24886384,394.279345139964
9226,Listed Heritage Property,36 Wyatt St,1890c, ,Side-hall Plan (shp) Cottage, , , ,402.26798408,100.127770383988
9227,Designated Heritage Property,184 Dundas St,1870c,Strong's Drug Store, ,V,Downtown Heritage Conservation District,LSP3419124,354.693978655,123.971459102913
9228,Designated Heritage Property,"126-130 Dundas St, 129 Carling St",1931c,Kingsmills,Red Brick Commercial,V,Downtown Heritage Conservation District,LSP3419124,1606.61976544,169.215275338527
9229,Designated Heritage Property,20 Woodward Ave,1887c, ,Gothic Revival,IV, ,LSP3122251,885.3055484,134.701567723786
9230,Designated Heritage Property,63 Wilson Ave,1910c, , ,V,Blackfriars-Petersville Heritage Conservation District,LSP3437179,372.59363564,94.0449232417215
9231,Designated Heritage Property,57 Wilson Ave,1900c, ,Vernacular,V,Blackfriars-Petersville Heritage Conservation District,LSP3437179,838.73666896,162.567316133066
9232,Designated Heritage Property,43 Wilson Ave,1900c, ,Vernacular,V,Blackfriars-Petersville Heritage Conservation District,LSP3437179,429.67868072,123.208464537374
9233,Designated Heritage Property,75 Wilson Ave,1900c, ,Side-hall Plan (shp) Cottage,V,Blackfriars-Petersville Heritage Conservation District,LSP3437179,389.93833264,94.530560100983
9234,Listed Heritage Property,479-485 Talbot St,1870c,Camden Terrace,Italianate, , , ,842.81796416,117.450128322123
9235,Designated Heritage Property,415-417 Richmond St,1865c,Crystal Block,Neo-classical,V,Downtown Heritage Conservation District,LSP3419124,115.8393964,43.0831151472154
9236,Designated Heritage Property,426-428 Richmond St,1920c, ,Beaux Arts Influence,V,Downtown Heritage Conservation District,LSP3419124,372.43603664,90.9304054791336
9237,Designated Heritage Property,33-35 Kensington Ave,1906, ,Vernacular,V,Blackfriars-Petersville Heritage Conservation District,LSP3437179,517.48105964,98.1628009051803
9238,Designated Heritage Property,37-39 Kensington Ave,1906, ,Vernacular,V,Blackfriars-Petersville Heritage Conservation District,LSP3437179,520.43469984,101.972014445981
9239,Designated Heritage Property,25 Wilson Ave,1870c,Labatt Park, ,IV And V,Blackfriars-Petersville Heritage Conservation District,LSP3437179,34655.00150896,824.97010292478
9240,Designated Heritage Property,119 Carling St,1912,Sub-station No. 4,Art Deco,IV And V,Downtown Heritage Conservation District,LSP3419124,113.8990392,49.5704511502237
9241,Designated Heritage Property,180-182 Dundas St,1870c, Nash's,Georgian,V,Downtown Heritage Conservation District,LSP3419124,299.847686015,77.312282814731
9242,Designated Heritage Property,471-479 Richmond St,1901,Grand Theatre, ,IV And V,Downtown Heritage Conservation District,LSP3419124,1898.84401384,192.388453250014
9243,Listed Heritage Property,487 Talbot St,1870c,Camden Terrace,Italianate, , , ,206.7540272,79.5775233356078
9244,Listed Heritage Property,489 Talbot St,1870c,Camden Terrace,Italianate, , , ,203.92749256,79.1778174765231
9245,Designated Heritage Property,14 Cherry St, , , ,V,Blackfriars-Petersville Heritage Conservation District,LSP3437179,184.60621464,54.819300195655
9246,Designated Heritage Property,8 Cherry St, , , ,V,Blackfriars-Petersville Heritage Conservation District,LSP3437179,499.22789284,106.052871665306
9247,Designated Heritage Property,10 Cherry St, , , ,V,Blackfriars-Petersville Heritage Conservation District,LSP3437179,376.24405896,100.173902612778
9248,Designated Heritage Property,6 Cherry St, , , ,V,Blackfriars-Petersville Heritage Conservation District,LSP3437179,886.1449346,168.178391658386
9249,Designated Heritage Property,1 Rogers Ave, , , ,V,Blackfriars-Petersville Heritage Conservation District,LSP3437179,369.19303634,90.549223188221
9250,Designated Heritage Property,13 Rogers Ave, , , ,V,Blackfriars-Petersville Heritage Conservation District,LSP3437179,405.3539869,101.043983697854
9251,Designated Heritage Property,11 Rogers Ave, , , ,V,Blackfriars-Petersville Heritage Conservation District,LSP3437179,405.03929292,100.983541456818
9252,Designated Heritage Property,17 Rogers Ave, , , ,V,Blackfriars-Petersville Heritage Conservation District,LSP3437179,405.9371832,101.162828794226
9253,Designated Heritage Property,7 Rogers Ave, , , ,V,Blackfriars-Petersville Heritage Conservation District,LSP3437179,404.458636,100.865097782433
9254,Designated Heritage Property,9 Rogers Ave, , , ,V,Blackfriars-Petersville Heritage Conservation District,LSP3437179,404.75713864,100.924741340408
9255,Designated Heritage Property,15 Rogers Ave, , , ,V,Blackfriars-Petersville Heritage Conservation District,LSP3437179,405.65595876,101.103993790795
9256,Designated Heritage Property,5 Rogers Ave, , , ,V,Blackfriars-Petersville Heritage Conservation District,LSP3437179,417.72044512,104.64315397776
9257,Designated Heritage Property,19 Rogers Ave, , , ,V,Blackfriars-Petersville Heritage Conservation District,LSP3437179,352.9864074,101.21578166665
9258,Designated Heritage Property,69-69/ Wilson Ave, , , ,V,Blackfriars-Petersville Heritage Conservation District,LSP3437179,334.22607962,91.4716003197656
9259,Designated Heritage Property,71 Wilson Ave, , , ,V,Blackfriars-Petersville Heritage Conservation District,LSP3437179,389.93763126,94.5305601010692
9260,Designated Heritage Property,79 Wilson Ave, , , ,V,Blackfriars-Petersville Heritage Conservation District,LSP3437179,1678.06777656,261.297376084036
9261,Designated Heritage Property,83 Wilson Ave, , , ,V,Blackfriars-Petersville Heritage Conservation District,LSP3437179,447.44938328,109.20662531293
9262,Designated Heritage Property,85 Wilson Ave, , , ,V,Blackfriars-Petersville Heritage Conservation District,LSP3437179,530.69395664,100.163519260685
9263,Designated Heritage Property,16 Rogers Ave, , , ,V,Blackfriars-Petersville Heritage Conservation District,LSP3437179,332.90198792,85.2178960312615
9264,Designated Heritage Property,14 Rogers Ave, , , ,V,Blackfriars-Petersville Heritage Conservation District,LSP3437179,333.06358744,85.2475058537006
9265,Designated Heritage Property,12 Rogers Ave, , , ,V,Blackfriars-Petersville Heritage Conservation District,LSP3437179,332.93925896,85.2139728325861
9266,Designated Heritage Property,4 Rogers Ave, , , ,V,Blackfriars-Petersville Heritage Conservation District,LSP3437179,330.87676192,84.8206130167858
9267,Designated Heritage Property,10 Rogers Ave, , , ,V,Blackfriars-Petersville Heritage Conservation District,LSP3437179,332.42611942,85.1207634078439
9268,Designated Heritage Property,6 Rogers Ave, , , ,V,Blackfriars-Petersville Heritage Conservation District,LSP3437179,331.39295456,84.9206631437089
9269,Designated Heritage Property,2 Rogers Ave, , , ,V,Blackfriars-Petersville Heritage Conservation District,LSP3437179,548.07622114,101.210247535432
9270,Designated Heritage Property,2/ Rogers Ave, , , ,V,Blackfriars-Petersville Heritage Conservation District,LSP3437179,330.3756096,84.7217392204065
9271,Designated Heritage Property,8 Rogers Ave, , , ,V,Blackfriars-Petersville Heritage Conservation District,LSP3437179,331.90834428,85.0207132744676
9272,Designated Heritage Property,59 Wilson Ave, , , ,V,Blackfriars-Petersville Heritage Conservation District,LSP3437179,404.73647376,95.7055603808323
9273,Designated Heritage Property,49 Wilson Ave, , , ,V,Blackfriars-Petersville Heritage Conservation District,LSP3437179,636.77821924,156.678824724815
9274,Designated Heritage Property,51 Wilson Ave, , , ,V,Blackfriars-Petersville Heritage Conservation District,LSP3437179,629.14988112,156.493687358494
9275,Designated Heritage Property,47 Wilson Ave, , , ,V,Blackfriars-Petersville Heritage Conservation District,LSP3437179,1047.60725344,168.500937008671
9276,Designated Heritage Property,45-45A Wilson Ave, , , ,V,Blackfriars-Petersville Heritage Conservation District,LSP3437179,1149.17630288,165.023735281182
9277,Designated Heritage Property,41 Wilson Ave, , , ,V,Blackfriars-Petersville Heritage Conservation District,LSP3437179,386.70594752,101.089225913412
9278,Designated Heritage Property,43a Wilson Ave, , , ,V,Blackfriars-Petersville Heritage Conservation District,LSP3437179,400.70143784,110.748073512773
9279,Designated Heritage Property,33 Wilson Ave, , , ,V,Blackfriars-Petersville Heritage Conservation District,LSP3437179,380.30549496,96.2325518790387
9280,Designated Heritage Property,35 Wilson Ave, , , ,V,Blackfriars-Petersville Heritage Conservation District,LSP3437179,383.4860197,96.5895970056044
9281,Designated Heritage Property,29 Wilson Ave, , , ,V,Blackfriars-Petersville Heritage Conservation District,LSP3437179,386.04509616,94.0369103109113
9282,Designated Heritage Property,"15 Wharncliffe Rd N, 70-84 Riverside Dr", , , ,V, ,LSP3437179,22727.9151,706.184415728162
9283,Designated Heritage Property,24 Wilson Ave, , , ,V,Blackfriars-Petersville Heritage Conservation District,LSP3437179,391.13387072,97.2984661121624
9284,Designated Heritage Property,22 Wilson Ave, , , ,V,Blackfriars-Petersville Heritage Conservation District,LSP3437179,385.46252128,97.0263757757268
9285,Designated Heritage Property,26 Wilson Ave, , , ,V,Blackfriars-Petersville Heritage Conservation District,LSP3437179,379.30103616,96.6561618439735
9286,Designated Heritage Property,30 Wilson Ave, , , ,V,Blackfriars-Petersville Heritage Conservation District,LSP3437179,425.68485344,99.0297992126952
9287,Designated Heritage Property,28 Wilson Ave, , , ,V,Blackfriars-Petersville Heritage Conservation District,LSP3437179,384.97600784,96.9294140462512
9288,Designated Heritage Property,18 Wilson Ave, , , ,V,Blackfriars-Petersville Heritage Conservation District,LSP3437179,385.63371296,97.0588378896384
9289,Designated Heritage Property,16 Wilson Ave, , , ,V,Blackfriars-Petersville Heritage Conservation District,LSP3437179,294.28125648,75.7740212104891
9290,Designated Heritage Property,12 Wilson Ave, , , ,V,Blackfriars-Petersville Heritage Conservation District,LSP3437179,347.24756618,79.7426707222925
9291,Designated Heritage Property,53 Riverside Dr, , , ,V,Blackfriars-Petersville Heritage Conservation District,LSP3437179,276.11599002,71.0451274293143
9292,Designated Heritage Property,63 Riverside Dr, , , ,V,Blackfriars-Petersville Heritage Conservation District,LSP3437179,476.08312986,102.50617718988
9293,Designated Heritage Property,61 Riverside Dr, , , ,V,Blackfriars-Petersville Heritage Conservation District,LSP3437179,475.90479098,102.474936498254
9294,Designated Heritage Property,65 Riverside Dr, , , ,V,Blackfriars-Petersville Heritage Conservation District,LSP3437179,495.10558146,103.501915618651
9295,Designated Heritage Property,59 Riverside Dr, , , ,V,Blackfriars-Petersville Heritage Conservation District,LSP3437179,430.87659262,100.298581060793
9296,Designated Heritage Property,69 Riverside Dr, , , ,V,Blackfriars-Petersville Heritage Conservation District,LSP3437179,487.2893467,103.491991212071
9297,Designated Heritage Property,67 Riverside Dr, , , ,V,Blackfriars-Petersville Heritage Conservation District,LSP3437179,424.0392838,100.066790404291
9298,Designated Heritage Property,71 Riverside Dr, , , ,V,Blackfriars-Petersville Heritage Conservation District,LSP3437179,389.49184292,101.622671773624
9299,Designated Heritage Property,77 Riverside Dr, , , ,V,Blackfriars-Petersville Heritage Conservation District,LSP3437179,374.11276364,101.54184661352
9300,Designated Heritage Property,75 Riverside Dr, , , ,V,Blackfriars-Petersville Heritage Conservation District,LSP3437179,360.7989571,100.877983803158
9301,Designated Heritage Property,10 Kensington Ave, , , ,V,Blackfriars-Petersville Heritage Conservation District,LSP3437179,560.53024152,116.757506332751
9302,Designated Heritage Property,14 Kensington Ave, , , ,V,Blackfriars-Petersville Heritage Conservation District,LSP3437179,854.15713008,129.467120016098
9303,Designated Heritage Property,12 Kensington Ave, , , ,V,Blackfriars-Petersville Heritage Conservation District,LSP3437179,560.3947016,116.724041569028
9304,Designated Heritage Property,30 Kensington Ave, , , ,V,Blackfriars-Petersville Heritage Conservation District,LSP3437179,748.90586776,121.679759927863
9305,Designated Heritage Property,28 Kensington Ave, , , ,V,Blackfriars-Petersville Heritage Conservation District,LSP3437179,377.24325024,104.650655883975
9306,Designated Heritage Property,26 Kensington Ave, , , ,V,Blackfriars-Petersville Heritage Conservation District,LSP3437179,389.09599736,105.215785514724
9307,Designated Heritage Property,24 Kensington Ave, , , ,V,Blackfriars-Petersville Heritage Conservation District,LSP3437179,633.2477608,119.358608376642
9308,Designated Heritage Property,22 Kensington Ave, , , ,V,Blackfriars-Petersville Heritage Conservation District,LSP3437179,783.68360184,126.366159663313
9309,Designated Heritage Property,34 Kensington Ave, , , ,V,Blackfriars-Petersville Heritage Conservation District,LSP3437179,791.64933448,123.578331230534
9310,Designated Heritage Property,27 Kensington Ave, , , ,V,Blackfriars-Petersville Heritage Conservation District,LSP3437179,341.11515962,88.0510215820226
9311,Designated Heritage Property,15 Kensington Ave, , , ,V,Blackfriars-Petersville Heritage Conservation District,LSP3437179,464.46744374,95.4608378140821
9312,Designated Heritage Property,11 Kensington Ave, , , ,V,Blackfriars-Petersville Heritage Conservation District,LSP3437179,355.1554999,89.0448879099862
9313,Designated Heritage Property,29 Kensington Ave, , , ,V,Blackfriars-Petersville Heritage Conservation District,LSP3437179,340.70514242,88.018892366942
9314,Designated Heritage Property,17 Kensington Ave, , , ,V,Blackfriars-Petersville Heritage Conservation District,LSP3437179,315.74612448,87.3468899106125
9315,Designated Heritage Property,13 Kensington Ave, , , ,V,Blackfriars-Petersville Heritage Conservation District,LSP3437179,355.02192992,89.0196980955289
9316,Designated Heritage Property,31 Kensington Ave, , , ,V,Blackfriars-Petersville Heritage Conservation District,LSP3437179,287.45374026,84.7024326714164
9317,Designated Heritage Property,9 Kensington Ave, , , ,V,Blackfriars-Petersville Heritage Conservation District,LSP3437179,441.48729554,94.1421391256613
9318,Designated Heritage Property,23 Kensington Ave, , , ,V,Blackfriars-Petersville Heritage Conservation District,LSP3437179,344.5390526,88.3247868144397
9319,Designated Heritage Property,21 Kensington Ave, , , ,V,Blackfriars-Petersville Heritage Conservation District,LSP3437179,250.63745146,82.7786250345469
9320,Designated Heritage Property,7 Kensington Ave, , , ,V,Blackfriars-Petersville Heritage Conservation District,LSP3437179,353.58228504,88.9651427895766
9321,Designated Heritage Property,25 Kensington Ave, , , ,V,Blackfriars-Petersville Heritage Conservation District,LSP3437179,339.92683352,88.0146151988174
9322,Designated Heritage Property,3 Kensington Ave, , , ,V,Blackfriars-Petersville Heritage Conservation District,LSP3437179,262.40180274,68.5289314003152
9323,Designated Heritage Property,1 Kensington Ave, , , ,V,Blackfriars-Petersville Heritage Conservation District,LSP3437179,343.09681412,76.8489783445415
9324,Designated Heritage Property,38 Wilson Ave, , , ,V,Blackfriars-Petersville Heritage Conservation District,LSP3437179,273.46502048,74.6729314983347
9325,Designated Heritage Property,48 Wilson Ave, , , ,V,Blackfriars-Petersville Heritage Conservation District,LSP3437179,633.09336504,107.595401737147
9326,Designated Heritage Property,44 Wilson Ave, , , ,V,Blackfriars-Petersville Heritage Conservation District,LSP3437179,620.20042112,106.89234931066
9327,Designated Heritage Property,12 Mount Pleasant Ave, , , ,V,Blackfriars-Petersville Heritage Conservation District,LSP3437179,654.78328328,107.246905107108
9328,Designated Heritage Property,14 Mount Pleasant Ave, , , ,V,Blackfriars-Petersville Heritage Conservation District,LSP3437179,612.4791648,104.788295209323
9329,Designated Heritage Property,24 Mount Pleasant Ave, , , ,V,Blackfriars-Petersville Heritage Conservation District,LSP3437179,365.96055856,90.3943584959523
9330,Designated Heritage Property,28 Mount Pleasant Ave, , , ,V,Blackfriars-Petersville Heritage Conservation District,LSP3437179,332.283356,88.3784030857997
9331,Designated Heritage Property,26 Mount Pleasant Ave, , , ,V,Blackfriars-Petersville Heritage Conservation District,LSP3437179,362.85957192,90.1341817233932
9332,Designated Heritage Property,20 Mount Pleasant Ave, , , ,V,Blackfriars-Petersville Heritage Conservation District,LSP3437179,405.03438608,92.7426178784659
9333,Designated Heritage Property,18 Mount Pleasant Ave, , , ,V,Blackfriars-Petersville Heritage Conservation District,LSP3437179,548.26047536,101.063526268557
9334,Designated Heritage Property,30 Mount Pleasant Ave, , , ,V,Blackfriars-Petersville Heritage Conservation District,LSP3437179,558.01291192,101.982046947057
9335,Designated Heritage Property,32 Mount Pleasant Ave, , , ,V,Blackfriars-Petersville Heritage Conservation District,LSP3437179,459.9741668,95.3575637422538
9336,Designated Heritage Property,78 Rogers Ave, , , ,V,Blackfriars-Petersville Heritage Conservation District,LSP3437179,293.50527968,76.352557615856
9337,Designated Heritage Property,80 Rogers Ave, , , ,V,Blackfriars-Petersville Heritage Conservation District,LSP3437179,293.60525812,76.3731800929461
9338,Designated Heritage Property,76 Rogers Ave, , , ,V,Blackfriars-Petersville Heritage Conservation District,LSP3437179,285.00057568,75.720377804155
9339,Designated Heritage Property,82 Rogers Ave, , , ,V,Blackfriars-Petersville Heritage Conservation District,LSP3437179,251.77146038,73.3459532745342
9340,Designated Heritage Property,84 Rogers Ave, , , ,V, ,LSP3437179,258.39626832,73.8662548146114
9341,Designated Heritage Property,64 Rogers Ave, , , ,V,Blackfriars-Petersville Heritage Conservation District,LSP3437179,422.66077944,85.8176987794054
9342,Designated Heritage Property,66 Rogers Ave, , , ,V,Blackfriars-Petersville Heritage Conservation District,LSP3437179,376.87325112,82.3791641071326
9343,Designated Heritage Property,68 Rogers Ave, , , ,V,Blackfriars-Petersville Heritage Conservation District,LSP3437179,376.86953696,82.3799588870655
9344,Designated Heritage Property,70 Rogers Ave, , , ,V,Blackfriars-Petersville Heritage Conservation District,LSP3437179,376.89319888,82.3823543209555
9345,Designated Heritage Property,60 Wilson Ave, , , ,V,Blackfriars-Petersville Heritage Conservation District,LSP3437179,302.37626536,84.6737701532054
9346,Designated Heritage Property,62 Wilson Ave, , , ,V,Blackfriars-Petersville Heritage Conservation District,LSP3437179,307.16043688,84.9765777439039
9347,Designated Heritage Property,58 Wilson Ave, , , ,V,Blackfriars-Petersville Heritage Conservation District,LSP3437179,302.14675584,84.6482048948484
9348,Designated Heritage Property,56 Wilson Ave, , , ,V,Blackfriars-Petersville Heritage Conservation District,LSP3437179,617.93129424,106.648331503893
9349,Designated Heritage Property,52 Wilson Ave, , , ,V,Blackfriars-Petersville Heritage Conservation District,LSP3437179,402.72092638,81.6793100201779
9350,Designated Heritage Property,7 Mount Pleasant Ave, , , ,V,Blackfriars-Petersville Heritage Conservation District,LSP3437179,204.40648622,58.0539799407133
9351,Designated Heritage Property,11 Mount Pleasant Ave, , , ,V,Blackfriars-Petersville Heritage Conservation District,LSP3437179,309.22118812,86.2274053846711
9352,Designated Heritage Property,9 Mount Pleasant Ave, , , ,V,Blackfriars-Petersville Heritage Conservation District,LSP3437179,309.28705818,86.2406112449401
9353,Designated Heritage Property,17 Mount Pleasant Ave, , , ,V,Blackfriars-Petersville Heritage Conservation District,LSP3437179,463.53637224,95.3209545136843
9354,Designated Heritage Property,15 Mount Pleasant Ave, , , ,V,Blackfriars-Petersville Heritage Conservation District,LSP3437179,618.27185462,104.48137738235
9355,Designated Heritage Property,23 Mount Pleasant Ave, , , ,V,Blackfriars-Petersville Heritage Conservation District,LSP3437179,380.86225196,90.3992546602537
9356,Designated Heritage Property,29 Mount Pleasant Ave, , , ,V,Blackfriars-Petersville Heritage Conservation District,LSP3437179,385.359159825,90.588589930207
9357,Designated Heritage Property,25 Mount Pleasant Ave, , , ,V,Blackfriars-Petersville Heritage Conservation District,LSP3437179,385.78463392,90.6649000655531
9358,Designated Heritage Property,31 Mount Pleasant Ave, , , ,V,Blackfriars-Petersville Heritage Conservation District,LSP3437179,364.606491095,89.3330265306367
9359,Designated Heritage Property,21 Mount Pleasant Ave, , , ,V,Blackfriars-Petersville Heritage Conservation District,LSP3437179,463.41568562,95.3021603726639
9360,Designated Heritage Property,27 Mount Pleasant Ave, , , ,V,Blackfriars-Petersville Heritage Conservation District,LSP3437179,385.57839832,90.6272675036082
9361,Designated Heritage Property,83 Rogers Ave, , , ,V,Blackfriars-Petersville Heritage Conservation District,LSP3437179,719.10765228,120.88845124026
9362,Designated Heritage Property,81 Rogers Ave, , , ,V,Blackfriars-Petersville Heritage Conservation District,LSP3437179,576.00430352,112.241880931291
9363,Designated Heritage Property,77 Rogers Ave, , , ,V,Blackfriars-Petersville Heritage Conservation District,LSP3437179,229.92178836,67.1231346863379
9364,Designated Heritage Property,75 Rogers Ave, , , ,V,Blackfriars-Petersville Heritage Conservation District,LSP3437179,350.82442758,77.3012261478974
9365,Designated Heritage Property,31 Rogers Ave, , , ,V,Blackfriars-Petersville Heritage Conservation District,LSP3437179,499.43382002,91.4053407248267
9366,Designated Heritage Property,35 Rogers Ave, , , ,V,Blackfriars-Petersville Heritage Conservation District,LSP3437179,497.3293444,91.2515609483917
9367,Designated Heritage Property,39 Rogers Ave, , , ,V,Blackfriars-Petersville Heritage Conservation District,LSP3437179,585.87835074,109.671699849953
9368,Designated Heritage Property,47 Rogers Ave, , , ,V,Blackfriars-Petersville Heritage Conservation District,LSP3437179,499.29925684,91.3917866119357
9369,Designated Heritage Property,43 Rogers Ave, , , ,V,Blackfriars-Petersville Heritage Conservation District,LSP3437179,497.22266696,91.2399546209514
9370,Designated Heritage Property,3 Albion St, , , ,V,Blackfriars-Petersville Heritage Conservation District,LSP3437179,442.896244,97.3407947690782
9371,Designated Heritage Property,15 Albion St, , , ,V,Blackfriars-Petersville Heritage Conservation District,LSP3437179,600.0197828,115.099776098327
9372,Designated Heritage Property,7 Albion St, , , ,V,Blackfriars-Petersville Heritage Conservation District,LSP3437179,580.52172392,114.412877430383
9373,Designated Heritage Property,11 Albion St, , , ,V,Blackfriars-Petersville Heritage Conservation District,LSP3437179,598.1948856,115.018396361267
9374,Designated Heritage Property,80 Wilson Ave, , , ,V,Blackfriars-Petersville Heritage Conservation District,LSP3437179,598.2495624,115.019129687485
9375,Designated Heritage Property,72 Wilson Ave, , , ,V,Blackfriars-Petersville Heritage Conservation District,LSP3437179,443.03112336,97.3523917941669
9376,Designated Heritage Property,84 Wilson Ave, , , ,V,Blackfriars-Petersville Heritage Conservation District,LSP3437179,601.07491656,115.14774444817
9377,Designated Heritage Property,76 Wilson Ave, , , ,V,Blackfriars-Petersville Heritage Conservation District,LSP3437179,580.4348056,114.403649705021
9378,Designated Heritage Property,36 Albion St, , , ,V,Blackfriars-Petersville Heritage Conservation District,LSP3437179,366.09860928,92.1238189546088
9379,Designated Heritage Property,38 Albion St, , , ,V,Blackfriars-Petersville Heritage Conservation District,LSP3437179,372.97831384,92.7360698578771
9380,Designated Heritage Property,32 Albion St, , , ,V,Blackfriars-Petersville Heritage Conservation District,LSP3437179,453.96161224,85.6530333547199
9381,Designated Heritage Property,40 Albion St, , , ,V,Blackfriars-Petersville Heritage Conservation District,LSP3437179,364.90397048,92.4472291756022
9382,Designated Heritage Property,42 Albion St, , , ,V,Blackfriars-Petersville Heritage Conservation District,LSP3437179,361.221716,92.7519104758483
9383,Designated Heritage Property,1 Moir St, , , ,V,Blackfriars-Petersville Heritage Conservation District,LSP3437179,336.27622312,87.2190044593483
9384,Designated Heritage Property,5 Moir St, , , ,V,Blackfriars-Petersville Heritage Conservation District,LSP3437179,337.32202896,87.4266905543467
9385,Designated Heritage Property,3 Moir St, , , ,V,Blackfriars-Petersville Heritage Conservation District,LSP3437179,336.79590576,87.3226314217445
9386,Designated Heritage Property,13 Moir St, , , ,V,Blackfriars-Petersville Heritage Conservation District,LSP3437179,343.49695592,88.6474628248882
9387,Designated Heritage Property,11 Moir St, , , ,V,Blackfriars-Petersville Heritage Conservation District,LSP3437179,341.546624,88.2584774062703
9388,Designated Heritage Property,9 Moir St, , , ,V,Blackfriars-Petersville Heritage Conservation District,LSP3437179,349.84332496,88.4723455606129
9389,Designated Heritage Property,7 Moir St, , , ,V,Blackfriars-Petersville Heritage Conservation District,LSP3437179,327.66794592,86.9621409711669
9390,Designated Heritage Property,"119 Wharncliffe Rd N, 15 Moir St", , , ,V,Blackfriars-Petersville Heritage Conservation District,LSP3437179,324.26119104,78.8926123664939
9391,Designated Heritage Property,115 Wharncliffe Rd N, , , ,V,Blackfriars-Petersville Heritage Conservation District,LSP3437179,313.8894432,77.9985134732198
9392,Designated Heritage Property,117 Wharncliffe Rd N, , , ,V,Blackfriars-Petersville Heritage Conservation District,LSP3437179,316.05221552,78.2135131866795
9393,Designated Heritage Property,113 Wharncliffe Rd N, , , ,V,Blackfriars-Petersville Heritage Conservation District,LSP3437179,596.75454792,142.598400462706
9394,Designated Heritage Property,111 Wharncliffe Rd N, , , ,V,Blackfriars-Petersville Heritage Conservation District,LSP3437179,620.84596016,143.966433142149
9395,Designated Heritage Property,109 Wharncliffe Rd N, , , ,V,Blackfriars-Petersville Heritage Conservation District,LSP3437179,373.27696696,93.0569513298239
9396,Designated Heritage Property,107 Wharncliffe Rd N, , , ,V,Blackfriars-Petersville Heritage Conservation District,LSP3437179,644.48620528,144.979166122143
9397,Designated Heritage Property,105 Wharncliffe Rd N, , , ,V,Blackfriars-Petersville Heritage Conservation District,LSP3437179,873.37396272,128.605532141813
9398,Designated Heritage Property,88 Wharncliffe Rd N, , , ,V,Blackfriars-Petersville Heritage Conservation District,LSP3437179,523.67591178,112.012428041676
9399,Designated Heritage Property,102 Wharncliffe Rd N, , , ,V, ,LSP3437179,656.15476866,130.087641552279
9400,Designated Heritage Property,86 Wharncliffe Rd N, , , ,V,Blackfriars-Petersville Heritage Conservation District,LSP3437179,444.6591805,102.492949965619
9401,Designated Heritage Property,100 Wharncliffe Rd N, , , ,V,Blackfriars-Petersville Heritage Conservation District,LSP3437179,573.45545058,120.311631034868
9402,Designated Heritage Property,106 Wharncliffe Rd N, , , ,V,Blackfriars-Petersville Heritage Conservation District,LSP3437179,458.30702364,100.660817182756
9403,Designated Heritage Property,104 Wharncliffe Rd N, , , ,V,Blackfriars-Petersville Heritage Conservation District,LSP3437179,409.5497564,92.3866315520794
9404,Designated Heritage Property,112 Wharncliffe Rd N, , , ,V,Blackfriars-Petersville Heritage Conservation District,LSP3437179,309.2969511,108.369259958771
9405,Designated Heritage Property,110 Wharncliffe Rd N, , , ,V,Blackfriars-Petersville Heritage Conservation District,LSP3437179,273.53900686,102.894223051301
9406,Designated Heritage Property,86 Wilson Ave, , , ,V,Blackfriars-Petersville Heritage Conservation District,LSP3437179,713.68126486,120.536903758979
9407,Designated Heritage Property,421 Ridout St N, , , ,V,Downtown Heritage Conservation District,LSP3419124,6006.706066485,333.970133480161
9408,Designated Heritage Property,80 Dundas St, , , ,V,Downtown Heritage Conservation District,LSP3419124,8883.669840585,405.793426240692
9409,Designated Heritage Property,100 Dundas St, , , ,V,Downtown Heritage Conservation District,LSP3419124,6182.30147711,415.796291525381
9410,Designated Heritage Property,451 Talbot St, , , ,V,Downtown Heritage Conservation District,LSP3419124,4093.56295711,253.85822731423
9411,Designated Heritage Property,120 Queens Ave, , , ,V,Downtown Heritage Conservation District,LSP3419124,1370.68097894,148.241105426168
9412,Designated Heritage Property,"120 Carling St, 450 Talbot St", , , ,V,Downtown Heritage Conservation District,LSP3419124,1346.48200336,166.20030379384
9413,Designated Heritage Property,123 Queens Ave, , , ,V,Downtown Heritage Conservation District,LSP3419124,505.85315512,147.439087862847
9414,Designated Heritage Property,431 Richmond St, , , ,V,Downtown Heritage Conservation District,LSP3419124,1236.48822096,144.814299412129
9415,Designated Heritage Property,441 Richmond St, , , ,V,Downtown Heritage Conservation District,LSP3419124,1505.54527272,156.755588325204
9416,Designated Heritage Property,420 Talbot St, , , ,V,Downtown Heritage Conservation District,LSP3419124,697.01327024,107.454251368867
9417,Designated Heritage Property,110-114 Dundas St, , , ,V,Downtown Heritage Conservation District,LSP3419124,509.77074688,90.9626546884159
9418,Designated Heritage Property,"146 Dundas St, 149 Carling St", , , ,V,Downtown Heritage Conservation District,LSP3419124,684.750592345,136.04013489742
9419,Designated Heritage Property,421-425 Richmond St, , , ,V,Downtown Heritage Conservation District,LSP3419124,216.55072224,62.3090031282189
9420,Designated Heritage Property,419 Richmond St, , , ,V,Downtown Heritage Conservation District,LSP3419124,52.87243936,30.9689245076216
9421,Designated Heritage Property,208-210 Dundas St, , , ,V,Downtown Heritage Conservation District,LSP3419124,1279.283217795,148.357928567061
9422,Designated Heritage Property,196 Dundas St, , , ,V,Downtown Heritage Conservation District,LSP3419124,376.69367675,132.891422789606
9423,Designated Heritage Property,186 Dundas St, , , ,V,Downtown Heritage Conservation District,LSP3419124,348.82969613,131.96074686494
9424,Designated Heritage Property,174 Dundas St, , , ,V,Downtown Heritage Conservation District,LSP3419124,112.77455225,55.7895112698587
9425,Designated Heritage Property,166 Dundas St, , , ,V,Downtown Heritage Conservation District,LSP3419124,548.863732915,93.7322959691814
9426,Designated Heritage Property,432 Richmond St, , , ,V,Downtown Heritage Conservation District,LSP3419124,173.59031408,71.5640257684506
9427,Designated Heritage Property,436 Richmond St, , , ,V,Downtown Heritage Conservation District,LSP3419124,184.95043176,72.3911314319473
9428,Designated Heritage Property,171 Queens Ave, , , ,V,Downtown Heritage Conservation District,LSP3419124,1164.68758872,140.235032024899
9429,Designated Heritage Property,201 Queens Ave, , , ,V,Downtown Heritage Conservation District,LSP3419124,1189.52151544,138.037877646665
9430,Designated Heritage Property,200 Queens Ave, , , ,V,Downtown Heritage Conservation District,LSP3419124,1831.557085355,179.477393544042
9431,Listed Heritage Property,30 Charles St, , , , , , ,623.76947992,123.093498854822
9432,Listed Heritage Property,32 Charles St, , , , , , ,377.43390544,112.962096768947
9433,Listed Heritage Property,34 Charles St, , , , , , ,413.7020836,115.477489708313
9434,Designated Heritage Property,2 Cherry St, , , ,V,Blackfriars-Petersville Heritage Conservation District,LSP3437179,332.47523096,83.2023625093872
9435,Designated Heritage Property,455 Clarence St, , , ,V,Downtown Heritage Conservation District,LSP3419124,1550.067841965,160.657195661548
9436,Designated Heritage Property,465 Clarence St, , , ,V,Downtown Heritage Conservation District,LSP3419124,602.11275488,114.446590393766
9437,Designated Heritage Property,130 Carling St, , , ,V,Downtown Heritage Conservation District,LSP3419124,826.86073336,115.384644896573
9438,Designated Heritage Property,134 Carling St, , , ,V,Downtown Heritage Conservation District,LSP3419124,2861.62013254,215.686560905828
9439,Listed Heritage Property,171 Mount Pleasant Ave, , , , , , ,461.56625768,115.513251905648
9440,Designated Heritage Property,100 Queens Ave, , , ,V,Downtown Heritage Conservation District,LSP3419124,6252.08691321,396.65086002939
9441,Designated Heritage Property,125 Queens Ave, , , ,V,Downtown Heritage Conservation District,LSP3419124,438.44521328,91.6023711463556
9442,Designated Heritage Property,127 Queens Ave, , , ,V,Downtown Heritage Conservation District,LSP3419124,849.63435568,116.998495144203
9443,Designated Heritage Property,, , , ,V,Downtown Heritage Conservation District,LSP3419124,2015.60261714,191.299950503745
9444,Designated Heritage Property,416 Richmond St,1920c, , ,V,Downtown Heritage Conservation District,LSP3419124,147.07611728,67.1715577285616
9445,Designated Heritage Property,420 Richmond St, , , ,V,Downtown Heritage Conservation District,LSP3419124,517.40508464,98.2135384347839
9446,Designated Heritage Property,1266 Riverside Dr, , , ,IV, ,LSP3447160,38120.67943712,842.729405778204
9447,Designated Heritage Property,10 Riverside Dr, , , ,V, ,LSP3437179,2500.66209924,249.395206768881
9448,Designated Heritage Property,84 Riverside Dr, , , ,V,Blackfriars-Petersville Heritage Conservation District,LSP3437179,166.34932592,51.7938359489808
9449,Listed Heritage Property,656 Warren Rd,c1956, ,Mid-Century Modern, , , ,1646.65553416,190.131804366114
9450,Listed Heritage Property,30 Wharncliffe Rd N, , , , , , ,1531.04917888,164.759449530512
9451,Listed Heritage Property,8 Wyatt St, , , , , , ,435.35270528,105.389402611223
9452,Listed Heritage Property,10 Wyatt St, , , , , , ,451.74792448,104.271477759806
9453,Listed Heritage Property,34 Wyatt St, , , , , , ,658.20903536,112.920353821856
9454,Designated Heritage Property,199 Queens Ave, , , ,V,Downtown Heritage Conservation District,LSP3419124,995.68453848,126.781948539984
9455,Designated Heritage Property,, , , ,V,Blackfriars-Petersville Heritage Conservation District,LSP3437179,3687.15337724,248.090648759318
9456,Designated Heritage Property,, , , ,V,Blackfriars-Petersville Heritage Conservation District,LSP3437179,1392.74659144,150.494727891674
9457,Designated Heritage Property,, , , ,V,Blackfriars-Petersville Heritage Conservation District,LSP3437179,1880.88656338,197.432782847123
9458,Designated Heritage Property,, , , ,V, ,LSP3437179,8777.11554386,921.152062226601
9459,Designated Heritage Property,70 Riverside Dr, , , ,V,Blackfriars-Petersville Heritage Conservation District,LSP3437179,4681.77366584,273.404017172543
9460,Designated Heritage Property,70 Riverside Dr, , , ,V, ,LSP3437179,646.0806592,168.871070031846
9461,Designated Heritage Property,22 Wilson Ave, , , ,V,Blackfriars-Petersville Heritage Conservation District,LSP3437179,1303.9531686,146.693249449153
9462,Designated Heritage Property,107 Wharncliffe Rd N, , , ,V,Blackfriars-Petersville Heritage Conservation District,LSP3437179,266.373364,72.2958650077964
9463,Designated Heritage Property,421 Ridout St N, , , ,V,Downtown Heritage Conservation District,LSP3419124,2147.83747442,241.494231806265
9464,Designated Heritage Property,120 Queens Ave, , , ,V,Downtown Heritage Conservation District,LSP3419124,945.04833534,126.146785328093
9465,Designated Heritage Property,127 Carling St,1850c, ,Georgian,V,Downtown Heritage Conservation District,LSP3419124,4.1760596,8.52982657927898
9466,Designated Heritage Property,185 Queens Ave,1881,London Club,Queen Anne,V,Downtown Heritage Conservation District,LSP3419124,1717.43250272,252.588029353477
9467,Designated Heritage Property,Easement, , , ,V,Downtown Heritage Conservation District,LSP3419124,217.33729064,131.151341261793
9468,Designated Heritage Property,Easement, , , ,V,Downtown Heritage Conservation District,LSP3419124,120.16977784,83.3336160442106
9469,Designated Heritage Property,Easement, , , ,V,Downtown Heritage Conservation District,LSP3419124,271.810426,173.852639381205
9470,Designated Heritage Property,430C Richmond St,1868, ,Italianate,V,Downtown Heritage Conservation District,LSP3419124,743.98483088,111.097578091339
9471,Designated Heritage Property,10 Riverside Dr, , , ,V, ,LSP3437179,5211.53075864,384.02921594588
9472,Designated Heritage Property,10 Riverside Dr, , , ,V,Blackfriars-Petersville Heritage Conservation District,LSP3437179,746.032776,116.767971921795
9473,Designated Heritage Property,10 Riverside Dr, , , ,V,Blackfriars-Petersville Heritage Conservation District,LSP3437179,2041.6671481,180.027505014442
9474,Listed Heritage Property,962 Dame St,1905c, ,Side-hall Plan (shp) Cottage, , , ,400.0581692,101.591163142094
9475,Listed Heritage Property,427-435/ Hamilton Rd,1907c, ,Italianate, , , ,1626.0149216,165.086802528087
9476,Listed Heritage Property,20 Hyatt Ave,1907, ,Late Victorian, , , ,368.19956376,93.2971379613135
9477,Listed Heritage Property,24 Hyatt Ave,1905, ,Late Victorian, , , ,368.19852648,93.2949765769764
9478,Listed Heritage Property,158 Hamilton Rd,1879, ,Side-hall Plan (shp) Cottage, , , ,615.51878424,136.72404731548
9479,Listed Heritage Property,6 Hyatt Ave,1905, ,Late Victorian, , , ,370.09535504,93.408145973962
9480,Designated Heritage Property,3050 Trafalgar St,1870,Mclaren/weir Farm,Gothic Revival,IV, ,LSP3241561,419486.12347104,2596.99172183851
9481,Listed Heritage Property,87 Elm St,1905c, ,Queen Anne Cottage, , , ,468.52539696,107.622167675429
9482,Listed Heritage Property,354 Simcoe St,1872,Richards Property,Italianate, , , ,826.5822288,133.975581007067
9483,Listed Heritage Property,"609-619B Dundas St, 390-400 Adelaide St",1871,Lilley's Corners,High Victorian, , , ,1972.0041996,182.859444251666
9484,Designated Heritage Property,"795-797 Dundas St, 437 Rectory St",1883,London East Town Hall,High Victorian,IV, ,LSP3363168,1152.51075646,166.5062651705
9485,Listed Heritage Property,1112 Brydges St,1900c, ,Queen Anne Cottage, , , ,844.99078928,142.647013819381
9486,Listed Heritage Property,152 Hamilton Rd,1903c, ,Vernacular, , , ,490.52965456,120.770466480434
9487,Listed Heritage Property,141 Dreaney Ave,1875c, ,Side-hall Plan (shp) Cottage, , , ,508.2479996,114.60979305759
9488,Listed Heritage Property,469 Dundas St,1872, ,Georgian Revival, , , ,225.25385824,79.4514296393476
9489,Listed Heritage Property,181 William St,1887, ,High Victorian, , , ,335.4285088,92.0687479537429
9490,Listed Heritage Property,453 Bathurst St,1874c,Sahara Ah-llyn Prop.,Ontario Cottage, , , ,439.39706856,103.885491695484
9491,Listed Heritage Property,663-663/ Dundas St,1870, ,Vernacular, , , ,377.86999472,96.6733852370652
9492,Listed Heritage Property,701 King St,1882c, , , , , ,488.42011136,107.417478607081
9493,Listed Heritage Property,"347 Ashland Ave, 1204 York St",1925c, , , , , ,387.1486124,80.2354042871413
9494,Listed Heritage Property,203 Crumlin Sdrd,1850c, ,Georgian, , , ,48433.63170288,905.26115390273
9495,Listed Heritage Property,377 Maitland St,1896c, ,Vernacular, , , ,248.10531776,78.6966112331918
9496,Listed Heritage Property,231 Waterloo St,1888c,Gelinas Property, , , , ,177.28866376,58.1536572198551
9497,Listed Heritage Property,1018 Frances St,1905c, ,Queen Anne, , , ,493.62549928,105.036921230275
9498,Listed Heritage Property,85 Oak St,1900c, ,Side-hall Plan (shp) Cottage, , , ,672.79841328,154.123766358395
9499,Designated Heritage Property,527-527B Grey St,1881, ,Ontario Cottage,IV, ,LSP3369152,953.2457152,152.726949642227
9500,Listed Heritage Property,2735 Trafalgar St,1890, ,Vernacular, , , ,249524.9614828,2600.48476231071
9501,Listed Heritage Property,440 King St,1877,Zaifman Property,High Victorian, , , ,279.47076744,82.5420213487351
9502,Listed Heritage Property,900-925 King St,1910c,Western Fair,Neo-classical, , , ,192174.3285712,1917.76081443703
9503,Listed Heritage Property,135 Dreaney Ave,1905, ,Side-hall Plan (shp) Cottage, , , ,465.19980472,112.582683551256
9504,Listed Heritage Property,113 Rectory St,1885c, ,Side-hall Plan (shp) Cottage, , , ,601.1263024,109.40956402365
9505,Listed Heritage Property,474 King St,1883c,Maelov Inc.,Italianate, , , ,582.58906728,107.906526463253
9506,Listed Heritage Property,376 Burwell St,1888c, ,Queen Anne, , , ,407.8539328,81.8268060184452
9507,Listed Heritage Property,964 Dame St,1905c, ,Side-hall Plan (shp) Cottage, , , ,399.92467824,101.563076337321
9508,Listed Heritage Property,151 Dreaney Ave,1905c, , , , , ,466.9155308,112.984214985908
9509,Listed Heritage Property,411 Hamilton Rd,1920,Bob's Fish And Chips,Italianate, , , ,224.70264544,72.1103593318057
9510,Listed Heritage Property,"471 Dundas St, 381-387 Maitland St",1872, ,Georgian Revival, , , ,225.27244712,78.9529954053609
9511,Listed Heritage Property,173 Rectory St,1895c, ,Side-hall Plan (shp) Cottage, , , ,679.82576704,135.730683368696
9512,Listed Heritage Property,88 Oak St,1870c, ,Ontario Cottage, , , ,681.28013488,155.935736385228
9513,Listed Heritage Property,100 Chesley Ave,1890c, ,Vernacular, , , ,357.9594832,81.1305791557294
9514,Listed Heritage Property,470 King St,1893c,Richmond,Queen Anne, , , ,487.86269148,103.09502105823
9515,Listed Heritage Property,15 Kitchener Ave,1890c, ,Italianate, , , ,422.37632376,95.0264090325742
9516,Listed Heritage Property,825 Cabell St,1921,Puc Substation 2,Art Deco, , , ,1516.24413968,156.490322706148
9517,Listed Heritage Property,233 Colborne St,1870c, ,Ontario Cottage, , , ,506.94963136,106.18648679226
9518,Listed Heritage Property,16 Hyatt Ave,1905, ,Late Victorian, , , ,368.20184352,93.2996052209415
9519,Designated Heritage Property,408 Simcoe St,1883c,Duffenais Property, ,IV, ,LSP324827,442.78875432,95.3280571134201
9520,Listed Heritage Property,546 King St,1881,Giouroukos Property,High Victorian, , , ,699.4061676,121.755088449469
9521,Listed Heritage Property,467 Dundas St,1872, ,Georgian Revival, , , ,216.2907264,79.2006941964733
9522,Listed Heritage Property,69 Elm St,1900c, ,Queen Anne Cottage, , , ,516.18758976,114.402620860218
9523,Listed Heritage Property,1873-1877 River Rd,1910c, ,Vernacular, , , ,12785.66214528,502.315131811964
9525,Listed Heritage Property,83 Elm St,1905c, ,Queen Anne Cottage, , , ,468.5903852,107.632237595992
9526,Listed Heritage Property,697 King St,1882c, , , , , ,520.59587128,108.953126275069
9527,Designated Heritage Property,325 Dundas St,1905c,London Armouries,Romanesque Revival,V,Downtown Heritage Conservation District,LSP3419124,3894.43986848,255.378595644907
9528,Listed Heritage Property,54 Hyla St,1890c, ,Queen Anne Cottage, , , ,371.24563776,98.5209367457296
9529,Listed Heritage Property,1031 King St,1870c, ,Ontario Cottage, , , ,407.71716928,118.398863614133
9530,Listed Heritage Property,224 Burwell St,1881p, ,Late Victorian, , , ,444.96614256,94.401555976077
9531,Listed Heritage Property,13 Kitchener Ave,1900c, ,Vernacular, , , ,335.73482384,90.1577238561982
9532,Listed Heritage Property,820 Cabell St,1880c,Geo White and Sons, , , , ,3686.5376824,262.970229303841
9533,Listed Heritage Property,"300 Colborne St, 495 Bathurst St",1904c,Under The Volcano, , , , ,400.241232,86.5249221112725
9534,Listed Heritage Property,26 Redan St,1890c, ,Late Victorian, , , ,409.26282048,96.6471400201504
9535,Listed Heritage Property,137 Dreaney Ave,1907, ,Side-hall Plan (shp) Cottage, , , ,465.17833592,112.635565375916
9536,Listed Heritage Property,960 Hackett St,1905c, ,Ontario Cottage, , , ,362.31094352,90.6648186114988
9537,Listed Heritage Property,225 Colborne St,1877, ,Ontario Cottage, , , ,503.79488384,106.917881581344
9538,Listed Heritage Property,2907 Dundas St,1852, ,Ontario Cottage, , , ,399022.51525552,2812.32439923565
9539,Listed Heritage Property,359-361 Dundas St,1888c, ,Italianate, , , ,734.33268576,112.117562343783
9540,Listed Heritage Property,461-463 Dundas St,1924, , , , , ,939.95735616,160.808648670177
9541,Listed Heritage Property,958 Dame St,1905c, ,Side-hall Plan (shp) Cottage, , , ,390.35713288,101.160887796158
9542,Listed Heritage Property,81 Chesley Ave,1870c, ,Ontario Cottage, , , ,553.54049904,96.4063208108564
9543,Listed Heritage Property,233 Waterloo St,1888c, , , , , ,164.96560392,56.9300861441023
9544,Listed Heritage Property,240 Waterloo St,1886c,Mchgn Cntrl Rndhse,High Victorian, , , ,3685.07909728,309.968718842471
9545,Listed Heritage Property,665 Dundas St,1896, ,Late Victorian, , , ,392.53220336,97.0076491201388
9546,Listed Heritage Property,185 Rectory St,1870c, ,Italianate, , , ,479.94707272,96.8265320720227
9547,Listed Heritage Property,84 Chesley Ave,1880c, ,Ontario Cottage, , , ,1168.07884416,198.668519615204
9548,Listed Heritage Property,590 Hamilton Rd,1870c,Homister House, , , , ,820.49694192,124.408691610872
9549,Listed Heritage Property,345 Lyle St,1902,St.mary's Church/rec,Gothic Revival, , , ,2023.84050936,190.530148128576
9550,Listed Heritage Property,377 Hamilton Rd,1896, ,Late Victorian, , , ,490.20511096,96.2987802356211
9551,Listed Heritage Property,18 Hyatt Ave,1905, ,Late Victorian, , , ,368.1980568,93.2982463007646
9552,Listed Heritage Property,513 Grey St,1879, ,Side-hall Plan (shp) Cottage, , , ,622.80796368,141.643262695447
9553,Listed Heritage Property,4 Hyatt Ave,1905, ,Late Victorian, , , ,370.1000308,93.4095188067347
9554,Listed Heritage Property,11 Kitchener Ave,1900c, ,Vernacular, , , ,379.05067664,92.592111720954
9555,Listed Heritage Property,294 Egerton St,1900c, ,Queen Anne Cottage, , , ,471.98411672,110.444803958308
9556,Listed Heritage Property,76 Doulton St,1927,Trinity United, , , , ,1712.73138416,196.901969965641
9557,Listed Heritage Property,1188 King St,1905c, ,Queen Anne Cottage, , , ,661.32142752,128.450999138219
9558,Listed Heritage Property,387 Burwell St,1900c, ,Dutch Colonial, , , ,432.3914408,101.922471799526
9559,Listed Heritage Property,793 Little Hill St,1890c, ,Side-hall Plan (shp) Cottage, , , ,546.17406976,96.2499499157564
9560,Listed Heritage Property,14 Hyatt Ave,1905, ,Late Victorian, , , ,368.32848464,93.3072068890347
9561,Listed Heritage Property,31 Muir St,1895c, ,Ontario Cottage, , , ,695.74384032,121.813505084916
9562,Listed Heritage Property,442 King St,1877,Zaifman Property,High Victorian, , , ,279.63181488,82.5828199865014
9563,Designated Heritage Property,1132 St Anthony Rd,1890c,Hazelden,Eclectic,IV, ,LSP313112,2574.68881512,198.760154083279
9564,Listed Heritage Property,362 Simcoe St,1881,Nishizaki Property, , , , ,624.25529664,126.042940693924
9565,Listed Heritage Property,1033 King St,1870c, ,Ontario Cottage, , , ,462.59728768,120.535838792368
9566,Listed Heritage Property,205 Rectory St,1890c, ,Vernacular, , , ,670.65314448,135.359025332082
9567,Listed Heritage Property,93 Elm St,1905c, ,Queen Anne Cottage, , , ,468.45920016,107.607867779127
9568,Listed Heritage Property,60 Hamilton Rd,1850, ,Vernacular, , , ,761.74394904,118.493099494748
9569,Listed Heritage Property,155 Rectory St,1875c, ,Ontario Farmhouse, , , ,448.4238864,85.5257414962918
9570,Listed Heritage Property,380 Hamilton Rd,1886, ,Ontario Cottage, , , ,519.90925976,138.646778511152
9571,Listed Heritage Property,22 Hyatt Ave,1905, ,Late Victorian, , , ,368.2032192,93.2963125877712
9572,Listed Heritage Property,220 Burwell St,1870, ,Italianate, , , ,423.77267968,93.1615818356793
9573,Listed Heritage Property,405 Horton St E,1878,Rupert Property,Italianate, , , ,750.10798664,130.349182360515
9574,Listed Heritage Property,170 Hamilton Rd,1881, ,Georgian Revival, , , ,1073.05425704,177.039730415492
9575,Listed Heritage Property,259 William St,1883c, ,Side-hall Plan (shp) Cottage, , , ,363.37605504,85.6630271318786
9576,Listed Heritage Property,620 Marshall St,1890c,Lilley Livery Stable,Late Victorian, , , ,331.5894884,79.6203979255527
9577,Listed Heritage Property,1021 Frances St,1905c, ,Queen Anne, , , ,490.50155008,104.90065919485
9578,Listed Heritage Property,458-460 King St,1872,Little Prince Hold.,Italianate, , , ,523.32143976,97.0622393914286
9579,Listed Heritage Property,715 Dundas St,1896c, ,Queen Anne, , , ,710.53912352,146.152124176748
9580,Listed Heritage Property,330 Burwell St,1880, ,Italianate, , , ,467.2427352,90.5394650532099
9581,Listed Heritage Property,214 Maitland St,1883c,Allen Property, , , , ,375.42935992,86.3242025489816
9582,Listed Heritage Property,1143 Riverside Dr,1890c, ,Ontario Farmhouse, , , ,534.53191541,91.8002143957971
9583,Listed Heritage Property,282 Hamilton Rd,1907,Hyatt Ave United,Romanesque Revival, , , ,1024.38619104,139.50268185457
9584,Listed Heritage Property,160 Hamilton Rd,1890c, ,Queen Anne, , , ,988.38824,163.310148592638
9585,Listed Heritage Property,225 Maitland St,1874,Morgan Property,Gothic Revival, , , ,297.37431456,76.5066638531175
9586,Designated Heritage Property,1452 Trafalgar St,1865,Shennick House,Gothic Revival,IV, ,LSP3128309,1157.366172,138.591992121028
9587,Listed Heritage Property,960 Dame St,1905c, ,Side-hall Plan (shp) Cottage, , , ,400.19850376,101.6194912041
9588,Listed Heritage Property,81 Elm St,1905c, ,Queen Anne Cottage, , , ,468.59483488,107.636261805311
9589,Listed Heritage Property,529 Grey St,1856, ,Side-hall Plan (shp) Cottage, , , ,1247.26474392,162.516683141736
9590,Listed Heritage Property,444 York St,1878,Lce Credit Union,Italianate, , , ,480.81208856,89.2066953890255
9591,Listed Heritage Property,368 Simcoe St,1890c,Hontos Property, , , , ,495.31221216,120.981425466996
9592,Listed Heritage Property,525 Dundas St,1916,Beal Secondary School,Collegiate Gothic, , , ,17617.08650632,735.022321944207
9593,Listed Heritage Property,150 Hamilton Rd,1878p, , , , , ,413.0721096,107.454411802029
9594,Listed Heritage Property,416 Simcoe St,1872,Wilson Property,Ontario Cottage, , , ,539.06264248,100.845114425202
9595,Designated Heritage Property,372 Maitland St,1897c,Semja Inc. Property,Queen Anne,IV, ,LSP297649,990.76597576,143.688958691798
9596,Listed Heritage Property,288/-296 Egerton St,1921c, ,Vernacular, , , ,5245.62291144,542.370480249855
9597,Listed Heritage Property,288 Egerton St,1900c, ,Vernacular, , , ,420.6777744,109.085794198621
9598,Listed Heritage Property,1224 York St,1890c, ,Vernacular, , , ,1090.3681568,144.834361678159
9599,Listed Heritage Property,465 Horton St E,1897,Pilgrim Reform Churc,High Victorian, , , ,834.17223248,148.856145405038
9600,Listed Heritage Property,71 Elm St,1900c, ,Queen Anne Cottage, , , ,516.18114768,114.398024934532
9601,Listed Heritage Property,430-432 Hamilton Rd,1907, ,Italianate, , , ,268.29259632,103.148187156758
9602,Listed Heritage Property,551 Hale St,1906, ,Edwardian, , , ,2958.5647896,224.146657052345
9603,Listed Heritage Property,973 Dame St,1881c, ,Ontario Cottage, , , ,643.86234936,118.558781748832
9604,Listed Heritage Property,389 Burwell St,1870c, ,Italianate, , , ,673.35219664,113.913355367281
9605,Listed Heritage Property,463 King St,1881,Prof.couns.man.&ass.,Italianate, , , ,414.1074872,88.0822605677014
9606,Listed Heritage Property,228 Egerton St,1905c, ,Vernacular, , , ,626.56540608,127.3403802357
9607,Listed Heritage Property,625 Hale St,1910, , , , , ,443.21366016,93.6258970932546
9608,Listed Heritage Property,1199 King St,1910c, , , , , ,604.95398744,109.889238141208
9609,Listed Heritage Property,458 Simcoe St,1890c,Polinski Property,Queen Anne, , , ,735.27679328,145.041876190162
9610,Listed Heritage Property,2 Hyatt Ave,1905, ,Late Victorian, , , ,358.74959392,92.7810493584687
9611,Listed Heritage Property,8 Hyatt Ave,1905, ,Late Victorian, , , ,370.09899232,93.4072920161941
9612,Designated Heritage Property,869-871 Dundas St,1890,Hayman House,Italianate,IV, ,LSP2704469,724.441301245,125.741372187268
9613,Listed Heritage Property,367 Maitland St,1909c, ,Vernacular, , , ,285.22667728,76.593150103099
9614,Designated Heritage Property,75 Dillabough St,1915c, ,Vernacular,IV, ,LSP336285,423.61620392,88.2496258547177
9615,Listed Heritage Property,1205 York St,1890c, ,Vernacular, , , ,385.86293312,92.13561519225
9616,Listed Heritage Property,551 King St,1888c,Spigos Property,Queen Anne, , , ,467.86863168,92.0753339850249
9617,Listed Heritage Property,12 Hyatt Ave,1905, ,Late Victorian, , , ,368.08023896,93.2946388082349
9618,Listed Heritage Property,142 Dreaney Ave,1900c, ,Queen Anne Cottage, , , ,405.547664,100.818173108485
9619,Listed Heritage Property,169 Rectory St,1890c, ,Side-hall Plan (shp) Cottage, , , ,679.80880992,135.734735806203
9620,Listed Heritage Property,132 Mamelon St,1900c, ,Vernacular, , , ,480.21629432,109.698804414379
9621,Listed Heritage Property,1059 King St,1870c, ,Ontario Cottage, , , ,406.43439264,118.303660246702
9622,Listed Heritage Property,"135 Inkerman St, 249 Hamilton Rd",1900c,All Saints Rectory,Georgian, , , ,2836.62810688,235.33598539627
9623,Listed Heritage Property,387 King St,1895c, ,Late Victorian, , , ,585.2261713,119.658586123428
9624,Listed Heritage Property,465 Dundas St,1872, ,Georgian Revival, , , ,228.40308952,78.5174614864816
9625,Listed Heritage Property,176 William St,1868c, ,Ontario Cottage, , , ,365.68716448,84.3759922653264
9626,Listed Heritage Property,106 Rectory St,1880c, ,Italianate, , , ,336.33203368,80.5400023490308
9627,Listed Heritage Property,949 Dame St,1925, ,Arts And Crafts, , , ,670.31533232,119.65976522823
9628,Listed Heritage Property,17 Kitchener Ave,1905c, ,Vernacular, , , ,379.06275672,92.5930277981388
9629,Listed Heritage Property,469 King St,1890c,Lysynski Property,Italianate, , , ,415.20754368,88.1965125323736
9630,Listed Heritage Property,10 Hyatt Ave,1905,Seliski Property,Late Victorian, , , ,368.1975284,93.3021787640152
9631,Listed Heritage Property,459 Dundas St,1893c, ,Late Victorian, , , ,549.84854288,148.992089578201
9632,Listed Heritage Property,239 Colborne St,1892c, ,Vernacular, , , ,506.90009416,106.178212788007
9633,Listed Heritage Property,625 Dundas St,1912, , , , , ,630.86730808,134.680602565625
9634,Listed Heritage Property,146 Rectory St,1890c, ,Side-hall Plan (shp) Cottage, , , ,443.81350152,97.3293566521802
9635,Listed Heritage Property,1086 Trafalgar St,1920c, ,Art Deco, , , ,496.46098888,113.864085059793
9636,Listed Heritage Property,103 Elm St,1905c, ,Queen Anne Cottage, , , ,674.73475504,154.736169141356
9637,Listed Heritage Property,515 Grey St,1881, ,High Victorian, , , ,952.27633008,152.604339792967
9638,Listed Heritage Property,11 Heather Cres,1880, ,Italianate, , , ,1241.8440336,147.621269133183
9639,Designated Heritage Property,"379-389 Dundas St, 380-390 King St",1876, ,Second Empire,IV, ,LSP3387667,5837.89618256,318.762134516482
9640,Listed Heritage Property,369 Maitland St,1898c, ,Vernacular, , , ,284.69694528,76.5771146498076
9641,Designated Heritage Property,155 Adelaide St N,1908c, ,Italianate,IV, ,LSP328680,811.83468096,113.480568930457
9642,Listed Heritage Property,300 Wellington St,1949, ,Art Moderne, , , ,9999.99070856,608.018170100492
9643,Listed Heritage Property,371 Maitland St,1884c, ,Vernacular, , , ,292.59229488,77.2487154924565
9644,Designated Heritage Property,717-721 Dundas St,1891c, ,Queen Anne,IV, ,LSP3416121,1186.48220896,161.69245487949
9645,Listed Heritage Property,360 Adelaide St N,1885,Ambassdor Baptist,Romanesque Revival, , , ,1840.85372256,171.785393255154
9646,Listed Heritage Property,131 Mamelon St,1904, ,Vernacular, , , ,318.71858856,80.5882839804007
9647,Listed Heritage Property,144 Dreaney Ave,1900c, ,Queen Anne Cottage, , , ,405.58626248,100.826266712268
9648,Listed Heritage Property,457-459 King St,1881,Palmer Property,Italianate, , , ,1259.5056204,162.116579490621
9649,Listed Heritage Property,219-221 William St,1897c,Cardosa Property,High Victorian, , , ,419.5238916,92.4478220652429
9650,Listed Heritage Property,639 King St,1877,King St United Church,Romanesque Revival, , , ,1929.81025248,175.812146522438
9651,Listed Heritage Property,373-375 Maitland St,1865c, ,Eclectic, , , ,421.22675088,86.4693238739138
9652,Listed Heritage Property,448-450 Simcoe St,1879,Stanczak Property,High Victorian, , , ,1103.58694256,157.302346126472
9653,Listed Heritage Property,580 Grey St,1912c,Aberdeen School,Collegiate Gothic, , , ,8076.97797968,401.621111808742
9654,Listed Heritage Property,379 Maitland St,1896c, ,Vernacular, , , ,190.918496025,72.3954746573755
9655,Designated Heritage Property,300-320 King St, , , ,V,Downtown Heritage Conservation District,LSP3419124,5316.66097728,387.314055430095
9656,Designated Heritage Property,"275 Dundas St, 380 King St", , , ,V,Downtown Heritage Conservation District,LSP3419124,11053.29173432,475.901208501551
9657,Listed Heritage Property,2001 Dundas st, , , , , , ,199027.5954436,1998.61253124417
9658,Listed Heritage Property,222 Maitland St, , , , , , ,355.68523184,90.865896344962
9659,Listed Heritage Property,312-316 Rectory St, ,Bennett Furniture, , , , ,11565.88193296,436.318096471351
9660,Listed Heritage Property,1467 Trafalgar St, , , , , , ,3749.23849512,251.853645124727
9661,Listed Heritage Property,1872 Trafalgar St, , , , , , ,896.24741584,157.863129480624
9662,Listed Heritage Property,1874 Trafalgar St, , , , , , ,896.20501952,157.862323417002
9663,Listed Heritage Property,721-725 Hamilton Rd,1930c,Ernest Block,Vernacular, , , ,520.18012592,97.6870996331554
9664,Designated Heritage Property,109 Dundas St,1955c,Toronto Dominion Bank, ,V,Downtown Heritage Conservation District,LSP3419124,217.90806566,70.2720897171251
9665,Designated Heritage Property,78 Smith St,1912c, ,Queen Anne,IV, ,LSP3226416,391.3487644,94.8461810587849
9666,Listed Heritage Property,95 Smith St,1907c, ,Late Victorian, , , ,332.69353672,83.7778832870424
9667,Designated Heritage Property,2115 Wilton Grove Rd,1860, ,Ontario Farmhouse,IV, ,LSP3408285,781569.447724835,3864.28235164281
9668,Listed Heritage Property,373 Grey St,1880c, ,Queen Anne Cottage, , , ,488.07281808,119.357182298518
9669,Listed Heritage Property,555 Pond Mills Rd,1840, ,Georgian, , , ,1576.5751884,160.079666867791
9670,Listed Heritage Property,135 William St,1890c,Zarski Property, , , , ,349.77134608,85.1438081990632
9671,Listed Heritage Property,65 William St,1865, ,Ontario Cottage, , , ,468.49469728,92.3378699393579
9672,Listed Heritage Property,197 Colborne St,1881, ,Queen Anne, , , ,242.1504732,72.503301774154
9673,Listed Heritage Property,405 Grey St,1893c, ,Queen Anne, , , ,324.8729536,82.2600473817916
9674,Listed Heritage Property,1997 Wilton Grove Rd,1865,Ferral Farm,Ontario Farmhouse, , , ,400765.04675248,2668.26244209848
9675,Listed Heritage Property,969 Manning Dr,1873c, ,Italianate, , , ,399775.384807275,2522.95255595065
9676,Designated Heritage Property,355 Simcoe St,1881, ,Ontario Cottage,IV, ,LSP3190177,550.22092,121.642818568525
9677,Listed Heritage Property,1240 Westminster Dr,1890, ,Queen Anne, , , ,200131.18936728,1942.2218733786
9678,Designated Heritage Property,211 Dundas St,1875c, ,Italianate,V,Downtown Heritage Conservation District,LSP3419124,198.99665376,73.0193261082963
9679,Listed Heritage Property,1712 Westminster Dr,1880, ,Ontario Farmhouse, , , ,402764.8108812,2546.96345661999
9680,Listed Heritage Property,308 Simcoe St,1881,Morris Property, , , , ,314.75405576,81.9982731595804
9681,Designated Heritage Property,183 King St,1892, ,Second Empire,V,Downtown Heritage Conservation District,LSP3419124,1446.88756492,186.805389905148
9682,Listed Heritage Property,3011 Glanworth Dr,1923, ,Four Square, , , ,2027.84194844,180.487186179546
9683,Listed Heritage Property,128 St Julien St,1875c, ,Vernacular, , , ,280.458336,78.2320538449283
9684,Listed Heritage Property,151 Colborne St,1901c, ,Vernacular, , , ,368.61431648,93.6429643019025
9685,Listed Heritage Property,76 Smith St,1920, ,Vernacular, , , ,390.9509672,94.7728445807916
9686,Designated Heritage Property,440 Grey St,1881, ,Ontario Cottage, , , ,816.28136352,148.123446045698
9687,Listed Heritage Property,136 Pine Lawn Ave,1920c, ,Side-hall Plan (shp) Cottage, , , ,422.25230928,93.5475371914918
9688,Listed Heritage Property,99 Maitland St,1903c, ,Vernacular, , , ,294.30083056,76.2059010870428
9689,Listed Heritage Property,879 Trafalgar St,1900, ,Vernacular, , , ,346.55263904,86.3365421367952
9690,Listed Heritage Property,285 Simcoe St,1881p, ,Vernacular, , , ,506.5484944,120.473213875042
9691,Listed Heritage Property,541 Nelson St,1907c, ,Vernacular, , , ,215.10730536,60.7829388664246
9692,Listed Heritage Property,1635 Bradley Ave,1865c,Beattie Farm,Ontario Farmhouse, , , ,146816.43731448,1925.30686602612
9693,Designated Heritage Property,700 Pond Mills Rd,1870c,Baty House,Ontario Farmhouse,IV, ,LSP336062,152113.746514475,2015.84077632638
9694,Listed Heritage Property,2008 Glanworth Dr,1885,St.andrew's Westmins,Gothic Revival, , , ,4358.95949024,280.369740048119
9695,Listed Heritage Property,309 Grey St,1874c, ,Ontario Cottage, , , ,700.192396,128.84353067249
9696,Listed Heritage Property,809 Hamilton Rd,1920c, ,Eclectic, , , ,761.63059952,127.089855114223
9697,Listed Heritage Property,83 Smith St,1907c, ,Late Victorian, , , ,335.0144056,84.2099783070863
9698,Listed Heritage Property,53 Hydro St,1895c, ,Vernacular, , , ,345.95763088,85.050693281925
9699,Listed Heritage Property,133 Dreaney Ave,1905, ,Side-hall Plan (shp) Cottage, , , ,464.85159144,112.51463951415
9700,Listed Heritage Property,319 Hill St,1874,Durking Property,Ontario Cottage, , , ,505.15020304,120.599848935652
9701,Designated Heritage Property,387 Clarence St,1892c,Bud Gowan,Italianate,V,Downtown Heritage Conservation District,LSP3419124,340.72275196,87.7045134007061
9702,Listed Heritage Property,93 Mamelon St,1890, ,Side-hall Plan (shp) Cottage, , , ,398.48503192,99.6250059051656
9703,Listed Heritage Property,1848 Westminster Dr,1880c,Seven Pines Ranch,Eclectic, , , ,44200.28355336,857.679372716836
9704,Listed Heritage Property,840 Hamilton Rd,1910c,Ealing Public School,Collegiate Gothic, , , ,12451.33325944,581.861214707849
9705,Designated Heritage Property,217 King St,1888,Novack's,Eclectic,V,Downtown Heritage Conservation District,LSP3419124,233.6385479,67.4887412516758
9706,Listed Heritage Property,2707 Westminster Dr,1840, ,Georgian, , , ,6841.53811144,386.220006028701
9707,Listed Heritage Property,183 Waterloo St,1893, ,Vernacular, , , ,262.15028544,72.712719382418
9708,Listed Heritage Property,19 Clarke Rd,1865c, ,Ontario Farmhouse, , , ,2826.79723408,215.114054523344
9709,Listed Heritage Property,69 Maitland St,1874,Vinslow Property, , , , ,775.20620216,139.004683722522
9710,Designated Heritage Property,187 Dundas St,1887,Union Block,Red Brick Commercial,V,Downtown Heritage Conservation District,LSP3419124,130.60377832,69.2867952429535
9711,Designated Heritage Property,38 Weston St,1880c,Litho Villa,Vernacular,IV, ,LSP3197284,1177.22863272,147.417225030975
9712,Designated Heritage Property,398 Talbot St,1927c,Bank Of Montreal,Neo-classical,V,Downtown Heritage Conservation District,LSP3419124,451.14630304,85.402944438267
9713,Designated Heritage Property,370-372 Richmond St,1860,Richmond Hotel,High Victorian,V,Downtown Heritage Conservation District,LSP3419124,269.43224496,69.044399176566
9714,Designated Heritage Property,109 Chesterfield Ave,1910, ,Vernacular,IV, ,LSP3182116,2384.407302,217.92234648846
9716,Listed Heritage Property,1170 Wilton Grove Rd,1880,First Westminster,Gothic Revival, , , ,8981.82986704,382.933134431519
9717,Listed Heritage Property,63 Smith St,1907c, ,Late Victorian, , , ,338.65256016,84.9181421203959
9718,Listed Heritage Property,157 Waterloo St,1915, ,Vernacular, , , ,247.44006016,75.2002088642444
9719,Designated Heritage Property,138 Wellington St,1862,Anglican Church,Gothic Revival,IV, ,LSP3392164,833.5324272,122.359816615788
9720,Listed Heritage Property,313 Hill St,1879,Durkin Property, , , , ,488.38459784,119.906794708335
9721,Listed Heritage Property,11 Josephine St,1900c, ,Vernacular, , , ,448.53995312,97.9214943073943
9722,Designated Heritage Property,189 Dundas St,1887,Union Block,Red Brick Commercial,V,Downtown Heritage Conservation District,LSP3419124,282.3322738,79.2738798276364
9723,Designated Heritage Property,388-390 Richmond St,1855,Victoria Building,Renaissance Revival,V,Downtown Heritage Conservation District,LSP3419124,395.97070336,91.1062340469182
9724,Listed Heritage Property,549 South St,1922, ,Vernacular, , , ,222.44390584,72.3874155129988
9725,Listed Heritage Property,133 William St,1888c, ,Side-hall Plan (shp) Cottage, , , ,272.06520072,80.2050570071669
9726,Listed Heritage Property,131 Dreaney Ave,1890c, ,Side-hall Plan (shp) Cottage, , , ,464.5120592,112.446864662041
9727,Listed Heritage Property,184 Wellington St,1881,T G P Investments,Ontario Cottage, , , ,375.03350592,99.0998405559758
9728,Designated Heritage Property,4 Covent Market Pl,1930, ,Art Deco,V,Downtown Heritage Conservation District,LSP3419124,216.18819688,66.8135009731563
9729,Listed Heritage Property,73 Smith St,1907c, ,Late Victorian, , , ,336.94503744,84.5702563143725
9730,Designated Heritage Property,40 Sumner Rd,1914,Pleasant Hill Farm,Edwardian,IV, ,LSP310949,1653.711407545,181.15534473389
9731,Listed Heritage Property,128 Price St,1870c, ,Ontario Cottage, , , ,554.88991688,117.334675019851
9732,Listed Heritage Property,190 Colborne St,1881, ,Ontario Cottage, , , ,437.36055088,102.167380972555
9733,Listed Heritage Property,2725 Westminster Dr,1865, ,Regency, , , ,2320.55972304,198.033836910198
9734,Listed Heritage Property,185 Waterloo St,1893, ,Vernacular, , , ,262.15709448,72.7124321889914
9735,Listed Heritage Property,93 Smith St,1907c, ,Late Victorian, , , ,333.06674576,83.8487958156011
9736,Listed Heritage Property,5612 Highbury Ave S,1870c, ,Gothic Revival, , , ,393775.070704575,2509.16756301751
9737,Listed Heritage Property,75 Anderson Ave,1905c, ,Queen Anne, , , ,403.15965472,96.0252272370713
9738,Listed Heritage Property,190 Wellington St,1879,That Graphics Place,High Victorian, , , ,498.36339312,105.269921666872
9739,Listed Heritage Property,570 Pond Mills Rd,1870c, ,Ontario Farmhouse, , , ,4006.091865995,270.917730789881
9740,Designated Heritage Property,394-394/ Richmond St,1870c, ,Eclectic,V,Downtown Heritage Conservation District,LSP3419124,127.3842108,48.4471493095417
9741,Designated Heritage Property,180-186 Waterloo St,1864,Ward School,Gothic Revival,IV, ,LSP3125276,1551.79864568,181.604061706243
9742,Designated Heritage Property,"213-215 Dundas St, 397-401 Clarence St",1862,Spettigue Hall,Second Empire,V,Downtown Heritage Conservation District,LSP3419124,563.25099192,132.58926126704
9743,Listed Heritage Property,2591 Bradley Ave,1865, ,Ontario Farmhouse, , , ,184924.97983872,1853.41193930027
9744,Listed Heritage Property,59 Hydro St,1870c, ,Ontario Cottage, , , ,568.92301456,102.095393664214
9745,Designated Heritage Property,111 Dundas St,1865c, , ,V,Downtown Heritage Conservation District,LSP3419124,176.50935042,67.2171993870076
9746,Designated Heritage Property,207 Dundas St,1925,Chester Pegg, ,V,Downtown Heritage Conservation District,LSP3419124,184.64642784,72.4824154664109
9747,Listed Heritage Property,74 Smith St,1910, ,Vernacular, , , ,390.5706616,94.7007767214737
9748,Listed Heritage Property,399 Grey St,1876, ,Ontario Cottage, , , ,560.20305096,97.2955421619947
9749,Listed Heritage Property,192 St Julien St,1910c,Desousa Property,Ontario Cottage, , , ,325.73973536,85.1700889776397
9750,Designated Heritage Property,201 Dundas St,1910, ,Romanesque Revival,V,Downtown Heritage Conservation District,LSP3419124,293.731634875,122.927017616009
9751,Listed Heritage Property,87 Maitland St,1897c,Kaiser Property,Queen Anne, , , ,677.86817616,134.721782612522
9752,Listed Heritage Property,195 Colborne St,1881p, ,Queen Anne, , , ,242.1366208,72.5020384242571
9754,Designated Heritage Property,88 Egerton St,1914,Den Leigh Cottage,Ontario Cottage,IV, ,LSP317416,618.07660824,106.133228583321
9755,Designated Heritage Property,175-181 King St,1877, ,High Victorian,V,Downtown Heritage Conservation District,LSP3419124,872.03792522,150.312930918785
9756,Listed Heritage Property,714 Chester St,1880, ,Italianate, , , ,1014.88224312,144.279306089189
9758,Designated Heritage Property,175-179 Dundas St,1920, , ,V,Downtown Heritage Conservation District,LSP3419124,1245.88134864,162.176843392489
9759,Listed Heritage Property,132 Madison Ave,1920c, ,Side-hall Plan (shp) Cottage, , , ,435.9709904,95.9706990266974
9760,Designated Heritage Property,"392 - 346 South St, 385 - 351 Hill St",1922c,War Mem. Child. Hosp.,Neo-classical, , ,L.S.P.-3499-171,20383.16632464,606.995661978731
9761,Listed Heritage Property,308 South St,1888c, ,Queen Anne, , , ,610.97201616,124.643860897955
9762,Listed Heritage Property,1340 Dingman Dr,1865, ,Vernacular, , , ,165548.671866,1949.84143338149
9763,Listed Heritage Property,14 Lansdowne Ave,1915c, ,Vernacular, , , ,397.2607664,89.46737988573
9764,Listed Heritage Property,317 Simcoe St,1877c, ,Ontario Cottage, , , ,515.53932904,121.220332509226
9765,Listed Heritage Property,5617-5633 Highbury Ave S,1907, ,Queen Anne, , , ,381448.98812821,2454.84919772804
9766,Listed Heritage Property,360 Grey St,1883c, ,Side-hall Plan (shp) Cottage, , , ,518.43010424,122.690626387499
9767,Listed Heritage Property,103 Vauxhall St,1860c, ,Neo-classical, , , ,568.1167664,96.3246396598044
9768,Designated Heritage Property,2950 Glanworth Dr,1875,Glanworth Library,Cottage,IV, ,LSP3428115,1022.56716576,135.124146072052
9769,Listed Heritage Property,142 Madison Ave,1920c, ,Side-hall Plan (shp) Cottage, , , ,434.61751264,95.7461816487296
9770,Listed Heritage Property,101 Waterloo St,1905, ,Queen Anne, , , ,295.17481728,77.5886165979676
9771,Listed Heritage Property,37 Terrace St,1890, , , , , ,416.6333268,91.2151638794485
9772,Listed Heritage Property,708 Nelson St,1905,Corner Store, , , , ,290.38255632,70.0218956934113
9773,Listed Heritage Property,71 Smith St,1907c, ,Late Victorian, , , ,327.29637088,84.007261602775
9774,Listed Heritage Property,6422-6424 Bradish Rd,1840c, , , , , ,633.25021072,116.042222257281
9775,Listed Heritage Property,140 Fairview Ave,1960c,Russian Orthodox, , , , ,2261.67045136,192.8480154116
9776,Listed Heritage Property,132 William St,1897c,Pizzale Property,High Victorian, , , ,257.00540224,73.6397795247719
9777,Listed Heritage Property,4522-4548 Highbury Ave S,1911, ,Vernacular, , , ,807502.979667425,3768.52162372858
9778,Listed Heritage Property,154 Wellington St,1875c, ,Italianate, , , ,895.24214728,156.703308167092
9779,Designated Heritage Property,209 Dundas St,1900c, ,Eclectic,V,Downtown Heritage Conservation District,LSP3419124,154.06753144,69.8188274547013
9780,Listed Heritage Property,122 Egerton St,1870c, ,Ontario Cottage, , , ,612.54764064,101.15828066916
9781,Listed Heritage Property,12 Redan St,1904c, ,Late Victorian, , , ,481.60047776,115.794428384351
9782,Listed Heritage Property,419 South St,1890, ,Vernacular, , , ,591.52396288,124.354195302642
9783,Listed Heritage Property,33 Hume St,1900c, ,Queen Anne Cottage, , , ,599.708378,122.822928221658
9784,Listed Heritage Property,407 Grey St,1893c, ,Queen Anne, , , ,324.8688584,82.2595324385661
9785,Designated Heritage Property,167 Dundas St,1890c, ,Red Brick Commercial,IV And V,Downtown Heritage Conservation District,LSP3419124,220.70628248,75.1816467160327
9786,Listed Heritage Property,67 Smith St,1907c, ,Late Victorian, , , ,337.86054752,84.7716571658612
9787,Listed Heritage Property,193 Colborne St,1881p, ,Queen Anne, , , ,242.14593648,72.5030653444427
9788,Designated Heritage Property,39 Terrace St,1880, ,Ontario Cottage,IV, ,LSP3332258,462.47757376,98.4740410882382
9789,Listed Heritage Property,230 Grand Ave,1870c, ,Italianate, , , ,886.60455696,125.870120912941
9790,Listed Heritage Property,1889 Westminster Dr,1880, ,Queen Anne, , , ,307804.50219568,2592.18399413133
9791,Listed Heritage Property,2004 Westminster Dr,1865c, ,Queen Anne, , , ,3945.95229464,245.834522062966
9792,Listed Heritage Property,414 Grey St,1879, ,Ontario Cottage, , , ,689.2615924,116.168549528464
9793,Listed Heritage Property,91 Smith St,1907c, ,Late Victorian, , , ,333.4675568,83.9217419183203
9794,Listed Heritage Property,890 Trafalgar St,1870c, , , , , ,244.11550384,68.675057932106
9795,Listed Heritage Property,1291 Westminster Dr,1870c, ,Italianate, , , ,625968.5611044,3691.12235969371
9796,Listed Heritage Property,1756 Manning Dr,1850c,Horton Property,Gothic Revival, , , ,199644.95618032,1919.19745772373
9797,Listed Heritage Property,2552 Dingman Dr,1865c,Woodhurst Farm,Eclectic, , , ,100215.77595528,1327.99856160696
9798,Listed Heritage Property,655 Hamilton Rd,1900c, ,Queen Anne Cottage, , , ,650.4335272,118.052747727533
9799,Designated Heritage Property,217 Dundas St,1853c, ,Georgian,V,Downtown Heritage Conservation District,LSP3419124,190.0960436,59.9976891797073
9800,Listed Heritage Property,69 Smith St,1907c, ,Late Victorian, , , ,347.79881304,85.3492240437721
9801,Listed Heritage Property,146 Wellington St,1879,Klo Realty Ltd.,Ontario Cottage, , , ,614.28134384,111.307679244241
9802,Listed Heritage Property,760 Trafalgar St,1855c, , , , , ,355.9685616,77.2848005917776
9803,Listed Heritage Property,4423 Highbury Ave S,1870c, ,Vernacular, , , ,377108.71131184,2681.56299654745
9804,Designated Heritage Property,201 King St,1910, ,Red Brick Commercial,V,Downtown Heritage Conservation District,LSP3419124,1228.51941022,149.781588360355
9805,Listed Heritage Property,2017 Bradley Ave,1850, ,Georgian, , , ,150260.74950104,1910.19805533877
9806,Listed Heritage Property,99 Smith St,1907c, ,Late Victorian, , , ,347.9807976,84.6622360901839
9807,Listed Heritage Property,120 St Julien St,1840c, , , , , ,455.52214144,91.9216744952122
9808,Listed Heritage Property,343 Grey St,1883c, ,Side-hall Plan (shp) Cottage, , , ,380.93305344,85.6088432492858
9809,Listed Heritage Property,153 Colborne St,1877p, , , , , ,357.4175204,93.0317597444852
9810,Designated Heritage Property,213 King St,1890c,Novack's,Italianate,V,Downtown Heritage Conservation District,LSP3419124,135.46378436,59.3189227001698
9811,Designated Heritage Property,120 Meadowlily Rd S,1848,Park Farm,Regency,IV, ,LSP325358,418956.826969445,2788.41997297875
9812,Listed Heritage Property,1657-1733 Glanworth Dr,1860, ,Ontario Cottage, , , ,512700.44221432,2968.69161596385
9813,Listed Heritage Property,1944 Bradley Ave,1840, ,Georgian, , , ,422765.03925832,2860.02084447487
9814,Listed Heritage Property,151 King Edward Ave,1950,Ukranian Orth.church, , , , ,2087.8348228,182.880968285801
9815,Listed Heritage Property,178 East St,1900c, ,Vernacular, , , ,647.86460656,105.424977685787
9816,Listed Heritage Property,16 Redan St,1904c, ,Late Victorian, , , ,452.91579752,109.151567253479
9817,Designated Heritage Property,183 Dundas St,1887,Union Block,Red Brick Commercial,V,Downtown Heritage Conservation District,LSP3419124,505.73593272,142.38290890365
9818,Listed Heritage Property,22 Redan St,1904c, ,Late Victorian, , , ,409.89819408,100.278162405287
9819,Listed Heritage Property,139 Vauxhall St,1886, ,Side-hall Plan (shp) Cottage, , , ,336.64005136,73.6994605251707
9820,Listed Heritage Property,75 Smith St,1907c, ,Late Victorian, , , ,336.55591376,84.4978950309937
9821,Listed Heritage Property,190 St Julien St,1910c,Desousa Property,Ontario Cottage, , , ,297.90144448,83.4415003961986
9822,Listed Heritage Property,28 Fairview Crt,1880c, ,Vernacular, , , ,1424.250376,175.559818691288
9823,Listed Heritage Property,54 Weston St,1890, ,Queen Anne, , , ,2551.15920144,325.736626963819
9824,Listed Heritage Property,5788 Old Victoria Rd,1860, ,Vernacular, , , ,418485.140880565,3168.96723209568
9825,Designated Heritage Property,76 Colborne St,1897c, ,Queen Anne,IV, ,LSP3233469,304.79693192,80.740223901119
9826,Listed Heritage Property,1950 Westminster Dr,1860, ,Vernacular, , , ,1357.1272988,152.149144201431
9827,Designated Heritage Property,"163-165 Dundas St, 398/-404 Richmond St",1875,Edge Block,High Victorian,V,Downtown Heritage Conservation District,LSP3419124,276.06114424,78.8095072885209
9828,Listed Heritage Property,1383 Scotland Dr,1865, ,Ontario Farmhouse, , , ,82349.84270096,1158.21906858536
9829,Listed Heritage Property,695 Nelson St,1900c, ,Queen Anne, , , ,369.44887408,88.9260080735793
9830,Listed Heritage Property,311 Grey St,1887c, ,Vernacular, , , ,462.10852704,119.519665250396
9831,Listed Heritage Property,34 Weston St,1893, ,Queen Anne, , , ,1863.6038812,201.206326862464
9832,Listed Heritage Property,1741 Wilton Grove Rd,1865, ,Vernacular, , , ,207637.4978172,1972.8339079233
9833,Designated Heritage Property,424-430 Grey St,1868c,Bme Church,Gothic Revival,IV, ,LSP2657240,1008.09756992,141.090068922702
9834,Listed Heritage Property,5406-5426 Highbury Ave S,1870, ,Ontario Farmhouse, , , ,412497.755460335,2574.98493409803
9835,Listed Heritage Property,873-873/ Trafalgar St,1900c, ,Vernacular, , , ,637.530564,103.776642362695
9836,Listed Heritage Property,81 Anderson Ave,1905c, ,Queen Anne, , , ,498.56096264,101.051594123051
9837,Listed Heritage Property,1871 Bradley Ave,1850c, ,Ontario Farmhouse, , , ,324358.2548356,2416.3630076902
9838,Designated Heritage Property,392 Richmond St,1870c, ,Eclectic,V,Downtown Heritage Conservation District,LSP3419124,125.37940768,48.1855370998421
9839,Listed Heritage Property,134 Pine Lawn Ave,1920c, ,Side-hall Plan (shp) Cottage, , , ,422.34954448,93.5637018789746
9840,Listed Heritage Property,65 Smith St,1907c, ,Late Victorian, , , ,338.24514488,84.8439681622407
9841,Listed Heritage Property,4454 Highbury Ave S,1875, ,Ontario Cottage, , , ,302441.14996056,2375.59856790333
9842,Listed Heritage Property,77 Anderson Ave,1905c, ,Queen Anne, , , ,595.56755688,106.333834060499
9843,Listed Heritage Property,1544 Westminster Dr,1875, ,Italianate, , , ,60489.88154648,1104.91777814238
9844,Listed Heritage Property,2103 Bradley Ave,1860c, ,Ontario Farmhouse, , , ,286027.57165324,2231.92202534985
9845,Listed Heritage Property,28 Hume St,1895c, ,Vernacular, , , ,667.78973351,133.893730837151
9846,Listed Heritage Property,"195 Waterloo St, 331-335 Simcoe St",1907c,Klemm Property, , , , ,598.60122864,98.2345160279505
9847,Designated Heritage Property,366-368 Richmond St,1880c, ,Italianate,V,Downtown Heritage Conservation District,LSP3419124,361.5441864,84.0904856956153
9848,Designated Heritage Property,396 Richmond St,1870c, ,Italianate,V,Downtown Heritage Conservation District,LSP3419124,120.22195312,47.5393123991619
9849,Listed Heritage Property,697 Nelson St,1910c, ,Queen Anne, , , ,369.44958144,88.9263479656115
9850,Designated Heritage Property,185 Dundas St,1887c,Union Block,Red Brick Commercial,V,Downtown Heritage Conservation District,LSP3419124,138.64412224,69.8118668888537
9851,Listed Heritage Property,2240 Manning Dr,1912, , , , , ,67489.7940364,1209.58255804994
9852,Listed Heritage Property,290 Grey St,1879, ,Side-hall Plan (shp) Cottage, , , ,511.65941744,120.983976444622
9853,Designated Heritage Property,364 Richmond St,1881, ,Italianate,V,Downtown Heritage Conservation District,LSP3419124,182.69976856,72.1652434574551
9854,Designated Heritage Property,77 Price St,1875c, ,Italianate,IV, ,LSP324928,1098.762816,133.815103215709
9855,Listed Heritage Property,1075 Pond View Rd,1870c, ,Ontario Farmhouse, , , ,1196.05123072,161.502166424609
9856,Listed Heritage Property,136 William St,1881c,Cocklin Property,High Victorian, , , ,272.74259856,78.9528215014732
9857,Listed Heritage Property,61 Smith St,1907c, ,Late Victorian, , , ,339.03023192,84.9903422611884
9858,Designated Heritage Property,117 Dundas St,1865c, , ,V,Downtown Heritage Conservation District,LSP3419124,145.9706076,60.1450251676177
9859,Listed Heritage Property,520 South St,1872, ,Ontario Cottage, , , ,2255.20333224,195.434742347963
9860,Listed Heritage Property,297-299 Hill St,1881,Broderick Property,Vernacular, , , ,657.1849496,126.531506889585
9861,Listed Heritage Property,394 Hill St,1895c,Mlynek Property,Queen Anne, , , ,207.05293264,57.6000088018558
9862,Listed Heritage Property,79 Smith St,1907c, ,Late Victorian, , , ,335.7769576,84.3532675489152
9863,Listed Heritage Property,1184 Hamilton Rd,1820c,Siddall House,Vernacular, , , ,780.3454028,119.862542672061
9864,Listed Heritage Property,2297 Westminster Dr,1860c, ,Italianate, , , ,59704.9485868,1572.58143243466
9865,Listed Heritage Property,82 Anderson Ave,1905c, ,Queen Anne, , , ,376.47168152,94.7963335493706
9866,Designated Heritage Property,267 Dundas St,1929,Toronto-dominion Bank,Renaissance Revival,IV And V,Downtown Heritage Conservation District,LSP3419124,434.17225168,90.4548042673152
9867,Listed Heritage Property,14 Redan St,1904c, ,Late Victorian, , , ,467.2550184,112.410317174378
9868,Listed Heritage Property,301 Simcoe St,1877c, ,Italianate, , , ,558.78287296,122.74785343272
9869,Listed Heritage Property,59 Smith St,1907c, ,Late Victorian, , , ,339.43201288,85.063892489687
9870,Listed Heritage Property,81 Smith St,1907c, ,Late Victorian, , , ,335.39869032,84.2819909621262
9871,Listed Heritage Property,1629 Bradley Ave,1835,Beattie Farm,Georgian, , , ,165301.84356182,2064.16182864769
9872,Designated Heritage Property,1929 Hamilton Rd,1810,Bostwick Cemetery, ,IV, ,LSP3384116,4893.26368296,319.469547903262
9873,Listed Heritage Property,24 Redan St,1890c, ,Late Victorian, , , ,423.30021816,99.0733540305446
9874,Listed Heritage Property,138 William St,1897,Thomson/lambton Prop,High Victorian, , , ,273.49663968,79.0039987478729
9875,Listed Heritage Property,1680 Bradley Ave,1855c,Jackson Pool Service,Georgian, , , ,4195.96783848,274.814828696763
9876,Designated Heritage Property,36 Pegler St,1899c, ,Late Victorian,IV, ,LSP348420,490.35382136,94.7365068363314
9877,Listed Heritage Property,87 Smith St,1907c, ,Late Victorian, , , ,334.23855888,84.0656863545249
9878,Listed Heritage Property,760 Walker St,1885, ,Vernacular, , , ,693.10747656,111.092433850231
9879,Listed Heritage Property,134 William St,1881c,Patridge Property,High Victorian, , , ,302.42768944,97.7109642662299
9880,Listed Heritage Property,10 Redan St,1904c, ,Late Victorian, , , ,495.93053888,119.289181379478
9881,Listed Heritage Property,96 Egerton St,1875c, ,Ontario Cottage, , , ,570.86372704,108.630063787269
9882,Listed Heritage Property,2700 Westminster Dr,1865c, ,Georgian, , , ,40433.6450284,805.872644726655
9883,Listed Heritage Property,919 Trafalgar St,1925c,Trafalgar P.s.,Collegiate Gothic, , , ,12628.25856912,567.237737276974
9884,Listed Heritage Property,57 Smith St,1907c, ,Late Victorian, , , ,664.68589952,105.502306486
9885,Designated Heritage Property,115 Dundas St,1865c, , ,V,Downtown Heritage Conservation District,LSP3419124,144.48143542,60.04935971606
9886,Listed Heritage Property,281 Hill St,1890c,Springwell Holdings,Queen Anne, , , ,465.93263176,100.841597580873
9887,Listed Heritage Property,1361 Wilton Grove Rd,1900, ,Queen Anne, , , ,367621.05855424,2695.09026660871
9888,Designated Heritage Property,174 King St,1875c, ,Italianate,V,Downtown Heritage Conservation District,LSP3419124,1257.9029836,161.732478551717
9889,Listed Heritage Property,539 Philip St,1880c, , , , , ,16269.52924248,805.369035414857
9890,Listed Heritage Property,585 Hill St,1868,Mugan Property,Ontario Cottage, , , ,375.61170896,86.0357478472346
9891,Listed Heritage Property,156 Wellington St,1876c,Wellington United Ch,Gothic Revival, , , ,1385.67712608,159.03737034146
9892,Designated Heritage Property,11 Haymarket Pl,1860, ,Neo-classical,IV, ,LSP3078204,1228.7216574,153.57832755949
9893,Listed Heritage Property,16 Wellington Rd,1935c,Dobbyn Printing,Art Moderne, , , ,699.9807848,105.953686107476
9894,Designated Heritage Property,113 Dundas St,1865c, , ,V,Downtown Heritage Conservation District,LSP3419124,177.84997924,67.3136867488526
9895,Listed Heritage Property,35 Josephine St,1900c, ,Vernacular, , , ,461.77491704,99.5047204303557
9896,Listed Heritage Property,527 Nelson St,1881p, , , , , ,369.19080768,88.8560857999671
9897,Listed Heritage Property,154 Madison Ave,1920c, ,Side-hall Plan (shp) Cottage, , , ,387.53016088,83.9885308129539
9898,Listed Heritage Property,77 Smith St,1907c, ,Late Victorian, , , ,336.171252,84.425826486735
9899,Listed Heritage Property,877 Trafalgar St,1890, ,Vernacular, , , ,346.65623984,86.3565129164308
9900,Designated Heritage Property,97 Smith St,1907c, ,Late Victorian,IV, ,LSP3160263,332.302094,83.7057183387399
9901,Listed Heritage Property,22-22A Maitland St,1922c,Ip Property,Italianate, , , ,3496.65428448,255.198012235994
9902,Listed Heritage Property,85 Smith St,1907c, ,Late Victorian, , , ,334.618304,84.1371918373781
9903,Listed Heritage Property,191 Colborne St,1907c, ,Queen Anne, , , ,250.12254568,73.0849645509453
9904,Listed Heritage Property,78 Anderson Ave,1905c, ,Queen Anne, , , ,387.15584448,95.2702418388657
9905,Listed Heritage Property,89 Smith St,1907c, ,Late Victorian, , , ,333.8470844,83.9934473649177
9906,Designated Heritage Property,362-362/ Richmond St,1878, ,Italianate,V,Downtown Heritage Conservation District,LSP3419124,182.70182952,72.1664964723073
9907,Listed Heritage Property,2707-2727 Glanworth Dr,1890, ,Vernacular, , , ,402146.263414,2540.3938512065
9908,Designated Heritage Property,229-231 Dundas St,1877,Mechanics Institute,Second Empire,IV And V,Downtown Heritage Conservation District,LSP3419124,1006.4058408,155.068183728799
9909,Designated Heritage Property,225-227 Dundas St,1915c, , ,V,Downtown Heritage Conservation District,LSP3419124,290.67699284,80.7116283038609
9910,Listed Heritage Property,87-89 Anderson Ave,1906, ,Italianate, , , ,722.3676776,113.030584827334
9911,Designated Heritage Property,"125-127 Dundas St, 32 Covent Market Pl",1920, ,Vernacular,V,Downtown Heritage Conservation District,LSP3419124,487.06324324,110.048066426283
9912,Designated Heritage Property,199 Dundas St,1890,Reid's Crystal Hall,Edwardian,V,Downtown Heritage Conservation District,LSP3419124,914.47988552,151.0122522915
9913,Designated Heritage Property,203-205 Dundas St,1870,Hawthorne Hotel,Georgian,V,Downtown Heritage Conservation District,LSP3419124,648.37252692,145.166345433792
9914,Designated Heritage Property,355-357 Clarence St,1860c,Tyler Spice Mill,Georgian,V,Downtown Heritage Conservation District,LSP3419124,252.16025976,70.3171283427722
9915,Designated Heritage Property,99 Dundas St, , , ,V,Downtown Heritage Conservation District,LSP3419124,19867.83646105,567.025191522993
9916,Designated Heritage Property,"121-123 Dundas St, 20-22 Covent Market P", , , ,V,Downtown Heritage Conservation District,LSP3419124,492.97902296,110.319759115268
9917,Designated Heritage Property,"119 Dundas St, 14 Covent Market Pl", , , ,V,Downtown Heritage Conservation District,LSP3419124,240.31293774,98.8222109840177
9918,Designated Heritage Property,"129 Dundas St, 34 Covent Market Pl", , , ,V,Downtown Heritage Conservation District,LSP3419124,537.95939016,115.803280035625
9919,Designated Heritage Property,131-137 Dundas St, , , ,V,Downtown Heritage Conservation District,LSP3419124,776.22673752,125.209541618272
9920,Designated Heritage Property,141 Dundas St, , , ,V,Downtown Heritage Conservation District,LSP3419124,939.03888494,130.605618143221
9921,Designated Heritage Property,149-151 Dundas St, , , ,V,Downtown Heritage Conservation District,LSP3419124,1996.51796288,178.641131274337
9922,Designated Heritage Property,383 Richmond St, , , ,V,Downtown Heritage Conservation District,LSP3419124,1363.31823944,148.400419713864
9923,Designated Heritage Property,391 Richmond St, , , ,V,Downtown Heritage Conservation District,LSP3419124,1133.63081056,134.686146096762
9924,Designated Heritage Property,365 Richmond St, , , ,V,Downtown Heritage Conservation District,LSP3419124,478.7807368,92.5495599720227
9925,Designated Heritage Property,209 King St, , , ,V,Downtown Heritage Conservation District,LSP3419124,146.49445062,60.2471575599478
9926,Designated Heritage Property,207 King St, , , ,V,Downtown Heritage Conservation District,LSP3419124,144.10248218,60.0529280306192
9927,Designated Heritage Property,347 Clarence St, , , ,V,Downtown Heritage Conservation District,LSP3419124,494.93232384,105.510108373886
9928,Designated Heritage Property,353 Clarence St, , , ,V,Downtown Heritage Conservation District,LSP3419124,239.22976168,70.4151761988289
9929,Designated Heritage Property,172 King St, , , ,V,Downtown Heritage Conservation District,LSP3419124,188.6316844,57.0557667593627
9930,Designated Heritage Property,180-186 King St, , , ,V,Downtown Heritage Conservation District,LSP3419124,1535.83505304,171.070692660431
9931,Designated Heritage Property,376 Richmond St, , , ,V,Downtown Heritage Conservation District,LSP3419124,456.53459592,96.4849907521757
9932,Designated Heritage Property,374 Richmond St, , , ,V,Downtown Heritage Conservation District,LSP3419124,182.39338776,74.6755318996558
9933,Designated Heritage Property,169-173 Dundas St, , , ,V,Downtown Heritage Conservation District,LSP3419124,887.06233496,139.571473968502
9934,Designated Heritage Property,181 Dundas St, , , ,V,Downtown Heritage Conservation District,LSP3419124,404.37080272,134.62269787417
9935,Designated Heritage Property,221/-223 Dundas St, , , ,V,Downtown Heritage Conservation District,LSP3419124,170.27876322,71.8056735075587
9936,Designated Heritage Property,"219-221 Dundas St, 398 Clarence St", , , ,V,Downtown Heritage Conservation District,LSP3419124,740.40720006,150.072366263429
9937,Designated Heritage Property,392-396 Clarence St, , , ,V,Downtown Heritage Conservation District,LSP3419124,610.70017476,103.193113759954
9938,Designated Heritage Property,345-345/ Clarence St, , , ,V,Downtown Heritage Conservation District,LSP3419124,396.62305152,83.7990675676469
9939,Designated Heritage Property,359 Clarence St, , , ,V,Downtown Heritage Conservation District,LSP3419124,126.20273186,57.4330877698017
9940,Designated Heritage Property,389-391 Clarence St, , , ,V,Downtown Heritage Conservation District,LSP3419124,523.25135376,98.4888286857068
9941,Listed Heritage Property,2497 Dingman Dr, , , , , , ,131918.06937312,1455.01794928381
9942,Designated Heritage Property,139 Dundas St, , , ,V,Downtown Heritage Conservation District,LSP3419124,399.19405896,106.037292615625
9943,Designated Heritage Property,197 Dundas St, , , ,V,Downtown Heritage Conservation District,LSP3419124,6559.02685366,432.756948269857
9944,Listed Heritage Property,2106 Glanworth Dr,1885, , , , , ,470151.48036785,4071.68026498252
9945,Listed Heritage Property,406 Grey St,1879, ,Vernacular, , , ,585.93439864,96.8354160376499
9946,Listed Heritage Property,591 Hamilton Rd, , , , , , ,550.91592888,96.0722233573732
9947,Designated Heritage Property,128-130 King St,1914, , ,V,Downtown Heritage Conservation District,LSP3419124,7420.60181952,365.560219383992
9948,Designated Heritage Property,189 King St,1877, ,High Victorian,V,Downtown Heritage Conservation District,LSP3419124,2039.82572331,223.996149008353
9949,Listed Heritage Property,2472 Manning Dr, , , , , , ,396163.93826432,2522.77659972841
9950,Listed Heritage Property,2910 Manning Dr,c1925, ,Utilitarian style, , , ,265352.7428248,2127.80710887678
9951,Designated Heritage Property,10-24 Meadowlily Rd S, ,Includes Bridge, ,IV, ,LSP3427299,19416.279103745,760.302938675403
9953,Designated Heritage Property,378 Richmond St, , , ,V,Downtown Heritage Conservation District,LSP3419124,398.76483328,90.4069855496685
9954,Designated Heritage Property,380 Richmond St, , , ,V,Downtown Heritage Conservation District,LSP3419124,344.46944424,89.7458207920698
9955,Designated Heritage Property,2770 Sheffield Pl, , , ,IV, ,LSP3402347,2667.56102413,219.323752748509
9956,Listed Heritage Property,4680 Wellington Rd S, , , , , , ,650069.451752905,3806.60956863759
9957,Designated Heritage Property,196 York St, , , ,V,Downtown Heritage Conservation District,LSP3419124,3554.95807968,344.579676407371
9958,Listed Heritage Property,888-944 Western Counties Rd, , , , , , ,244342.042578275,3362.28629196707
9959,Listed Heritage Property,"906, 924 Western Counties Rd", , , , , , ,387388.0364416,3436.32772774246
9961,Listed Heritage Property,600 Pond Mills Rd, , , , , , ,7649.0358384,413.702693677996
9962,Listed Heritage Property,615 Pond Mills Rd, , , , , , ,3026.957100725,234.497941971177
9963,Designated Heritage Property,Easement, , , ,V,Downtown Heritage Conservation District,LSP3419124,217.320184105,142.083621800672
9964,Designated Heritage Property,Easement, , , ,V,Downtown Heritage Conservation District,LSP3419124,191.05533662,127.499852780977
9965,Designated Heritage Property,211 King St,1890c,Novack's,Italianate,V,Downtown Heritage Conservation District,LSP3419124,142.79676018,59.9342813723326
9966,Designated Heritage Property,267 Dundas St,1929,Toronto-dominion Bank,Renaissance Revival,IV And V,Downtown Heritage Conservation District,LSP3419124,49.93051288,34.6243547796548
9967,Designated Heritage Property,300 King St, , , ,V,Downtown Heritage Conservation District,LSP3419124,172.81724552,66.9865230349091
9968,Designated Heritage Property,357 Clarence St,1860c,Tyler Spice Mill,Georgian,V,Downtown Heritage Conservation District,LSP3419124,39.43602304,26.9709637425795
9969,Designated Heritage Property,Easement, , , ,V,Downtown Heritage Conservation District,LSP3419124,191.60538642,129.88311283847
9970,Designated Heritage Property,359 Clarence St, , , ,V,Downtown Heritage Conservation District,LSP3419124,39.15813408,25.8875674782968
9971,Designated Heritage Property,359 Clarence St, , , ,V,Downtown Heritage Conservation District,LSP3419124,44.0594028,29.9691954410772
9972,Listed Heritage Property,5200 Wellington Rd S,1962 - 1963,Regina Mundi Cath. College,Mid-Century Modern, , , ,290071.14011288,2164.02470780671
9973,Listed Heritage Property,47 Riverview Ave,1915c, ,Edwardian, , , ,669.45483608,130.825455222211
9974,Designated Heritage Property,224 Richmond St,1886c, ,High Victorian,IV, ,LSP3375332,199.77703736,79.1262881079023
9975,Designated Heritage Property,23 Beaconsfield Ave,1909c, ,Vernacular,V,Wortley Village-Old South Heritage Conservation Distric,LSP3439321,735.12976416,145.415437387143
9976,Listed Heritage Property,211-213/ Wellington St,1860c,Smith Property,Georgian, , , ,275.56596552,69.139206593871
9977,Listed Heritage Property,85 Stanley St,1895,Lozon Reginald J.,Ontario Cottage, , , ,490.74942144,104.912338010051
9978,Listed Heritage Property,57 Becher St,1888c, ,Ontario Cottage, , , ,564.25725336,108.448186952119
9979,Designated Heritage Property,335-339 Richmond St,1882,Robinson - Little Blk,High Victorian,V,Downtown Heritage Conservation District,LSP3419124,1011.4208556,177.815278807405
9980,Listed Heritage Property,22 Becher St,1895c, ,Queen Anne, , , ,270.17825576,68.7131684833866
9981,Listed Heritage Property,223 Grey St,1886c,Graham, , , , ,342.19691296,82.2721103246584
9982,Listed Heritage Property,30 Stanley St,1888,Peismalietis Propert,Italianate, , , ,378.33551184,145.339177025327
9983,Designated Heritage Property,"1-55 York St, 309 Thames St",1895c,Guildwood's, ,V,Downtown Heritage Conservation District,LSP3419124,3675.576383005,248.602011049657
9984,Listed Heritage Property,206 Clarence St,1880p, ,Vernacular, , , ,130.31465352,48.745774941802
9985,Listed Heritage Property,40 Riverview Ave,1895c, ,Queen Anne, , , ,580.35198096,101.155807233489
9986,Listed Heritage Property,22 The Ridgeway,1900, ,Eclectic, , , ,1279.33347712,166.010907330945
9987,Designated Heritage Property,354 Richmond St,1874, ,Italianate,V,Downtown Heritage Conservation District,LSP3419124,183.27003576,72.4017303763467
9988,Listed Heritage Property,32 Wharncliffe Rd S,1899,Martineau Property,Vernacular, , , ,334.6675028,76.92295669476
9989,Listed Heritage Property,186 Clarence St,1878, ,Vernacular, , , ,255.90996816,81.9965298570742
9990,Designated Heritage Property,"355-359 Ridout St N, 45 King St",1865c,Peter Macgregor's,Georgian Revival,V,Downtown Heritage Conservation District,LSP3419124,2854.076950035,240.131704592547
9991,Listed Heritage Property,231 Wellington St,1884c, ,Italianate, , , ,354.4895276,87.8753150843689
9993,Listed Heritage Property,267 Thames St,1878c, ,Vernacular, , , ,387.99696768,90.2015741741414
9994,Designated Heritage Property,"399 Ridout St N, 50 King St",1829c,Middlesex Crt House,Gothic Revival,IV And V,Downtown Heritage Conservation District,LSP3419124,14844.7515488,500.850167040872
9995,Listed Heritage Property,12 The Ridgeway,1895c,Burns Joan E.,Queen Anne, , , ,947.86864848,155.595484874231
9996,Designated Heritage Property,346 Richmond St,1875c, ,Italianate,V,Downtown Heritage Conservation District,LSP3419124,180.86321112,71.3151239919417
9997,Listed Heritage Property,98 Stanley St,1899c, ,Gothic Revival, , , ,445.33604784,94.4364632342144
9998,Listed Heritage Property,263 Thames St,1884c, ,Ontario Farmhouse, , , ,306.33271384,85.3327043520806
9999,Designated Heritage Property,7 York St,1862, ,High Victorian,V,Downtown Heritage Conservation District,LSP3419124,297.55337666,123.735649099447
10000,Designated Heritage Property,100 Stanley St,1896, ,Queen Anne,IV, , ,677.5804008,105.709835168674
10001,Listed Heritage Property,20 The Ridgeway,1902,Russell Property,Eclectic, , , ,1227.55413208,156.590426282377
10002,Designated Heritage Property,21 Beaconsfield Ave,1909c, ,Vernacular,V,Wortley Village-Old South Heritage Conservation Distric,LSP3439321,755.3114604,148.77278956569
10003,Listed Heritage Property,201-203 Wellington St,1883,Beim Property,High Victorian, , , ,190.29165528,58.1343635876282
10004,Designated Heritage Property,342 Richmond St,1875c, ,Italianate,V,Downtown Heritage Conservation District,LSP3419124,163.29893888,70.2809137912911
10005,Designated Heritage Property,331 Talbot St,1855c,Hotel Brunswick,Georgian,V,Downtown Heritage Conservation District,LSP3419124,980.86716027,125.466742289241
10006,Listed Heritage Property,10 The Ridgeway,1915c, , , , , ,952.15557816,162.502074329612
10007,Listed Heritage Property,89 Becher St,1896, ,Queen Anne Cottage, , , ,458.2332124,117.659134706285
10008,Listed Heritage Property,37 Evergreen Ave,1890c, ,Queen Anne, , , ,845.22163928,141.599499725049
10009,Designated Heritage Property,1 Dundas St,1880c,Forks Museum,Ontario Cottage,IV And V,Downtown Heritage Conservation District,LSP3419124,523.55884048,99.2261518356578
10010,Listed Heritage Property,44 Stanley St,1880c,Steven Victoria,Italianate, , , ,639.39826676,150.673362362157
10011,Listed Heritage Property,32 Stanley St,1888,Johnson Property,Italianate, , , ,580.11365032,150.479534137144
10012,Listed Heritage Property,56 Riverview Ave,1880, ,Italianate, , , ,421.1291856,93.5105443057504
10013,Listed Heritage Property,3 O'brien St,1910c, ,Eclectic, , , ,2379.508954865,213.407643949945
10014,Listed Heritage Property,272 Talbot St,1881p, ,Italianate, , , ,506.495486,97.1266986414566
10015,Listed Heritage Property,75 Stanley St,1878c, ,Italianate, , , ,663.51212952,113.564652423574
10016,Listed Heritage Property,62 Stanley St,1875c, ,Italianate, , , ,641.20752296,141.771219537928
10017,Designated Heritage Property,11 York St,1874, ,Georgian,V,Downtown Heritage Conservation District,LSP3419124,411.63564534,127.641260445895
10018,Listed Heritage Property,30 Evergreen Ave,1900c, ,Vernacular, , , ,703.58473536,139.863073561368
10019,Designated Heritage Property,88-90 York St,1911, , ,V,Downtown Heritage Conservation District,LSP3419124,1353.89455792,234.66444716806
10020,Listed Heritage Property,48 Stanley St,1885,Edwards Property,Italianate, , , ,724.92604838,168.066155506423
10021,Designated Heritage Property,43 Evergreen Ave,1870, ,Regency,IV, ,LSP3154242,847.05638888,141.840281615388
10022,Designated Heritage Property,347-351 Talbot St,1886c, ,Italianate,V,Downtown Heritage Conservation District,LSP3419124,451.07327208,93.6042155385121
10023,Designated Heritage Property,19 Beaconsfield Ave,1904c, ,Vernacular,V,Wortley Village-Old South Heritage Conservation Distric,LSP3439321,579.29549424,117.436257928227
10024,Listed Heritage Property,257 Thames St,1884c, , , , , ,316.57358432,85.9467819587308
10025,Designated Heritage Property,350 Richmond St,1875c, ,Italianate,V,Downtown Heritage Conservation District,LSP3419124,184.768974,72.8942226362289
10026,Designated Heritage Property,29 Beaconsfield Ave,1904c, ,Vernacular,V,Wortley Village-Old South Heritage Conservation Distric,LSP3439321,666.9124476,134.951169241228
10027,Designated Heritage Property,49 Riverview Ave,1910, ,Arts And Crafts,IV, ,LSP218157,1406.3147116,163.887161675844
10028,Designated Heritage Property,330 Clarence St,1901,Seigel's Shoes, ,IV And V,Downtown Heritage Conservation District,LSP3419124,379.4202464,89.7386160180398
10029,Designated Heritage Property,143-151 York St,1915c, , ,V,Downtown Heritage Conservation District,LSP3419124,3301.50454408,253.800407457254
10030,Designated Heritage Property,344 Richmond St,1875c, ,Italianate,V,Downtown Heritage Conservation District,LSP3419124,163.13277016,70.2204576126685
10031,Listed Heritage Property,268 Clarence St,1885c, ,Italianate, , , ,449.51299424,93.8839016981285
10032,Designated Heritage Property,340 Richmond St,1875c, ,Italianate,V,Downtown Heritage Conservation District,LSP3419124,163.46760032,70.3415383667249
10033,Listed Heritage Property,34 Evergreen Ave,1900c, ,Shingle, , , ,785.90776876,140.20031174874
10034,Listed Heritage Property,3 Horn St,1895c, ,Queen Anne, , , ,318.55967584,71.9011756376685
10035,Designated Heritage Property,353 Richmond St,1915c,London&western Trus,Neo-classical,IV And V,Downtown Heritage Conservation District,LSP3419124,839.10099632,196.307797732922
10036,Designated Heritage Property,21-45 York St,1890c,Copps Builders Supply,Late Victorian,V,Downtown Heritage Conservation District,LSP3419124,6984.33880424,340.159064725456
10037,Designated Heritage Property,"300 Ridout St N, 57-85 York St",1881,Western Wire & Nail,Italianate,V,Downtown Heritage Conservation District,LSP3419124,7325.47350984,346.214975241698
10038,Designated Heritage Property,101-101B King St,1890c, , ,V,Downtown Heritage Conservation District,LSP3419124,135.02095104,46.6811937767222
10039,Designated Heritage Property,226 Richmond St,1886,Agnos Property,High Victorian,IV, ,LSP3375332,199.6876704,79.1027420780771
10040,Listed Heritage Property,51 Riverview Ave,1925c, ,Queen Anne, , , ,876.38654803,149.867632820369
10041,Listed Heritage Property,28 Stanley St,1888, ,Italianate, , , ,379.62919088,144.503993643712
10042,Listed Heritage Property,18 The Ridgeway,1900c,Kirshin Property,Queen Anne, , , ,1180.34070088,157.775873972815
10043,Designated Heritage Property,343 Richmond St,1882,Robinson-little Blk.,High Victorian,V,Downtown Heritage Conservation District,LSP3419124,1677.75255728,215.24811518088
10044,Designated Heritage Property,359 Talbot St,1925c,Market Furniture,Red Brick Commercial,V,Downtown Heritage Conservation District,LSP3419124,609.73878928,103.330733217593
10045,Listed Heritage Property,49 Becher St,1882c, , , , , ,448.45857184,102.349216752832
10046,Listed Heritage Property,16 The Ridgeway,1905,Laforte Property, , , , ,813.19075848,146.497405358129
10047,Designated Heritage Property,356-356B Richmond St,1883c, ,Italianate,V,Downtown Heritage Conservation District,LSP3419124,182.77796448,72.2386127157897
10048,Designated Heritage Property,25 Beaconsfield Ave,1904c, ,Vernacular,V,Wortley Village-Old South Heritage Conservation Distric,LSP3439321,757.25163824,143.423433069677
10049,Designated Heritage Property,360-360/ Richmond St,1881, ,Italianate,V,Downtown Heritage Conservation District,LSP3419124,182.74915616,72.1706584312145
10050,Listed Heritage Property,32 Evergreen Ave,1900c, ,Edwardian, , , ,867.90516272,144.443305596475
10051,Designated Heritage Property,27-27/ Beaconsfield Ave,1909c, ,Vernacular,V,Wortley Village-Old South Heritage Conservation Distric,LSP3439321,722.49718752,144.117312151882
10052,Designated Heritage Property,13-15 York St,1874, ,Georgian,V,Downtown Heritage Conservation District,LSP3419124,552.26985552,102.805124556003
10053,Listed Heritage Property,221 Grey St,1886c, ,Side-hall Plan (shp) Cottage, , , ,289.00708736,78.7878035467052
10054,Listed Heritage Property,12 Evergreen Ave,1895c, ,Queen Anne, , , ,312.41825216,74.4688617586888
10055,Listed Heritage Property,41 The Ridgeway,1925c,Newton Property,Bungalow, , , ,406.4114672,100.954254563228
10056,Designated Heritage Property,174-182 York St,1883,Granite Block, ,V,Downtown Heritage Conservation District,LSP3419124,1558.704662845,172.439073093074
10057,Listed Heritage Property,39 Evergreen Ave,1895c, ,Queen Anne, , , ,846.13737408,141.719669880828
10058,Listed Heritage Property,54 Stanley St,1879c, ,Italianate, , , ,1264.72585432,166.049824553483
10059,Designated Heritage Property,216 York St,1870c,York Hotel,High Victorian,V,Downtown Heritage Conservation District,LSP3419124,601.27003392,99.0803653660634
10060,Listed Heritage Property,80 Becher St,1870c, ,Ontario Cottage, , , ,435.67601688,102.299652275452
10061,Designated Heritage Property,31 Beaconsfield Ave,1909c, ,Vernacular,V,Wortley Village-Old South Heritage Conservation Distric,LSP3439321,611.51583336,125.791849495886
10062,Listed Heritage Property,202 Simcoe St,1881, ,High Victorian, , , ,339.239828,104.821810608129
10063,Listed Heritage Property,230 Grey St,1887c, ,Italianate, , , ,713.54096352,145.827339562931
10064,Listed Heritage Property,46 Stanley St,1875c,Steven Robin P.,Italianate, , , ,582.32946896,136.254201372021
10065,Designated Heritage Property,333 Richmond St,1882,Robinson-little Blk.,High Victorian,V,Downtown Heritage Conservation District,LSP3419124,318.95339626,97.6355956805493
10066,Listed Heritage Property,264 Clarence St,1888c, ,Second Empire, , , ,204.32157704,79.2630447107461
10067,Listed Heritage Property,66 Stanley St,1880c,Hewitt Michele Lee,Ontario Cottage, , , ,840.16131788,145.262036731893
10068,Listed Heritage Property,40 Becher St,1856,Wincomblea,Georgian, , , ,1098.63684728,135.428136379028
10069,Listed Heritage Property,65 Stanley St,1870c, ,Eclectic, , , ,302.61360224,77.117003369179
10070,Listed Heritage Property,215 Wellington St,1879, , , , , ,505.6314812,96.8998989761244
10071,Listed Heritage Property,163 Clarence St,1907c, ,Queen Anne, , , ,260.69715984,65.5538678660619
10072,Listed Heritage Property,24 Evergreen Ave,1900c, ,Vernacular, , , ,722.57357424,142.982963138523
10073,Listed Heritage Property,58 Stanley St,1885c, ,Italianate, , , ,697.123145,146.259205592063
10074,Listed Heritage Property,225 Grey St,1886c, ,Side-hall Plan (shp) Cottage, , , ,360.31768208,83.3852780314508
10075,Designated Heritage Property,119-121 King St,1920c, ,Art Deco,V,Downtown Heritage Conservation District,LSP3419124,769.73641644,141.71492137292
10076,Listed Heritage Property,26 The Ridgeway,1905c,Mclellan Property,Vernacular, , , ,1239.89044712,173.303740514425
10077,Listed Heritage Property,90 Stanley St,1870c, ,Ontario Cottage, , , ,669.70338426,116.084916991935
10078,Listed Heritage Property,80-82 Stanley St,1887,Russel Property,Eclectic, , , ,708.71025128,127.765877884437
10079,Listed Heritage Property,190 Clarence St,1880p, ,Side-hall Plan (shp) Cottage, , , ,307.7372404,85.2087129558998
10080,Designated Heritage Property,155 York St,1942, ,Art Moderne,V,Downtown Heritage Conservation District,LSP3419124,1994.156598,184.021976719964
10081,Listed Heritage Property,50 Stanley St,1886c, ,Queen Anne, , , ,1288.26048688,168.379303707045
10082,Designated Heritage Property,350 Talbot St,1890,Ann Mccoll's Kitchen,Romanesque Revival,IV And V,Downtown Heritage Conservation District,LSP3419124,512.2432615,97.9739168471779
10083,Listed Heritage Property,2 The Ridgeway,1895c, ,Eclectic, , , ,700.45077408,120.01198839203
10084,Listed Heritage Property,188 Clarence St,1881p, ,Vernacular, , , ,256.33660624,82.1071534041091
10085,Listed Heritage Property,269 Thames St,1878c, ,Vernacular, , , ,265.46268024,82.8877669067868
10086,Listed Heritage Property,47 Evergreen Ave,1870c, , , , , ,357.31438248,95.1929078851414
10087,Listed Heritage Property,41 Riverview Ave,1895c, ,Late Victorian, , , ,1020.90811976,139.943166737221
10088,Listed Heritage Property,256 Richmond St,1917c,New Eng. Land Corp.,Tudor Revival, , , ,322.64474672,85.5648666837437
10089,Designated Heritage Property,9 York St,1895,Aboutown Trans. Ltd.,High Victorian,V,Downtown Heritage Conservation District,LSP3419124,342.10801024,125.251142859267
10090,Listed Heritage Property,34 The Ridgeway,1885c,Halwa/u'ren Property,Queen Anne, , , ,2354.68107088,212.091674599021
10091,Designated Heritage Property,357 Talbot St,1865c, ,Vernacular,V,Downtown Heritage Conservation District,LSP3419124,152.26765536,75.8169464384012
10092,Listed Heritage Property,203 Bathurst St,1920c, ,Art Deco, , , ,6019.33319128,320.096601153364
10093,Designated Heritage Property,186 York St,1908,Gardner Galleries, ,V,Downtown Heritage Conservation District,LSP3419124,918.21720676,151.202200511133
10094,Designated Heritage Property,36 York St,1890, ,Tudor Revival,V,Downtown Heritage Conservation District,LSP3419124,1122.72563492,158.057565977916
10095,Designated Heritage Property,99 King St,1870c, , ,V,Downtown Heritage Conservation District,LSP3419124,125.84866856,105.786660633279
10096,Designated Heritage Property,332 Richmond St,1879,Grigg Hotel,Italianate,V,Downtown Heritage Conservation District,LSP3419124,821.26757014,114.712437389861
10097,Listed Heritage Property,208 Clarence St,1879, ,Vernacular, , , ,124.10807192,48.0850056215617
10098,Listed Heritage Property,16 Horn St,1870c,Zebrowski George,Ontario Cottage, , , ,526.86558304,92.6194530941274
10099,Listed Heritage Property,196-198 Clarence St,1870, , , , , ,548.2059888,99.5850691424303
10100,Designated Heritage Property,95-97 King St,1900c, , ,V,Downtown Heritage Conservation District,LSP3419124,464.4972804,137.465439369632
10101,Listed Heritage Property,42 Riverview Ave,1870c, ,Ontario Cottage, , , ,704.00830384,114.730679231463
10102,Listed Heritage Property,158 Clarence St,1881p, ,Vernacular, , , ,376.43887944,89.6385031002369
10103,Designated Heritage Property,"103-105 King St, 365 Talbot St",1881c,Market Furniture,High Victorian,V,Downtown Heritage Conservation District,LSP3419124,217.18850952,59.5353170548075
10104,Designated Heritage Property,304 Talbot St,1924, ,Vernacular,V,Downtown Heritage Conservation District,LSP3419124,2969.24464336,418.746074294886
10105,Listed Heritage Property,169-171 Wellington St,1890,Cooper Investments,Queen Anne, , , ,335.39896344,75.769939175377
10106,Listed Heritage Property,23 Becher St,1875c, ,Italianate, , , ,565.53930984,98.8030422162009
10107,Listed Heritage Property,88-90/ Becher St,1898c, ,Queen Anne, , , ,704.92424952,115.616323337998
10108,Listed Heritage Property,15-21 Stanley St,1843,Lancaster Ter/henrick,Eclectic, , , ,1653.8878624,159.477878938601
10109,Listed Heritage Property,45-47 Stanley St,1880c, ,Vernacular, , , ,810.5697824,120.770093931229
10110,Designated Heritage Property,"109-113 King St, 360-366 Talbot St",1870c,Bank Hotel,Georgian Revival,V,Downtown Heritage Conservation District,LSP3419124,432.26923008,87.083581293655
10111,Designated Heritage Property,125-127 King St,1914, , ,V,Downtown Heritage Conservation District,LSP3419124,707.21109112,139.249617201066
10113,Designated Heritage Property,339-345 Talbot St,1886c, ,Italianate,V,Downtown Heritage Conservation District,LSP3419124,1213.8044172,168.547217359043
10114,Designated Heritage Property,15 Beaconsfield Ave, , , ,V,Wortley Village-Old South Heritage Conservation Distric,LSP3439321,273.89847328,78.2345963825946
10115,Designated Heritage Property,17-17/ Beaconsfield Ave, , , ,V,Wortley Village-Old South Heritage Conservation Distric,LSP3439321,297.5997792,78.6247886241245
10116,Designated Heritage Property,9 Beaconsfield Ave, , , ,V,Wortley Village-Old South Heritage Conservation Distric,LSP3439321,368.39737792,93.8627761031794
10117,Designated Heritage Property,11 Beaconsfield Ave, , , ,V,Wortley Village-Old South Heritage Conservation Distric,LSP3439321,313.32781072,82.7730693070801
10118,Designated Heritage Property,47 Wortley Rd, , , ,V,Wortley Village-Old South Heritage Conservation Distric,LSP3439321,332.3489276,80.8319249943714
10119,Designated Heritage Property,49 Wortley Rd, , , ,V,Wortley Village-Old South Heritage Conservation Distric,LSP3439321,281.594404,73.283747133064
10120,Designated Heritage Property,21 King St, , , ,V,Downtown Heritage Conservation District,LSP3419124,3374.6900095,236.424471571955
10121,Designated Heritage Property,19 King St, , , ,V,Downtown Heritage Conservation District,LSP3419124,1375.6463589,170.041150935293
10122,Designated Heritage Property,345-349 Ridout St N, , , ,V,Downtown Heritage Conservation District,LSP3419124,2173.48013044,245.382950464549
10123,Designated Heritage Property,337 Ridout St N, , , ,V,Downtown Heritage Conservation District,LSP3419124,1334.53250755,144.803801620519
10124,Designated Heritage Property,40 York St, , , ,V,Downtown Heritage Conservation District,LSP3419124,1926.65576352,182.043583411455
10125,Designated Heritage Property,24 York St, , , ,V,Downtown Heritage Conservation District,LSP3419124,159.06408382,56.4999805652108
10126,Designated Heritage Property,17 York St, , , ,V,Downtown Heritage Conservation District,LSP3419124,664.95785752,112.794106406641
10127,Designated Heritage Property,101 York St, , , ,V,Downtown Heritage Conservation District,LSP3419124,4186.25124026,280.549630113245
10128,Designated Heritage Property,330-350 Ridout St N, , , ,V,Downtown Heritage Conservation District,LSP3419124,4910.20349683,281.618505247248
10129,Designated Heritage Property,65-71 King St, , , ,V,Downtown Heritage Conservation District,LSP3419124,2626.10502592,205.576212749949
10130,Designated Heritage Property,82-84 York St, , , ,V,Downtown Heritage Conservation District,LSP3419124,1668.86519538,170.472049911669
10131,Designated Heritage Property,353-355 Talbot St, , , ,V,Downtown Heritage Conservation District,LSP3419124,278.66306688,83.3362499605941
10132,Designated Heritage Property,93 King St, , , ,V,Downtown Heritage Conservation District,LSP3419124,419.03368672,130.031966441704
10133,Designated Heritage Property,89 King St, , , ,V,Downtown Heritage Conservation District,LSP3419124,735.00915376,124.077888192132
10134,Designated Heritage Property,352-358 Talbot St, , , ,V,Downtown Heritage Conservation District,LSP3419124,515.78768279,97.9349978812321
10135,Designated Heritage Property,120 York St, , , ,V,Downtown Heritage Conservation District,LSP3419124,1953.83169871,177.125195796988
10136,Designated Heritage Property,117 King St, , , ,V,Downtown Heritage Conservation District,LSP3419124,250.76308854,73.5436451647031
10137,Designated Heritage Property,115 King St, , , ,V,Downtown Heritage Conservation District,LSP3419124,239.92799808,72.8025466021776
10138,Designated Heritage Property,123 King St, , , ,V,Downtown Heritage Conservation District,LSP3419124,354.10619104,127.047116670706
10139,Designated Heritage Property,141 King St, , , ,V,Downtown Heritage Conservation District,LSP3419124,195.32492048,80.2229047346334
10140,Designated Heritage Property,143-146 King St, , , ,V,Downtown Heritage Conservation District,LSP3419124,607.14574896,138.331976453339
10141,Designated Heritage Property,147-149 King St, , , ,V,Downtown Heritage Conservation District,LSP3419124,357.99746448,84.0313011955541
10142,Designated Heritage Property,361 Richmond St, , , ,V,Downtown Heritage Conservation District,LSP3419124,492.91893944,96.5468322597163
10143,Designated Heritage Property,329-331 Richmond St, , , ,V,Downtown Heritage Conservation District,LSP3419124,859.311954705,123.918222272483
10144,Designated Heritage Property,117-125 York St, , , ,V,Downtown Heritage Conservation District,LSP3419124,1919.72856936,182.10544121554
10145,Designated Heritage Property,148 York St, , , ,V,Downtown Heritage Conservation District,LSP3419124,747.949783395,115.348432073693
10146,Designated Heritage Property,111 York St, , , ,V,Downtown Heritage Conservation District,LSP3419124,839.4244572,116.622662519846
10147,Designated Heritage Property,205 York St, , , ,V,Downtown Heritage Conservation District,LSP3419124,4816.37636108,438.277181805403
10148,Designated Heritage Property,217 York St, , , ,V,Downtown Heritage Conservation District,LSP3419124,4551.83574464,300.472039422701
10149,Designated Heritage Property,210 York St, , , ,V,Downtown Heritage Conservation District,LSP3419124,380.69267688,86.9159124972875
10150,Designated Heritage Property,184 York St, , , ,V,Downtown Heritage Conservation District,LSP3419124,448.552963985,136.368033593053
10151,Designated Heritage Property,352 Richmond St, , , ,V,Downtown Heritage Conservation District,LSP3419124,368.05599864,84.8207208727798
10152,Designated Heritage Property,344/ Richmond St, , , ,V,Downtown Heritage Conservation District,LSP3419124,181.06705,71.3820032154497
10153,Designated Heritage Property,, , , ,V,Downtown Heritage Conservation District,LSP3419124,6641.4988753,323.7175774203
10154,Listed Heritage Property,177 Clarence St,1888, ,Ontario Cottage, , , ,175.82614752,60.8899740317494
10155,Designated Heritage Property,341 Clarence St, , , ,V,Downtown Heritage Conservation District,LSP3419124,218.13327872,75.2529845965882
10156,Designated Heritage Property,75 King St, , , ,V,Downtown Heritage Conservation District,LSP3419124,2642.64915536,337.998764828431
10157,Designated Heritage Property,131 King St,1914, , ,V,Downtown Heritage Conservation District,LSP3419124,2868.51231351,306.696500457405
10158,Designated Heritage Property,351 Richmond St, , , ,V,Downtown Heritage Conservation District,LSP3419124,251.62175808,82.0397312760321
10159,Listed Heritage Property,"150 Simcoe St, 197 Richmond St",1879c,Rogolino Property,Italianate, , , ,28063.04706113,675.016197839377
10160,Listed Heritage Property,1-3 Bathurst St,1893, ,High Victorian, , , ,6428.5579484,421.285791100188
10161,Designated Heritage Property,330 Thames St, , , ,V,Downtown Heritage Conservation District,LSP3419124,3811.569022885,353.331578854559
10162,Designated Heritage Property,331 Thames St, , , ,V,Downtown Heritage Conservation District,LSP3419124,7216.471434045,345.902139974669
10163,Listed Heritage Property,261 Wellington St, , , , , , ,403.69388008,98.7848744070603
10164,Designated Heritage Property,19 York St, , , ,V,Downtown Heritage Conservation District,LSP3419124,283.3561728,70.7322987840159
10165,Designated Heritage Property,32 York St,1890, ,Tudor Revival,V,Downtown Heritage Conservation District,LSP3419124,892.65472138,150.404440829079
10166,Designated Heritage Property,52 York St, , , ,V,Downtown Heritage Conservation District,LSP3419124,1082.07608464,157.085841494331
10167,Designated Heritage Property,126 York St, , , ,V,Downtown Heritage Conservation District,LSP3419124,3211.93198034,291.098280138374
10168,Designated Heritage Property,89 York St, , , ,V,Downtown Heritage Conservation District,LSP3419124,756.89950752,119.932829168931
10169,Designated Heritage Property,135 York St, , , ,V,Downtown Heritage Conservation District,LSP3419124,712.05230192,107.175912975346
10170,Designated Heritage Property,195 York St,1942, ,Art Moderne,V,Downtown Heritage Conservation District,LSP3419124,2455.92680152,199.389565539582
10171,Designated Heritage Property,197 York St,1942, ,Art Moderne,V,Downtown Heritage Conservation District,LSP3419124,4597.24632736,307.3768826656
10172,Listed Heritage Property,21 Wharncliffe Rd S, , , , , , ,7138.15509944,367.924263512017
10173,Designated Heritage Property,33 Beaconsfield Ave,1909c, ,Vernacular,V,Wortley Village-Old South Heritage Conservation Distric,LSP3439321,556.39401264,116.643061802287
10174,Designated Heritage Property,41 Ridout St S,1911,Francis Jayne E.,Queen Anne,V,Wortley Village-Old South Heritage Conservation Distric,LSP3439321,489.3677116,105.17988706944
10175,Listed Heritage Property,135 Clarence St,1880p, ,Italianate, , , ,348.488676,87.8263831470107
10176,Listed Heritage Property,144 Clarence St,1881p, ,Ontario Cottage, , , ,312.26487248,86.0655649612329
10177,Listed Heritage Property,139 Wellington St,1868,Beckett Property,Georgian Revival, , , ,211.89451792,79.1892998681713
10178,Designated Heritage Property,72 Byron Ave E,1891p, ,Italianate,V,Wortley Village-Old South Heritage Conservation Distric,LSP3439321,704.38879716,122.94439076969
10179,Listed Heritage Property,122 Clarence St,1880, ,Vernacular, , , ,348.76324544,77.3513042201398
10180,Listed Heritage Property,111 Clarence St,1905c, ,Side-hall Plan (shp) Cottage, , , ,340.24462064,87.7364425966223
10181,Designated Heritage Property,37 Ridout St S,1898c,W.o.t.c.h. Property,Queen Anne,IV And V,Wortley Village-Old South Heritage Conservation Distric,LSP2897270,2132.29034272,185.668386818223
10182,Designated Heritage Property,70 Byron Ave E,1891p, ,Italianate,V,Wortley Village-Old South Heritage Conservation Distric,LSP3439321,353.19783828,107.98025763818
10183,Designated Heritage Property,26 Victor St,1891p, ,Italianate,V,Wortley Village-Old South Heritage Conservation Distric,LSP3439321,750.02127584,113.047898052178
10184,Designated Heritage Property,49 Ridout St S,1885,Homes Unlimited,Second Empire,IV And V,Wortley Village-Old South Heritage Conservation Distric,LSP3211333,1978.66910776,182.735786569663
10185,Designated Heritage Property,239 Hill St,1880c,Farquhar Property,Side-hall Plan (shp) Cottage,IV, ,LSP3222412,630.54628664,142.337673571118
10186,Listed Heritage Property,13 Johnston St,1895c, ,Ontario Cottage, , , ,445.53589856,97.5396721540976
10187,Designated Heritage Property,39 Ridout St S,1914,Mckernan J.j.and C.d,Craftsman,V,Wortley Village-Old South Heritage Conservation Distric,LSP3439321,504.62972392,101.549453546524
10188,Designated Heritage Property,53 Euclid Ave,1904c, ,Side-hall Plan (shp) Cottage,V,Wortley Village-Old South Heritage Conservation Distric,LSP3439321,237.67005236,67.4256689511387
10189,Designated Heritage Property,41 Craig St,1905c, ,Queen Anne,V,Wortley Village-Old South Heritage Conservation Distric,LSP3439321,602.42824632,140.153483464354
10190,Listed Heritage Property,234-236 South St,1881, ,Gothic Revival, , , ,810.36771224,145.736145190183
10191,Listed Heritage Property,261 South St,1896, ,Vernacular, , , ,933.28358616,152.999872644917
10192,Designated Heritage Property,45 Beaconsfield Ave,1904c, ,Vernacular,V,Wortley Village-Old South Heritage Conservation Distric,LSP3439321,363.26567968,85.0899090633942
10193,Listed Heritage Property,109-111 Wellington St,1898, ,Vernacular, , , ,462.43452104,94.7440666724062
10194,Designated Heritage Property,41 Victor St,1891p, ,Eclectic,V,Wortley Village-Old South Heritage Conservation Distric,LSP3439321,632.17692922,163.355749925714
10195,Listed Heritage Property,151 Clarence St,1885c, ,Side-hall Plan (shp) Cottage, , , ,291.94265536,84.4512955269822
10196,Listed Heritage Property,46 Ridout St S,1879,Coughlin P.g.,Italianate, , , ,1230.93664256,167.22311375036
10197,Listed Heritage Property,11 Springbank Dr,1880c, ,Ontario Cottage, , , ,812.51866144,137.19890617292
10198,Listed Heritage Property,50 Ridout St S,1935,Boug Apts., , , , ,2895.48243232,309.174877469758
10199,Listed Heritage Property,12 Springbank Dr,1880, , , , , ,959.25879544,156.640291074846
10200,Designated Heritage Property,60 Euclid Ave,1886, ,Side-hall Plan (shp) Cottage,V,Wortley Village-Old South Heritage Conservation Distric,LSP3439321,677.48693712,134.08487064678
10201,Listed Heritage Property,90 Wharncliffe Rd S,1875c, ,Ontario Cottage, , , ,815.59022008,143.154000649789
10202,Listed Heritage Property,12 Johnston St,1905c, ,Queen Anne Cottage, , , ,481.57747424,103.53643425262
10203,Designated Heritage Property,240 South St,1881, ,Italianate,IV, ,LSP3259177,610.35484472,142.683929911093
10204,Designated Heritage Property,88 Byron Ave E,1891p, ,Side-hall Plan (shp) Cottage,V,Wortley Village-Old South Heritage Conservation Distric,LSP3439321,285.49286936,67.55359713267
10205,Listed Heritage Property,21 Springbank Dr,1890c, ,Late Victorian, , , ,812.0700256,137.139301520841
10206,Designated Heritage Property,43 Beaconsfield Ave,1909c, ,Vernacular,V,Wortley Village-Old South Heritage Conservation Distric,LSP3439321,302.82979752,83.1867630188977
10207,Designated Heritage Property,41 Beaconsfield Ave,1909c, ,Vernacular,V,Wortley Village-Old South Heritage Conservation Distric,LSP3439321,582.23468016,101.18180388656
10208,Listed Heritage Property,267 Hill St,1881c,London Discount Co.,Ontario Cottage, , , ,358.51289288,75.9340789950618
10209,Designated Heritage Property,67-67/ Beaconsfield Ave,1909c, ,Vernacular,V,Wortley Village-Old South Heritage Conservation Distric,LSP3439321,378.31201808,81.9560974642081
10210,Designated Heritage Property,99 Euclid Ave,1851c, ,Vernacular,V,Wortley Village-Old South Heritage Conservation Distric,LSP3439321,2060.50219404,198.029468992469
10211,Designated Heritage Property,17 Victor St,1909c, ,Vernacular,V,Wortley Village-Old South Heritage Conservation Distric,LSP3439321,885.40393938,170.531503390007
10212,Designated Heritage Property,129-131 Wellington St,1872,Winder Property,Regency,IV, ,LSP3409332,410.6226352,91.1115892776279
10213,Designated Heritage Property,29 Victor St,1904c, ,Vernacular,V,Wortley Village-Old South Heritage Conservation Distric,LSP3439321,1447.5448339,207.699413616774
10214,Designated Heritage Property,21 Euclid Ave,1894c, ,Romanesque Revival,V,Wortley Village-Old South Heritage Conservation Distric,LSP3439321,339.25691028,92.9299569239286
10215,Listed Heritage Property,155 Clarence St,1895c, ,Side-hall Plan (shp) Cottage, , , ,293.342096,84.5353837374212
10216,Designated Heritage Property,43 Craig St,1905c, ,Queen Anne,V,Wortley Village-Old South Heritage Conservation Distric,LSP3439321,584.570784,127.555909654783
10217,Listed Heritage Property,32 Ridout St S,1894c, ,Eclectic, , , ,975.43572472,142.072472260188
10218,Listed Heritage Property,119 Wellington St,1883, , , , , ,412.45756936,102.281491679403
10219,Designated Heritage Property,50 Byron Ave E,1886, , ,IV And V,Wortley Village-Old South Heritage Conservation Distric,LSP3143144,502.24048864,96.0686462642707
10220,Listed Heritage Property,22 Springbank Dr,1890c, ,Late Victorian, , , ,598.55590352,109.529118476315
10221,Designated Heritage Property,14 Euclid Ave,1890c, , ,V,Wortley Village-Old South Heritage Conservation Distric,LSP3439321,997.54958872,146.382567901385
10222,Listed Heritage Property,154 Clarence St,1902c, ,Side-hall Plan (shp) Cottage, , , ,343.71490968,87.7387066939048
10223,Designated Heritage Property,69 Beaconsfield Ave,1909c, ,Vernacular,V,Wortley Village-Old South Heritage Conservation Distric,LSP3439321,238.32869416,66.2898766591689
10224,Listed Heritage Property,150 Clarence St,1902c, ,Queen Anne Cottage, , , ,326.29633584,86.7478213759196
10225,Listed Heritage Property,257 South St,1898, ,Vernacular, , , ,1106.21572544,158.62840106745
10226,Listed Heritage Property,157 Clarence St,1902c, , , , , ,524.26830752,98.316436004784
10227,Designated Heritage Property,86 Byron Ave E,1891p, ,Italianate,V,Wortley Village-Old South Heritage Conservation Distric,LSP3439321,715.43016912,124.144147843561
10228,Designated Heritage Property,68 Byron Ave E,1891p, ,Italianate,V,Wortley Village-Old South Heritage Conservation Distric,LSP3439321,353.84935824,108.159523704079
10229,Listed Heritage Property,28 Springbank Dr,1880c, ,Late Victorian, , , ,299.83884264,86.303917968151
10230,Listed Heritage Property,30 Orchard St,1905c, ,Queen Anne Cottage, , , ,624.34779616,135.794666537257
10231,Listed Heritage Property,117 Wellington St,1883c,Winder Property, , , , ,181.34545072,59.6110412427262
10232,Designated Heritage Property,32-34 Victor St,1880c,Haller Property,Eclectic,V,Wortley Village-Old South Heritage Conservation Distric,LSP3439321,661.04741504,109.371000939409
10233,Listed Heritage Property,1 Carfrae Cres,1929c,Carfrae Variety,Eclectic, , , ,515.03461217,93.8016788348979
10234,Listed Heritage Property,10 Orchard St,1890c, ,Ontario Cottage, , , ,950.38294472,148.635752695289
10235,Listed Heritage Property,8 Johnston St,1905c, ,Queen Anne Cottage, , , ,481.5415596,103.530402458305
10236,Designated Heritage Property,13 Euclid Ave,1891p, ,Ontario Cottage,V,Wortley Village-Old South Heritage Conservation Distric,LSP3439321,417.51056796,101.774029712427
10237,Listed Heritage Property,30 Springbank Dr,1880c, ,Late Victorian, , , ,314.39105296,87.0743763578048
10238,Listed Heritage Property,40 Ridout St S,1850c,Bird Property,Georgian, , , ,1200.42200792,146.900177870351
10239,Designated Heritage Property,66 Byron Ave E,1890c, ,Italianate,V,Wortley Village-Old South Heritage Conservation Distric,LSP3439321,709.80115026,123.663813357891
10240,Listed Heritage Property,129 Clarence St,1880, ,Side-hall Plan (shp) Cottage, , , ,599.18186528,102.785867197657
10241,Designated Heritage Property,49-51 Beaconsfield Ave,1909c, ,Vernacular,V,Wortley Village-Old South Heritage Conservation Distric,LSP3439321,345.48893992,94.4510710771177
10242,Listed Heritage Property,191 Grey St,1902c, ,Side-hall Plan (shp) Cottage, , , ,567.37259456,139.117793874256
10243,Designated Heritage Property,79 Beaconsfield Ave,1909c, ,Vernacular,V,Wortley Village-Old South Heritage Conservation Distric,LSP3439321,333.391580495,73.3282831060776
10244,Listed Heritage Property,32 Springbank Dr,1880c,Streetscape 23-32,Late Victorian, , , ,313.39665128,86.9656628057862
10245,Designated Heritage Property,2 Victor St,1909c, ,Vernacular,V,Wortley Village-Old South Heritage Conservation Distric,LSP3439321,322.91260672,73.1245408519961
10246,Designated Heritage Property,37-39/ Craig St,1907, ,Eclectic,V,Wortley Village-Old South Heritage Conservation Distric,LSP3439321,1302.71084168,174.889546051735
10247,Listed Heritage Property,140-142 Clarence St,1880c, ,Ontario Cottage, , , ,747.53491768,111.852563856901
10248,Designated Heritage Property,77 Beaconsfield Ave, , , ,V,Wortley Village-Old South Heritage Conservation Distric,LSP3439321,264.7421672,65.4056105285045
10249,Designated Heritage Property,73 Beaconsfield Ave, , , ,V,Wortley Village-Old South Heritage Conservation Distric,LSP3439321,162.97950168,54.9638507334037
10250,Designated Heritage Property,63 Beaconsfield Ave, , , ,V,Wortley Village-Old South Heritage Conservation Distric,LSP3439321,233.5566452,67.8713572322125
10251,Designated Heritage Property,61 Beaconsfield Ave, , , ,V,Wortley Village-Old South Heritage Conservation Distric,LSP3439321,245.6547592,65.2052591067457
10252,Designated Heritage Property,71 Beaconsfield Ave, , , ,V,Wortley Village-Old South Heritage Conservation Distric,LSP3439321,197.52696856,60.7803714224331
10253,Designated Heritage Property,59 Beaconsfield Ave, , , ,V,Wortley Village-Old South Heritage Conservation Distric,LSP3439321,148.61552032,57.0850157851081
10254,Designated Heritage Property,55 Beaconsfield Ave, , , ,V,Wortley Village-Old South Heritage Conservation Distric,LSP3439321,249.69060096,73.2152323024948
10255,Designated Heritage Property,53 Beaconsfield Ave, , , ,V,Wortley Village-Old South Heritage Conservation Distric,LSP3439321,262.00599696,75.9251624292475
10256,Designated Heritage Property,57 Beaconsfield Ave, , , ,V,Wortley Village-Old South Heritage Conservation Distric,LSP3439321,406.02163656,83.4374939641131
10257,Designated Heritage Property,47 Beaconsfield Ave, , , ,V,Wortley Village-Old South Heritage Conservation Distric,LSP3439321,435.1927624,89.8112613920251
10258,Designated Heritage Property,51-51/ Beaconsfield Ave, , , ,V,Wortley Village-Old South Heritage Conservation Distric,LSP3439321,336.22504584,92.1275802825055
10259,Designated Heritage Property,39 Beaconsfield Ave, , , ,V,Wortley Village-Old South Heritage Conservation Distric,LSP3439321,397.80535384,96.7836882663429
10260,Designated Heritage Property,37 Beaconsfield Ave, , , ,V,Wortley Village-Old South Heritage Conservation Distric,LSP3439321,440.96237912,104.919385144033
10261,Designated Heritage Property,13 Mackinnon Pl, , , ,V,Wortley Village-Old South Heritage Conservation Distric,LSP3439321,195.78098704,58.991578138329
10262,Designated Heritage Property,15 Mackinnon Pl, , , ,V,Wortley Village-Old South Heritage Conservation Distric,LSP3439321,419.70745856,82.0732228248987
10263,Designated Heritage Property,20 Mackinnon Pl, , , ,V,Wortley Village-Old South Heritage Conservation Distric,LSP3439321,274.72445496,70.5408977836175
10264,Designated Heritage Property,19 Mackinnon Pl, , , ,V,Wortley Village-Old South Heritage Conservation Distric,LSP3439321,262.98891792,69.8959617666951
10265,Designated Heritage Property,18 Mackinnon Pl, , , ,V,Wortley Village-Old South Heritage Conservation Distric,LSP3439321,186.77788608,57.5194235398217
10266,Designated Heritage Property,14 Mackinnon Pl, , , ,V,Wortley Village-Old South Heritage Conservation Distric,LSP3439321,215.46299616,60.8514657490926
10267,Designated Heritage Property,16 Mackinnon Pl, , , ,V,Wortley Village-Old South Heritage Conservation Distric,LSP3439321,205.87942024,59.6931819446917
10268,Designated Heritage Property,57 Wortley Rd, , , ,V,Wortley Village-Old South Heritage Conservation Distric,LSP3439321,281.35489904,73.2315551944396
10269,Designated Heritage Property,51 Wortley Rd, , , ,V,Wortley Village-Old South Heritage Conservation Distric,LSP3439321,281.49959552,73.2681426486272
10270,Designated Heritage Property,59 Wortley Rd, , , ,V,Wortley Village-Old South Heritage Conservation Distric,LSP3439321,362.52156,81.6721523191742
10271,Designated Heritage Property,53 Wortley Rd, , , ,V,Wortley Village-Old South Heritage Conservation Distric,LSP3439321,281.43505808,73.2549366446998
10272,Designated Heritage Property,55 Wortley Rd, , , ,V,Wortley Village-Old South Heritage Conservation Distric,LSP3439321,281.35022888,73.2397466914836
10273,Designated Heritage Property,61 Wortley Rd, , , ,V,Wortley Village-Old South Heritage Conservation Distric,LSP3439321,362.75384372,81.9031594206435
10274,Designated Heritage Property,68 Victor St, , , ,V,Wortley Village-Old South Heritage Conservation Distric,LSP3439321,419.35689864,93.6562354889519
10275,Designated Heritage Property,70 Victor St, , , ,V,Wortley Village-Old South Heritage Conservation Distric,LSP3439321,588.50208888,146.443476188801
10276,Designated Heritage Property,74 Victor St, , , ,V,Wortley Village-Old South Heritage Conservation Distric,LSP3439321,328.73122152,78.3275350933376
10277,Designated Heritage Property,76 Victor St, , , ,V,Wortley Village-Old South Heritage Conservation Distric,LSP3439321,324.30476216,77.6016636812881
10278,Designated Heritage Property,72 Victor St, , , ,V,Wortley Village-Old South Heritage Conservation Distric,LSP3439321,333.14224424,79.0522607202188
10279,Designated Heritage Property,62 Victor St, , , ,V,Wortley Village-Old South Heritage Conservation Distric,LSP3439321,371.07970752,85.8817451793238
10280,Designated Heritage Property,60 Victor St, , , ,V,Wortley Village-Old South Heritage Conservation Distric,LSP3439321,411.8326656,92.4134708790454
10281,Designated Heritage Property,64 Victor St, , , ,V,Wortley Village-Old South Heritage Conservation Distric,LSP3439321,476.86682528,111.669062186921
10282,Designated Heritage Property,66 Victor St, , , ,V,Wortley Village-Old South Heritage Conservation Distric,LSP3439321,421.79557656,93.6765376360667
10283,Designated Heritage Property,52 Victor St, , , ,V,Wortley Village-Old South Heritage Conservation Distric,LSP3439321,613.75281624,118.442931015284
10284,Designated Heritage Property,58 Victor St, , , ,V,Wortley Village-Old South Heritage Conservation Distric,LSP3439321,452.68322552,99.1167485773602
10285,Designated Heritage Property,56 Victor St, , , ,V,Wortley Village-Old South Heritage Conservation Distric,LSP3439321,493.51704552,105.818854301559
10286,Designated Heritage Property,54 Victor St, , , ,V,Wortley Village-Old South Heritage Conservation Distric,LSP3439321,535.0082768,111.694066860359
10287,Designated Heritage Property,46 Victor St, , , ,V,Wortley Village-Old South Heritage Conservation Distric,LSP3439321,635.41555296,119.289316878615
10288,Designated Heritage Property,42 Victor St, , , ,V,Wortley Village-Old South Heritage Conservation Distric,LSP3439321,385.53516168,102.033368319958
10289,Designated Heritage Property,48 Victor St, , , ,V,Wortley Village-Old South Heritage Conservation Distric,LSP3439321,618.40714224,124.796904623791
10290,Designated Heritage Property,44 Victor St, , , ,V,Wortley Village-Old South Heritage Conservation Distric,LSP3439321,376.56102928,103.581170626516
10291,Designated Heritage Property,50 Victor St, , , ,V,Wortley Village-Old South Heritage Conservation Distric,LSP3439321,663.75964976,123.743995509381
10292,Designated Heritage Property,38 Victor St, , , ,V,Wortley Village-Old South Heritage Conservation Distric,LSP3439321,290.22981168,79.3478057905331
10293,Designated Heritage Property,40 Victor St, , , ,V,Wortley Village-Old South Heritage Conservation Distric,LSP3439321,308.95747328,81.9430854394898
10294,Designated Heritage Property,30 Victor St, , , ,V,Wortley Village-Old South Heritage Conservation Distric,LSP3439321,497.72884072,101.488734858457
10295,Designated Heritage Property,22 Victor St, , , ,V,Wortley Village-Old South Heritage Conservation Distric,LSP3439321,493.31875112,91.7251337667125
10296,Designated Heritage Property,16 Victor St, , , ,V,Wortley Village-Old South Heritage Conservation Distric,LSP3439321,427.11818152,83.4734836778837
10297,Designated Heritage Property,8 Victor St, , , ,V,Wortley Village-Old South Heritage Conservation Distric,LSP3439321,191.26284216,66.0181864679901
10298,Designated Heritage Property,6 Victor St, , , ,V,Wortley Village-Old South Heritage Conservation Distric,LSP3439321,193.8069804,66.2181003921382
10299,Designated Heritage Property,14 Victor St, , , ,V,Wortley Village-Old South Heritage Conservation Distric,LSP3439321,408.66199056,81.5482612169966
10300,Designated Heritage Property,9 Victor St, , , ,V,Wortley Village-Old South Heritage Conservation Distric,LSP3439321,509.18122468,101.149505240437
10301,Designated Heritage Property,5 Victor St, , , ,V,Wortley Village-Old South Heritage Conservation Distric,LSP3439321,343.13303572,92.0088335992697
10302,Designated Heritage Property,13 Victor St, , , ,V,Wortley Village-Old South Heritage Conservation Distric,LSP3439321,666.44228444,164.574814797767
10303,Designated Heritage Property,15 Victor St, , , ,V,Wortley Village-Old South Heritage Conservation Distric,LSP3439321,671.54568158,164.682672556011
10304,Designated Heritage Property,11 Victor St, , , ,V,Wortley Village-Old South Heritage Conservation Distric,LSP3439321,657.9535783,164.413315753824
10305,Designated Heritage Property,19 Victor St, , , ,V,Wortley Village-Old South Heritage Conservation Distric,LSP3439321,1107.09777544,176.589467950844
10306,Designated Heritage Property,23 Victor St, , , ,V,Wortley Village-Old South Heritage Conservation Distric,LSP3439321,665.42356684,164.351408500308
10307,Designated Heritage Property,21 Victor St, , , ,V,Wortley Village-Old South Heritage Conservation Distric,LSP3439321,665.5637907,164.387870933598
10308,Designated Heritage Property,25 Victor St, , , ,V,Wortley Village-Old South Heritage Conservation Distric,LSP3439321,1328.94471952,182.590726869586
10309,Designated Heritage Property,27 Victor St, , , ,V,Wortley Village-Old South Heritage Conservation Distric,LSP3439321,662.97549454,164.204008366993
10310,Designated Heritage Property,31 Victor St, , , ,V,Wortley Village-Old South Heritage Conservation Distric,LSP3439321,385.12811656,94.6186865358666
10311,Designated Heritage Property,35 Victor St, , , ,V,Wortley Village-Old South Heritage Conservation Distric,LSP3439321,464.420763,98.9564727975365
10312,Designated Heritage Property,37 Victor St, , , ,V,Wortley Village-Old South Heritage Conservation Distric,LSP3439321,430.43218692,97.0972394061232
10313,Designated Heritage Property,43 Victor St, , , ,V,Wortley Village-Old South Heritage Conservation Distric,LSP3439321,379.14267456,85.9692397510445
10314,Designated Heritage Property,47 Victor St, , , ,V,Wortley Village-Old South Heritage Conservation Distric,LSP3439321,332.017888,79.261505379656
10315,Designated Heritage Property,45 Victor St, , , ,V,Wortley Village-Old South Heritage Conservation Distric,LSP3439321,332.00956544,79.2610804015448
10316,Designated Heritage Property,3 Westcott St, , , ,V,Wortley Village-Old South Heritage Conservation Distric,LSP3439321,413.5462437,96.2458076561219
10317,Designated Heritage Property,1 Westcott St, , , ,V,Wortley Village-Old South Heritage Conservation Distric,LSP3439321,376.33612266,96.2466069434292
10318,Designated Heritage Property,5 Westcott St, , , ,V,Wortley Village-Old South Heritage Conservation Distric,LSP3439321,413.56078686,96.2466069417514
10319,Designated Heritage Property,7 Westcott St, , , ,V,Wortley Village-Old South Heritage Conservation Distric,LSP3439321,424.72225354,96.8559976727774
10320,Designated Heritage Property,63 Victor St, , , ,V,Wortley Village-Old South Heritage Conservation Distric,LSP3439321,319.31162894,76.7765064361304
10321,Designated Heritage Property,57 Victor St, , , ,V,Wortley Village-Old South Heritage Conservation Distric,LSP3439321,319.31075202,76.776506436344
10322,Designated Heritage Property,55 Victor St, , , ,V,Wortley Village-Old South Heritage Conservation Distric,LSP3439321,333.46351992,78.2452479842168
10323,Designated Heritage Property,61 Victor St, , , ,V,Wortley Village-Old South Heritage Conservation Distric,LSP3439321,319.30828168,76.7761328225154
10324,Designated Heritage Property,59 Victor St, , , ,V,Wortley Village-Old South Heritage Conservation Distric,LSP3439321,319.30791684,76.7761328230719
10325,Designated Heritage Property,8 Westcott St, , , ,V,Wortley Village-Old South Heritage Conservation Distric,LSP3439321,412.07499818,88.1529939529612
10326,Designated Heritage Property,6 Westcott St, , , ,V,Wortley Village-Old South Heritage Conservation Distric,LSP3439321,347.82449174,83.7569935800445
10327,Designated Heritage Property,2 Westcott St, , , ,V,Wortley Village-Old South Heritage Conservation Distric,LSP3439321,350.19457504,83.9189999506023
10328,Designated Heritage Property,4 Westcott St, , , ,V,Wortley Village-Old South Heritage Conservation Distric,LSP3439321,352.58123294,84.0711799280998
10329,Designated Heritage Property,69 Victor St, , , ,V,Wortley Village-Old South Heritage Conservation Distric,LSP3439321,319.3049601,76.7760816946878
10330,Designated Heritage Property,75 Victor St, , , ,V,Wortley Village-Old South Heritage Conservation Distric,LSP3439321,319.3159542,76.7768800594848
10331,Designated Heritage Property,71 Victor St, , , ,V,Wortley Village-Old South Heritage Conservation Distric,LSP3439321,319.31321262,76.7765064452271
10332,Designated Heritage Property,77 Victor St, , , ,V,Wortley Village-Old South Heritage Conservation Distric,LSP3439321,319.30209736,76.7760816978449
10333,Designated Heritage Property,73 Victor St, , , ,V,Wortley Village-Old South Heritage Conservation Distric,LSP3439321,319.30379658,76.7757080813523
10334,Designated Heritage Property,71 Wortley Rd, , , ,V,Wortley Village-Old South Heritage Conservation Distric,LSP3439321,390.5578428,85.8863702576225
10335,Designated Heritage Property,73 Wortley Rd, , , ,V,Wortley Village-Old South Heritage Conservation Distric,LSP3439321,408.64420926,88.6709664257701
10336,Designated Heritage Property,83 Wortley Rd, , , ,V,Wortley Village-Old South Heritage Conservation Distric,LSP3439321,833.6408992,159.783496947716
10337,Designated Heritage Property,79 Wortley Rd, , , ,V,Wortley Village-Old South Heritage Conservation Distric,LSP3439321,782.50308085,148.336008655224
10338,Designated Heritage Property,77 Wortley Rd, , , ,V,Wortley Village-Old South Heritage Conservation Distric,LSP3439321,739.20047239,142.492293701899
10339,Designated Heritage Property,81 Wortley Rd, , , ,V,Wortley Village-Old South Heritage Conservation Distric,LSP3439321,811.89330592,153.898992532114
10340,Designated Heritage Property,85 Wortley Rd, , , ,V,Wortley Village-Old South Heritage Conservation Distric,LSP3439321,940.61048272,151.179637930614
10341,Designated Heritage Property,101 Wortley Rd, , , ,V,Wortley Village-Old South Heritage Conservation Distric,LSP3439321,982.33989936,195.316060300802
10342,Designated Heritage Property,103 Wortley Rd, , , ,V,Wortley Village-Old South Heritage Conservation Distric,LSP3439321,919.82606552,152.162796816907
10343,Designated Heritage Property,86 Euclid Ave, , , ,V,Wortley Village-Old South Heritage Conservation Distric,LSP3439321,328.70810112,91.6203124144124
10344,Designated Heritage Property,80 Euclid Ave, , , ,V,Wortley Village-Old South Heritage Conservation Distric,LSP3439321,373.511694,98.3963067090551
10345,Designated Heritage Property,88 Euclid Ave, , , ,V,Wortley Village-Old South Heritage Conservation Distric,LSP3439321,363.647606,91.7558336939539
10346,Designated Heritage Property,84 Euclid Ave, , , ,V,Wortley Village-Old South Heritage Conservation Distric,LSP3439321,349.71420744,94.9442360049811
10347,Designated Heritage Property,74 Euclid Ave, , , ,V,Wortley Village-Old South Heritage Conservation Distric,LSP3439321,322.16202864,99.9298238409387
10348,Designated Heritage Property,76 Euclid Ave, , , ,V,Wortley Village-Old South Heritage Conservation Distric,LSP3439321,312.86722224,97.4895750648245
10349,Designated Heritage Property,72 Euclid Ave, , , ,V,Wortley Village-Old South Heritage Conservation Distric,LSP3439321,446.26689304,107.998797818969
10350,Designated Heritage Property,68 Euclid Ave, , , ,V,Wortley Village-Old South Heritage Conservation Distric,LSP3439321,472.354994,114.207609958348
10351,Designated Heritage Property,66 Euclid Ave, , , ,V,Wortley Village-Old South Heritage Conservation Distric,LSP3439321,353.64226808,111.466453051259
10352,Designated Heritage Property,64 Euclid Ave, , , ,V,Wortley Village-Old South Heritage Conservation Distric,LSP3439321,392.908214,115.138614227934
10353,Designated Heritage Property,62 Euclid Ave, , , ,V,Wortley Village-Old South Heritage Conservation Distric,LSP3439321,559.45964288,126.10549505041
10354,Designated Heritage Property,70 Euclid Ave, , , ,V,Wortley Village-Old South Heritage Conservation Distric,LSP3439321,462.96450848,111.269376592489
10355,Designated Heritage Property,52 Euclid Ave, , , ,V,Wortley Village-Old South Heritage Conservation Distric,LSP3439321,539.6675792,130.013302177112
10356,Designated Heritage Property,54 Euclid Ave, , , ,V,Wortley Village-Old South Heritage Conservation Distric,LSP3439321,504.23380664,128.729328988542
10357,Designated Heritage Property,58/ Euclid Ave, , , ,V,Wortley Village-Old South Heritage Conservation Distric,LSP3439321,453.92696688,126.918903496816
10358,Designated Heritage Property,56 Euclid Ave, , , ,V,Wortley Village-Old South Heritage Conservation Distric,LSP3439321,504.29016926,128.739283392241
10359,Designated Heritage Property,58 Euclid Ave, , , ,V,Wortley Village-Old South Heritage Conservation Distric,LSP3439321,504.30294014,128.748067565087
10360,Designated Heritage Property,50 Euclid Ave, , , ,V,Wortley Village-Old South Heritage Conservation Distric,LSP3439321,726.77675264,136.830652367469
10361,Designated Heritage Property,42 Euclid Ave, , , ,V,Wortley Village-Old South Heritage Conservation Distric,LSP3439321,537.60336328,129.906709216435
10362,Designated Heritage Property,40 Euclid Ave, , , ,V,Wortley Village-Old South Heritage Conservation Distric,LSP3439321,503.98065136,128.671634179962
10363,Designated Heritage Property,36 Euclid Ave, , , ,V,Wortley Village-Old South Heritage Conservation Distric,LSP3439321,500.70986488,128.53656869412
10364,Designated Heritage Property,32 Euclid Ave, , , ,V,Wortley Village-Old South Heritage Conservation Distric,LSP3439321,471.84869104,127.467461624432
10365,Designated Heritage Property,30 Euclid Ave, , , ,V,Wortley Village-Old South Heritage Conservation Distric,LSP3439321,529.41404424,129.561637767918
10366,Designated Heritage Property,34 Euclid Ave, , , ,V,Wortley Village-Old South Heritage Conservation Distric,LSP3439321,500.69917056,128.528157801078
10367,Designated Heritage Property,38 Euclid Ave, , , ,V,Wortley Village-Old South Heritage Conservation Distric,LSP3439321,497.60203904,128.431099199793
10368,Designated Heritage Property,46 Euclid Ave, , , ,V,Wortley Village-Old South Heritage Conservation Distric,LSP3439321,739.296696,137.277288356944
10369,Designated Heritage Property,26 Euclid Ave, , , ,V,Wortley Village-Old South Heritage Conservation Distric,LSP3439321,472.95263048,127.416326326446
10370,Designated Heritage Property,22 Euclid Ave, , , ,V,Wortley Village-Old South Heritage Conservation Distric,LSP3439321,496.56189376,128.200488921524
10371,Designated Heritage Property,18 Euclid Ave, , , ,V,Wortley Village-Old South Heritage Conservation Distric,LSP3439321,496.1458128,128.106385692848
10372,Designated Heritage Property,16 Euclid Ave, , , ,V,Wortley Village-Old South Heritage Conservation Distric,LSP3439321,502.2531888,128.291242453727
10373,Designated Heritage Property,20 Euclid Ave, , , ,V,Wortley Village-Old South Heritage Conservation Distric,LSP3439321,502.680836,128.384928554432
10374,Designated Heritage Property,28 Euclid Ave, , , ,V,Wortley Village-Old South Heritage Conservation Distric,LSP3439321,1000.91245952,146.746143085773
10375,Designated Heritage Property,24 Euclid Ave, , , ,V,Wortley Village-Old South Heritage Conservation Distric,LSP3439321,527.14868856,129.358512323723
10376,Designated Heritage Property,2 Euclid Ave, , , ,V,Wortley Village-Old South Heritage Conservation Distric,LSP3439321,162.98574144,54.2164644092068
10377,Designated Heritage Property,8 Euclid Ave, , , ,V,Wortley Village-Old South Heritage Conservation Distric,LSP3439321,170.11069712,55.2002340805307
10378,Designated Heritage Property,4-4/ Euclid Ave, , , ,V,Wortley Village-Old South Heritage Conservation Distric,LSP3439321,148.95990928,52.6694785535423
10379,Designated Heritage Property,10 Euclid Ave, , , ,V,Wortley Village-Old South Heritage Conservation Distric,LSP3439321,377.51153736,77.9230765848747
10380,Designated Heritage Property,6 Euclid Ave, , , ,V,Wortley Village-Old South Heritage Conservation Distric,LSP3439321,142.1645484,52.0288141210313
10381,Designated Heritage Property,19 Euclid Ave, , , ,V,Wortley Village-Old South Heritage Conservation Distric,LSP3439321,346.6609379,94.5600821878242
10382,Designated Heritage Property,15 Euclid Ave, , , ,V,Wortley Village-Old South Heritage Conservation Distric,LSP3439321,312.86837412,95.2843391721129
10383,Designated Heritage Property,17 Euclid Ave, , , ,V,Wortley Village-Old South Heritage Conservation Distric,LSP3439321,354.08265084,96.1917882069084
10384,Designated Heritage Property,25 Euclid Ave, , , ,V,Wortley Village-Old South Heritage Conservation Distric,LSP3439321,324.45898728,89.6690322066612
10385,Designated Heritage Property,27 Euclid Ave, , , ,V,Wortley Village-Old South Heritage Conservation Distric,LSP3439321,364.26761408,90.6661978652601
10386,Designated Heritage Property,23 Euclid Ave, , , ,V,Wortley Village-Old South Heritage Conservation Distric,LSP3439321,331.87555226,91.3007114029056
10387,Designated Heritage Property,31 Euclid Ave, , , ,V,Wortley Village-Old South Heritage Conservation Distric,LSP3439321,564.67104512,100.943079025833
10388,Designated Heritage Property,33 Euclid Ave, , , ,V,Wortley Village-Old South Heritage Conservation Distric,LSP3439321,582.2496134,100.554811166444
10389,Designated Heritage Property,47 Euclid Ave, , , ,V,Wortley Village-Old South Heritage Conservation Distric,LSP3439321,187.18352696,63.6334471257174
10390,Designated Heritage Property,37 Euclid Ave, , , ,V,Wortley Village-Old South Heritage Conservation Distric,LSP3439321,279.4020364,79.7323580725254
10391,Designated Heritage Property,43 Euclid Ave, , , ,V,Wortley Village-Old South Heritage Conservation Distric,LSP3439321,218.51072616,71.308922362182
10392,Designated Heritage Property,41 Euclid Ave, , , ,V,Wortley Village-Old South Heritage Conservation Distric,LSP3439321,295.8150935,78.1271319289518
10393,Designated Heritage Property,39 Euclid Ave, , , ,V,Wortley Village-Old South Heritage Conservation Distric,LSP3439321,270.49864228,77.7867775925796
10394,Designated Heritage Property,45 Euclid Ave, , , ,V,Wortley Village-Old South Heritage Conservation Distric,LSP3439321,265.25199364,72.0194272934135
10395,Designated Heritage Property,51 Euclid Ave, , , ,V,Wortley Village-Old South Heritage Conservation Distric,LSP3439321,183.23798864,59.224752540536
10396,Designated Heritage Property,49 Euclid Ave, , , ,V,Wortley Village-Old South Heritage Conservation Distric,LSP3439321,217.56841532,64.3132500104991
10397,Designated Heritage Property,57 Euclid Ave, , , ,V,Wortley Village-Old South Heritage Conservation Distric,LSP3439321,181.97271818,62.2294945170482
10398,Designated Heritage Property,59 Euclid Ave, , , ,V,Wortley Village-Old South Heritage Conservation Distric,LSP3439321,156.23669508,58.6527930781562
10399,Designated Heritage Property,55 Euclid Ave, , , ,V,Wortley Village-Old South Heritage Conservation Distric,LSP3439321,244.71467424,66.4483601899409
10400,Designated Heritage Property,56 Byron Ave E, , , ,V,Wortley Village-Old South Heritage Conservation Distric,LSP3439321,298.02558464,73.3152606059956
10401,Designated Heritage Property,54 Byron Ave E, , , ,V,Wortley Village-Old South Heritage Conservation Distric,LSP3439321,265.49125424,71.1503563875825
10402,Designated Heritage Property,46 Byron Ave E, , , ,V,Wortley Village-Old South Heritage Conservation Distric,LSP3439321,534.34149432,95.2427855958331
10403,Designated Heritage Property,2 Birch St, , , ,V,Wortley Village-Old South Heritage Conservation Distric,LSP3439321,242.59420506,63.1222171248644
10404,Designated Heritage Property,64 Byron Ave E, , , ,V,Wortley Village-Old South Heritage Conservation Distric,LSP3439321,412.8861328,86.0099900211792
10405,Designated Heritage Property,76 Byron Ave E, , , ,V,Wortley Village-Old South Heritage Conservation Distric,LSP3439321,250.31438824,71.8951120709289
10406,Designated Heritage Property,80 Byron Ave E, , , ,V,Wortley Village-Old South Heritage Conservation Distric,LSP3439321,390.03980704,85.0166413285281
10407,Designated Heritage Property,84 Byron Ave E, , , ,V,Wortley Village-Old South Heritage Conservation Distric,LSP3439321,371.23121592,85.3389660548479
10408,Designated Heritage Property,82 Byron Ave E, , , ,V,Wortley Village-Old South Heritage Conservation Distric,LSP3439321,463.998602,91.3884649682202
10409,Designated Heritage Property,74 Byron Ave E, , , ,V,Wortley Village-Old South Heritage Conservation Distric,LSP3439321,351.15178952,107.438895568365
10410,Designated Heritage Property,87 Euclid Ave, , , ,V,Wortley Village-Old South Heritage Conservation Distric,LSP3439321,171.46883324,53.0701125783272
10411,Designated Heritage Property,81 Euclid Ave, , , ,V,Wortley Village-Old South Heritage Conservation Distric,LSP3439321,184.1647257,57.8875966361215
10412,Designated Heritage Property,83 Euclid Ave, , , ,V,Wortley Village-Old South Heritage Conservation Distric,LSP3439321,224.5677477,60.3171540050826
10413,Designated Heritage Property,85 Euclid Ave, , , ,V,Wortley Village-Old South Heritage Conservation Distric,LSP3439321,225.0991786,60.0206280611435
10414,Designated Heritage Property,109 Wortley Rd, , , ,V,Wortley Village-Old South Heritage Conservation Distric,LSP3439321,358.81606666,85.3591188366028
10415,Designated Heritage Property,111 Wortley Rd, , , ,V,Wortley Village-Old South Heritage Conservation Distric,LSP3439321,614.57489728,111.042469832752
10416,Designated Heritage Property,107 Euclid Ave, , , ,V,Wortley Village-Old South Heritage Conservation Distric,LSP3439321,456.99659404,108.761020441126
10417,Designated Heritage Property,14 Craig St, , , ,V,Wortley Village-Old South Heritage Conservation Distric,LSP3439321,317.86666088,80.9447167608425
10418,Designated Heritage Property,51 Ridout St S, , , ,V,Wortley Village-Old South Heritage Conservation Distric,LSP3439321,455.27190688,90.2404395333954
10419,Designated Heritage Property,53 Ridout St S, , , ,V,Wortley Village-Old South Heritage Conservation Distric,LSP3439321,413.8640229,87.5640612988121
10420,Designated Heritage Property,33 Craig St, , , ,V,Wortley Village-Old South Heritage Conservation Distric,LSP3439321,1352.120172,176.767656276979
10421,Designated Heritage Property,29 Craig St, , , ,V,Wortley Village-Old South Heritage Conservation Distric,LSP3439321,1252.05057616,159.806074296424
10422,Designated Heritage Property,31 Craig St, , , ,V,Wortley Village-Old South Heritage Conservation Distric,LSP3439321,1252.37679728,166.694743506241
10423,Designated Heritage Property,17 Craig St, , , ,V,Wortley Village-Old South Heritage Conservation Distric,LSP3439321,989.83771328,175.44061974855
10424,Designated Heritage Property,23 Craig St, , , ,V,Wortley Village-Old South Heritage Conservation Distric,LSP3439321,570.69949872,118.241887312914
10425,Designated Heritage Property,25 Craig St, , , ,V,Wortley Village-Old South Heritage Conservation Distric,LSP3439321,732.91344112,129.929085339298
10426,Designated Heritage Property,27 Craig St, , , ,V,Wortley Village-Old South Heritage Conservation Distric,LSP3439321,685.91681472,133.190620412728
10427,Designated Heritage Property,45 Ridout St S, , , ,V,Wortley Village-Old South Heritage Conservation Distric,LSP3439321,557.40729664,114.844099314825
10428,Designated Heritage Property,43 Ridout St S, , , ,V,Wortley Village-Old South Heritage Conservation Distric,LSP3439321,529.95247928,111.634376110791
10429,Designated Heritage Property,11 Ingleside Pl, , , ,V,Wortley Village-Old South Heritage Conservation Distric,LSP3439321,283.84757896,81.9824463105583
10430,Designated Heritage Property,17 Ingleside Pl, , , ,V,Wortley Village-Old South Heritage Conservation Distric,LSP3439321,292.8634964,82.6387729243773
10431,Designated Heritage Property,15 Ingleside Pl, , , ,V,Wortley Village-Old South Heritage Conservation Distric,LSP3439321,294.614784,82.7848093190651
10432,Designated Heritage Property,2 Ingleside Pl, , , ,V,Wortley Village-Old South Heritage Conservation Distric,LSP3439321,794.01094896,137.51371894633
10433,Designated Heritage Property,1 Ingleside Pl, , , ,V,Wortley Village-Old South Heritage Conservation Distric,LSP3439321,332.74453576,84.412740888602
10434,Designated Heritage Property,5 Ingleside Pl, , , ,V,Wortley Village-Old South Heritage Conservation Distric,LSP3439321,305.58033648,92.5802896444374
10435,Designated Heritage Property,3 Ingleside Pl, , , ,V,Wortley Village-Old South Heritage Conservation Distric,LSP3439321,309.24811392,87.9984395526459
10436,Designated Heritage Property,7-7/ Ingleside Pl, , , ,V,Wortley Village-Old South Heritage Conservation Distric,LSP3439321,433.19778128,104.444318870782
10437,Designated Heritage Property,9 Ingleside Pl, , , ,V,Wortley Village-Old South Heritage Conservation Distric,LSP3439321,546.54293624,116.415704979758
10438,Designated Heritage Property,4 Ingleside Pl, , , ,V,Wortley Village-Old South Heritage Conservation Distric,LSP3439321,455.5456283,103.266318704902
10439,Designated Heritage Property,8 Ingleside Pl, , , ,V,Wortley Village-Old South Heritage Conservation Distric,LSP3439321,522.20923984,102.866701129881
10440,Designated Heritage Property,6 Ingleside Pl, , , ,V,Wortley Village-Old South Heritage Conservation Distric,LSP3439321,417.4923929,99.0543768915412
10441,Designated Heritage Property,116 Wortley Rd, , , ,V,Wortley Village-Old South Heritage Conservation Distric,LSP3439321,1518.3113978,227.912202941115
10442,Designated Heritage Property,114/ Wortley Rd, , , ,V,Wortley Village-Old South Heritage Conservation Distric,LSP3439321,470.33897798,100.090105951268
10443,Designated Heritage Property,110 Wortley Rd, , , ,V,Wortley Village-Old South Heritage Conservation Distric,LSP3439321,474.93543454,99.3673369643719
10444,Designated Heritage Property,106 Wortley Rd, , , ,V,Wortley Village-Old South Heritage Conservation Distric,LSP3439321,389.49220794,88.4139203374617
10445,Designated Heritage Property,100 Wortley Rd, , , ,V,Wortley Village-Old South Heritage Conservation Distric,LSP3439321,647.7533983,107.193721790134
10446,Designated Heritage Property,104 Wortley Rd, , , ,V,Wortley Village-Old South Heritage Conservation Distric,LSP3439321,214.3262908,82.5595494712767
10447,Designated Heritage Property,"150 Chelsea Ave, 109 Greenside Ave", , , ,IV, ,LSP318193,361609.3571456,3183.55069226771
10448,Designated Heritage Property,39 Victor St, , , ,V,Wortley Village-Old South Heritage Conservation Distric,LSP3439321,1298.62724406,195.160888617399
10449,Designated Heritage Property,65 Victor St, , , ,V,Wortley Village-Old South Heritage Conservation Distric,LSP3439321,5949.86415078,373.103446429873
10450,Designated Heritage Property,, , , ,V,Downtown Heritage Conservation District,LSP3419124,279.34163288,80.4742731979609
10451,Designated Heritage Property,, , , ,V,Downtown Heritage Conservation District,LSP3419124,277.99552704,80.3982017348639
10452,Designated Heritage Property,, , , ,V,Downtown Heritage Conservation District,LSP3419124,2834.39690914,308.702147604931
10453,Designated Heritage Property,, , , ,V,Downtown Heritage Conservation District,LSP3419124,985.57716196,159.296778854549
10454,Designated Heritage Property,, , , ,V,Downtown Heritage Conservation District,LSP3419124,53.35281696,41.0876981426391
10455,Designated Heritage Property,, , , ,V,Downtown Heritage Conservation District,LSP3419124,2338.97470372,219.609589672557
10456,Designated Heritage Property,Easement, , , ,V,Downtown Heritage Conservation District,LSP3419124,352.77310415,187.634953059947
10457,Designated Heritage Property,339-345 Talbot St,1886c, ,Italianate,V,Downtown Heritage Conservation District,LSP3419124,389.3337624,80.4001569055958
10458,Designated Heritage Property,, , , ,V,Downtown Heritage Conservation District,LSP3419124,1122.08232508,140.305457856349
10459,Designated Heritage Property,, , , ,V,Downtown Heritage Conservation District,LSP3419124,169.76640604,54.8402620328888
10460,Designated Heritage Property,1 York St, , , ,V,Downtown Heritage Conservation District,LSP3419124,563.269898075,152.236714910852
10461,Designated Heritage Property,Easement, , , ,V,Downtown Heritage Conservation District,LSP3419124,77.81733056,95.5157037567042
10462,Designated Heritage Property,Easement, , , ,V,Downtown Heritage Conservation District,LSP3419124,240.324230975,92.6747395873318
10463,Designated Heritage Property,Easement, , , ,V,Downtown Heritage Conservation District,LSP3419124,112.16688216,73.6768178819021
10464,Designated Heritage Property,Easement, , , ,V,Downtown Heritage Conservation District,LSP3419124,152.66388472,69.9057850097359
10465,Designated Heritage Property,Easement, , , ,V,Downtown Heritage Conservation District,LSP3419124,64.9250064,48.7170327260159
10466,Designated Heritage Property,75 King St, , , ,V,Downtown Heritage Conservation District,LSP3419124,278.49176432,67.466292589222
10467,Designated Heritage Property,Easement,1870c,Bank Hotel,Georgian Revival,V,Downtown Heritage Conservation District,LSP3419124,100.28133571,72.9761919993951
10468,Designated Heritage Property,Easement, , , ,V,Downtown Heritage Conservation District,LSP3419124,301.1114578,191.164748634649
10469,Designated Heritage Property,19 York St, , , ,V,Downtown Heritage Conservation District,LSP3419124,2053.34933454,279.247068717412
10470,Designated Heritage Property,Easement, , , ,V,Downtown Heritage Conservation District,LSP3419124,242.89726144,91.8891748367605
10471,Designated Heritage Property,Easement, , , ,V,Downtown Heritage Conservation District,LSP3419124,218.59435424,90.667164670677
10472,Designated Heritage Property,Easement, , , ,V,Downtown Heritage Conservation District,LSP3419124,46.80037752,37.3687313427239
10473,Designated Heritage Property,18 Craig St,1875, ,Queen Anne,V,Wortley Village-Old South Heritage Conservation Distric,LSP3439321,567.17506,100.330037792597
10474,Designated Heritage Property,91 Askin St,1880c,Wesley-knox United,Gothic Revival,V,Wortley Village-Old South Heritage Conservation Distric,LSP3439321,1924.91237908,195.48434364355
10475,Designated Heritage Property,103 Byron Ave E,1891p, ,Ontario Cottage,V,Wortley Village-Old South Heritage Conservation Distric,LSP3439321,908.67789554,135.976354967068
10476,Listed Heritage Property,40 Orchard St,1905c, ,Queen Anne Cottage, , , ,677.0726296,140.483497519871
10477,Designated Heritage Property,115 Askin St,1876c,St.james Angl Church,Gothic Revival,V,Wortley Village-Old South Heritage Conservation Distric,LSP3439321,4553.4504461,308.583951388331
10478,Designated Heritage Property,79 Ridout St S,1910,Larlyn Prop. Mgt.,Queen Anne,IV And V,Wortley Village-Old South Heritage Conservation Distric,LSP311050,692.05072264,134.039577037298
10479,Designated Heritage Property,141 Wortley Rd,1883,533527 Ont. Ltd.,Italianate,V,Wortley Village-Old South Heritage Conservation Distric,LSP3439321,1143.06494598,149.427185476371
10480,Designated Heritage Property,39 Carfrae St,1860c,Maurice Property,Ontario Cottage,IV, ,LSP297865,785.30891872,119.799138687212
10481,Designated Heritage Property,99 Byron Ave E,1880p, ,Italianate,V,Wortley Village-Old South Heritage Conservation Distric,LSP3439321,453.95666176,117.614934494802
10482,Designated Heritage Property,87 Askin St,1890c, ,Queen Anne,IV And V,Wortley Village-Old South Heritage Conservation Distric,LSP3129310,558.19900808,98.8783769849311
10483,Designated Heritage Property,86 Askin St,1893c, ,Queen Anne Cottage,IV And V,Wortley Village-Old South Heritage Conservation Distric,LSP3353161,396.7987404,99.0394326322798
10484,Designated Heritage Property,164 Bruce St,1891p, ,Side-hall Plan (shp) Cottage,V,Wortley Village-Old South Heritage Conservation Distric,LSP3439321,552.47792288,135.8799210979
10485,Designated Heritage Property,34 Askin St,1881c, ,Vernacular,V,Wortley Village-Old South Heritage Conservation Distric,LSP3439321,334.17189706,79.2150498788971
10486,Designated Heritage Property,130 Wharncliffe Rd S,1922,Victoria Pub School, ,V,Wortley Village-Old South Heritage Conservation Distric,LSP3439321,8315.67858582,415.20312845079
10487,Designated Heritage Property,81 Askin St,1894c, ,Queen Anne,V,Wortley Village-Old South Heritage Conservation Distric,LSP3439321,614.02374888,102.368543284201
10488,Designated Heritage Property,35 Askin St,1891p, ,Italianate,V,Wortley Village-Old South Heritage Conservation Distric,LSP3439321,612.62185056,103.587001197167
10489,Designated Heritage Property,28 Byron Ave E,1899c, ,Ontario Cottage,V,Wortley Village-Old South Heritage Conservation Distric,LSP3439321,641.49053712,107.003484498296
10490,Designated Heritage Property,92 Askin St,1885c,Askin Terrace,Italianate,V,Wortley Village-Old South Heritage Conservation Distric,LSP3439321,194.79898488,76.123829452401
10491,Designated Heritage Property,135 Wortley Rd,1876c, ,Gothic Revival,V,Wortley Village-Old South Heritage Conservation Distric,LSP3439321,1074.08461704,137.043082659735
10492,Listed Heritage Property,10 Carfrae Cres,1924, , , , , ,608.10407572,122.88491400484
10493,Designated Heritage Property,99 Askin St,1860p, ,Vernacular,V,Wortley Village-Old South Heritage Conservation Distric,LSP3439321,891.1068049,134.054455940314
10494,Designated Heritage Property,41 Askin St,1904c, ,Vernacular,V,Wortley Village-Old South Heritage Conservation Distric,LSP3439321,445.54891898,115.773709423231
10495,Designated Heritage Property,196 Bruce St,1880c,Scot-lyn Apts,Italianate,V,Wortley Village-Old South Heritage Conservation Distric,LSP3439321,755.62747678,119.232739313813
10496,Designated Heritage Property,183 Bruce St,1883c, ,Eclectic,V,Wortley Village-Old South Heritage Conservation Distric,LSP3439321,729.9508991,109.277296253327
10497,Designated Heritage Property,44-44/ Byron Ave E,1891p, , ,V,Wortley Village-Old South Heritage Conservation Distric,LSP3439321,531.70234232,94.9115027618162
10498,Designated Heritage Property,156 Bruce St,1895c, ,Queen Anne,V,Wortley Village-Old South Heritage Conservation Distric,LSP3439321,267.3647046,66.4212644556612
10499,Designated Heritage Property,160 Bruce St,1890,Fire Station No. 3,Italianate,V,Wortley Village-Old South Heritage Conservation Distric,LSP3439321,1176.20613584,157.205753970331
10500,Designated Heritage Property,"126 Wharncliffe Rd S, 3 Byron Ave E",1883, ,Italianate,V,Wortley Village-Old South Heritage Conservation Distric,LSP3439321,526.78325372,92.0121417209019
10501,Designated Heritage Property,95 Byron Ave E,1890, ,Italianate,IV And V,Wortley Village-Old South Heritage Conservation Distric,LSP3116106,651.6056088,107.851775547943
10502,Designated Heritage Property,113 Wortley Rd,1883c,Mcleod Richard F.,Italianate,V,Wortley Village-Old South Heritage Conservation Distric,LSP3439321,653.09973832,115.937077287406
10503,Designated Heritage Property,53 Craig St,1891c, ,Side-hall Plan (shp) Cottage,V,Wortley Village-Old South Heritage Conservation Distric,LSP3439321,430.19913808,108.615387350104
10504,Designated Heritage Property,43 Byron Ave E,1896c, , ,V,Wortley Village-Old South Heritage Conservation Distric,LSP3439321,358.85120346,96.8010001518164
10505,Designated Heritage Property,180 Bruce St,1904c, ,Side-hall Plan (shp) Cottage,V,Wortley Village-Old South Heritage Conservation Distric,LSP3439321,552.46277296,135.880158340485
10506,Designated Heritage Property,26-34 Craig St,1890p, ,Vernacular,V,Wortley Village-Old South Heritage Conservation Distric,LSP3439321,1049.47637656,152.635373034714
10507,Designated Heritage Property,119 Wortley Rd,1883,Dunbar Property,Italianate,V,Wortley Village-Old South Heritage Conservation Distric,LSP3439321,1046.8231415,163.317729537741
10508,Designated Heritage Property,33 Byron Ave E,1881c, ,Eclectic,V,Wortley Village-Old South Heritage Conservation Distric,LSP3439321,623.76534928,104.806407886881
10509,Designated Heritage Property,51 Craig St,1891c, ,Side-hall Plan (shp) Cottage,V,Wortley Village-Old South Heritage Conservation Distric,LSP3439321,495.80911664,111.162825746005
10510,Designated Heritage Property,101 Byron Ave E,1880p, ,Italianate,V,Wortley Village-Old South Heritage Conservation Distric,LSP3439321,454.10988172,117.647533809842
10511,Designated Heritage Property,32 Craig St,1889c, ,Italianate,V,Wortley Village-Old South Heritage Conservation Distric,LSP3439321,497.15049272,133.832312483007
10512,Designated Heritage Property,170 Bruce St,1891p, ,Side-hall Plan (shp) Cottage,V,Wortley Village-Old South Heritage Conservation Distric,LSP3439321,588.12879712,137.098858494143
10513,Designated Heritage Property,50 Askin St,1891p, ,Ontario Cottage,V,Wortley Village-Old South Heritage Conservation Distric,LSP3439321,887.01685056,133.471260458727
10514,Designated Heritage Property,168 Bruce St,1891p, ,Side-hall Plan (shp) Cottage,V,Wortley Village-Old South Heritage Conservation Distric,LSP3439321,588.07586336,137.097080914063
10515,Listed Heritage Property,36 Orchard St,1905c, ,Queen Anne Cottage, , , ,655.6243436,138.873802924736
10516,Designated Heritage Property,40 Askin St,1890, ,Eclectic,V,Wortley Village-Old South Heritage Conservation Distric,LSP274036,529.09046128,134.053363485515
10517,Designated Heritage Property,176 Bruce St,1889c, ,Side-hall Plan (shp) Cottage,V,Wortley Village-Old South Heritage Conservation Distric,LSP3439321,628.42582008,138.477254573572
10518,Designated Heritage Property,29 Byron Ave E,1891p, , ,V,Wortley Village-Old South Heritage Conservation Distric,LSP3439321,753.10896906,133.105470328496
10519,Designated Heritage Property,22 Byron Ave E,1891p, ,Vernacular,V,Wortley Village-Old South Heritage Conservation Distric,LSP3439321,671.11094784,110.264835204634
10520,Designated Heritage Property,172 Bruce St,1891p, ,Vernacular,V,Wortley Village-Old South Heritage Conservation Distric,LSP3439321,588.08273536,137.097594009641
10521,Designated Heritage Property,94 Askin St,1885c,Askin Terrace,Italianate,V,Wortley Village-Old South Heritage Conservation Distric,LSP3439321,389.58329432,88.3096383123895
10522,Designated Heritage Property,81 Byron Ave E,1895c, ,Eclectic,V,Wortley Village-Old South Heritage Conservation Distric,LSP3439321,634.67423386,119.855216722673
10523,Designated Heritage Property,30 Craig St,1877, ,Italianate,V,Wortley Village-Old South Heritage Conservation Distric,LSP3439321,801.61484048,144.361285265157
10524,Designated Heritage Property,16 Craig St,1905c, ,Queen Anne,V,Wortley Village-Old South Heritage Conservation Distric,LSP3439321,407.65999816,86.8897563619594
10525,Designated Heritage Property,71 Byron Ave E,1899c, ,Queen Anne Cottage,V,Wortley Village-Old South Heritage Conservation Distric,LSP3439321,603.29582094,123.383066594718
10526,Designated Heritage Property,69 Byron Ave E,1891p, ,Side-hall Plan (shp) Cottage,V,Wortley Village-Old South Heritage Conservation Distric,LSP3439321,602.2688767,123.214415379921
10527,Designated Heritage Property,42 Askin St,1890c, ,Eclectic,V,Wortley Village-Old South Heritage Conservation Distric,LSP274036,461.84249704,116.174300283559
10528,Designated Heritage Property,25 Byron Ave E,1891p, ,Vernacular,V,Wortley Village-Old South Heritage Conservation Distric,LSP3439321,588.0593905,120.880765676653
10529,Designated Heritage Property,88 Askin St,1885c,Askin Terrace,Italianate,V,Wortley Village-Old South Heritage Conservation Distric,LSP3439321,389.58813912,88.3104331975632
10530,Designated Heritage Property,126 Wortley Rd,1890c,Maverick Investments,Late Victorian,V,Wortley Village-Old South Heritage Conservation Distric,LSP3439321,395.64106928,103.054448762792
10531,Designated Heritage Property,39 Askin St,1891p, ,Side-hall Plan (shp) Cottage,V,Wortley Village-Old South Heritage Conservation Distric,LSP3439321,294.01027776,82.7977738251791
10532,Designated Heritage Property,77 Byron Ave E,1899c, ,Queen Anne Cottage,V,Wortley Village-Old South Heritage Conservation Distric,LSP3439321,594.35055718,124.186129150831
10533,Designated Heritage Property,117 Wortley Rd,1883c, ,Italianate,V,Wortley Village-Old South Heritage Conservation Distric,LSP3439321,831.85512872,138.555098727921
10534,Designated Heritage Property,97 Byron Ave E,1881, ,Italianate,V,Wortley Village-Old South Heritage Conservation Distric,LSP3439321,907.49224992,135.847547593019
10535,Designated Heritage Property,122-122/ Wharncliffe Rd S,1882,Vilos George V.,Italianate,V,Wortley Village-Old South Heritage Conservation Distric,LSP3439321,451.223352845,93.3857157126355
10536,Designated Heritage Property,166 Bruce St,1899c, ,Side-hall Plan (shp) Cottage,V,Wortley Village-Old South Heritage Conservation Distric,LSP3439321,623.75852368,138.317045206569
10537,Designated Heritage Property,90 Askin St,1885c,Askin Terrace,Italianate,V,Wortley Village-Old South Heritage Conservation Distric,LSP3439321,194.79898488,76.1238294524011
10538,Designated Heritage Property,150 Wortley Rd,1898c,London Native Church,Gothic Revival,IV And V,Wortley Village-Old South Heritage Conservation Distric,LSP3245689,1635.053077485,181.769291612862
10539,Designated Heritage Property,45 Askin St,1894c, ,Side-hall Plan (shp) Cottage,V,Wortley Village-Old South Heritage Conservation Distric,LSP3439321,491.31496332,117.651575426467
10540,Listed Heritage Property,"1-7B Ardaven Pl, 78 Ridout St S",1915, , , , , ,1402.222546,156.162071659387
10541,Designated Heritage Property,7-9 Byron Ave E,1890c, ,Italianate,V,Wortley Village-Old South Heritage Conservation Distric,LSP3439321,620.77885224,99.6854853899513
10542,Designated Heritage Property,45-47 Craig St,1891c, ,Italianate,V,Wortley Village-Old South Heritage Conservation Distric,LSP3439321,874.02388216,132.365125131365
10543,Designated Heritage Property,60-60B Byron Ave E, , , ,V,Wortley Village-Old South Heritage Conservation Distric,LSP3439321,146.65248672,56.3006080955054
10544,Designated Heritage Property,58 Byron Ave E, , , ,V,Wortley Village-Old South Heritage Conservation Distric,LSP3439321,171.05859376,59.0506841753918
10545,Designated Heritage Property,30 Byron Ave E, , , ,V,Wortley Village-Old South Heritage Conservation Distric,LSP3439321,309.64772072,86.3698316630826
10546,Designated Heritage Property,38 Byron Ave E, , , ,V,Wortley Village-Old South Heritage Conservation Distric,LSP3439321,263.23876096,78.7960315975792
10547,Designated Heritage Property,36 Byron Ave E, , , ,V,Wortley Village-Old South Heritage Conservation Distric,LSP3439321,207.07929936,76.5328312405482
10548,Designated Heritage Property,34 Byron Ave E, , , ,V,Wortley Village-Old South Heritage Conservation Distric,LSP3439321,400.7478704,90.0600592070529
10549,Designated Heritage Property,32 Byron Ave E, , , ,V,Wortley Village-Old South Heritage Conservation Distric,LSP3439321,302.23674736,84.7389516339339
10550,Designated Heritage Property,40 Byron Ave E, , , ,V,Wortley Village-Old South Heritage Conservation Distric,LSP3439321,266.52716384,78.1220090989614
10551,Designated Heritage Property,18 Byron Ave E, , , ,V,Wortley Village-Old South Heritage Conservation Distric,LSP3439321,700.7251332,113.525797263543
10552,Designated Heritage Property,16 Byron Ave E, , , ,V,Wortley Village-Old South Heritage Conservation Distric,LSP3439321,361.49005848,97.7848090467195
10553,Designated Heritage Property,14 Byron Ave E, , , ,V,Wortley Village-Old South Heritage Conservation Distric,LSP3439321,368.8761976,99.4144823640416
10554,Designated Heritage Property,10 Byron Ave E, , , ,V,Wortley Village-Old South Heritage Conservation Distric,LSP3439321,321.26385888,81.6738896439413
10555,Designated Heritage Property,12 Byron Ave E, , , ,V,Wortley Village-Old South Heritage Conservation Distric,LSP3439321,308.59179872,78.3633715561513
10556,Designated Heritage Property,123 Wortley Rd, , , ,V,Wortley Village-Old South Heritage Conservation Distric,LSP3439321,1205.2814248,164.903139370496
10557,Designated Heritage Property,125 Wortley Rd, , , ,V,Wortley Village-Old South Heritage Conservation Distric,LSP3439321,245.0968308,67.3646591439406
10558,Designated Heritage Property,127 Wortley Rd, , , ,V,Wortley Village-Old South Heritage Conservation Distric,LSP3439321,438.0173336,91.4114684605894
10559,Designated Heritage Property,112 Askin St, , , ,V,Wortley Village-Old South Heritage Conservation Distric,LSP3439321,383.56328656,83.1918415335771
10560,Designated Heritage Property,108 Askin St, , , ,V,Wortley Village-Old South Heritage Conservation Distric,LSP3439321,457.59747808,96.3445676528008
10561,Designated Heritage Property,114 Askin St, , , ,V,Wortley Village-Old South Heritage Conservation Distric,LSP3439321,222.43057632,65.8223643425986
10562,Designated Heritage Property,116 Askin St, , , ,V,Wortley Village-Old South Heritage Conservation Distric,LSP3439321,234.90733976,65.4019877132471
10563,Designated Heritage Property,102 Askin St, , , ,V,Wortley Village-Old South Heritage Conservation Distric,LSP3439321,584.53141568,120.301044032625
10564,Designated Heritage Property,96 Askin St, , , ,V,Wortley Village-Old South Heritage Conservation Distric,LSP3439321,876.76631752,132.486853746069
10565,Designated Heritage Property,106 Askin St, , , ,V,Wortley Village-Old South Heritage Conservation Distric,LSP3439321,584.50860016,120.300248934108
10566,Designated Heritage Property,104 Askin St, , , ,V,Wortley Village-Old South Heritage Conservation Distric,LSP3439321,584.51018688,120.300160534307
10567,Designated Heritage Property,14 Teresa St, , , ,V,Wortley Village-Old South Heritage Conservation Distric,LSP3439321,278.46001328,88.3533961711035
10568,Designated Heritage Property,12 Teresa St, , , ,V,Wortley Village-Old South Heritage Conservation Distric,LSP3439321,306.3256508,89.8779740737949
10569,Designated Heritage Property,10 Teresa St, , , ,V,Wortley Village-Old South Heritage Conservation Distric,LSP3439321,255.28043144,64.4900075938968
10570,Designated Heritage Property,83 Byron Ave E, , , ,V,Wortley Village-Old South Heritage Conservation Distric,LSP3439321,483.46053904,101.156404010999
10571,Designated Heritage Property,15 Teresa St, , , ,V,Wortley Village-Old South Heritage Conservation Distric,LSP3439321,192.54075712,63.843876778225
10572,Designated Heritage Property,7 Teresa St, , , ,V,Wortley Village-Old South Heritage Conservation Distric,LSP3439321,269.18537126,82.2610968526719
10573,Designated Heritage Property,75 Byron Ave E, , , ,V,Wortley Village-Old South Heritage Conservation Distric,LSP3439321,756.86534064,129.836731063258
10574,Designated Heritage Property,73 Byron Ave E, , , ,V,Wortley Village-Old South Heritage Conservation Distric,LSP3439321,608.48012918,123.720018343096
10575,Designated Heritage Property,67 Byron Ave E, , , ,V,Wortley Village-Old South Heritage Conservation Distric,LSP3439321,530.28023524,120.176642023135
10576,Designated Heritage Property,57 Byron Ave E, , , ,V,Wortley Village-Old South Heritage Conservation Distric,LSP3439321,418.67285666,115.034915563416
10577,Designated Heritage Property,65 Byron Ave E, , , ,V,Wortley Village-Old South Heritage Conservation Distric,LSP3439321,525.35033608,119.860275113651
10578,Designated Heritage Property,59 Byron Ave E, , , ,V,Wortley Village-Old South Heritage Conservation Distric,LSP3439321,449.15789514,116.379804802687
10579,Designated Heritage Property,61 Byron Ave E, , , ,V,Wortley Village-Old South Heritage Conservation Distric,LSP3439321,449.72054314,116.506582469347
10580,Designated Heritage Property,63 Byron Ave E, , , ,V,Wortley Village-Old South Heritage Conservation Distric,LSP3439321,749.12976178,128.821019594299
10581,Designated Heritage Property,55 Byron Ave E, , , ,V,Wortley Village-Old South Heritage Conservation Distric,LSP3439321,477.87657866,117.351432606708
10582,Designated Heritage Property,53 Byron Ave E, , , ,V,Wortley Village-Old South Heritage Conservation Distric,LSP3439321,614.1821353,134.256682186021
10583,Designated Heritage Property,51 Byron Ave E, , , ,V,Wortley Village-Old South Heritage Conservation Distric,LSP3439321,280.0279632,79.4563218515414
10584,Designated Heritage Property,47-49/ Byron Ave E, , , ,V,Wortley Village-Old South Heritage Conservation Distric,LSP3439321,891.91841712,134.003837706235
10585,Designated Heritage Property,45 Byron Ave E, , , ,V,Wortley Village-Old South Heritage Conservation Distric,LSP3439321,461.86922814,116.179883438338
10586,Designated Heritage Property,36 Askin St, , , ,V,Wortley Village-Old South Heritage Conservation Distric,LSP3439321,236.07452912,67.5563555799944
10587,Designated Heritage Property,8 Cynthia St, , , ,V,Wortley Village-Old South Heritage Conservation Distric,LSP3439321,230.98564612,61.8544596362718
10588,Designated Heritage Property,12 Cynthia St, , , ,V,Wortley Village-Old South Heritage Conservation Distric,LSP3439321,224.09547762,61.1500178819432
10589,Designated Heritage Property,6 Cynthia St, , , ,V,Wortley Village-Old South Heritage Conservation Distric,LSP3439321,343.895719,74.189393263022
10590,Designated Heritage Property,41 Byron Ave E, , , ,V,Wortley Village-Old South Heritage Conservation Distric,LSP3439321,534.39441792,95.2714493335834
10591,Designated Heritage Property,38 Askin St, , , ,V,Wortley Village-Old South Heritage Conservation Distric,LSP3439321,205.92695232,65.0334212505568
10592,Designated Heritage Property,46 Askin St, , , ,V,Wortley Village-Old South Heritage Conservation Distric,LSP3439321,888.77892112,133.661645031512
10593,Designated Heritage Property,56 Askin St, , , ,V,Wortley Village-Old South Heritage Conservation Distric,LSP3439321,464.5597036,115.831255714257
10594,Designated Heritage Property,54 Askin St, , , ,V,Wortley Village-Old South Heritage Conservation Distric,LSP3439321,420.733038,114.093937124132
10595,Designated Heritage Property,62 Askin St, , , ,V,Wortley Village-Old South Heritage Conservation Distric,LSP3439321,605.04181568,121.379107293243
10596,Designated Heritage Property,58 Askin St, , , ,V,Wortley Village-Old South Heritage Conservation Distric,LSP3439321,558.50836512,119.638254922486
10597,Designated Heritage Property,60 Askin St, , , ,V,Wortley Village-Old South Heritage Conservation Distric,LSP3439321,601.83378752,121.341738938919
10598,Designated Heritage Property,64 Askin St, , , ,V,Wortley Village-Old South Heritage Conservation Distric,LSP3439321,880.08763928,132.713609793914
10599,Designated Heritage Property,70 Askin St, , , ,V,Wortley Village-Old South Heritage Conservation Distric,LSP3439321,657.41517216,123.323866872745
10600,Designated Heritage Property,76 Askin St, , , ,V,Wortley Village-Old South Heritage Conservation Distric,LSP3439321,586.88401144,120.200223990363
10601,Designated Heritage Property,74 Askin St, , , ,V,Wortley Village-Old South Heritage Conservation Distric,LSP3439321,510.65617264,117.104675314198
10602,Designated Heritage Property,82 Askin St, , , ,V,Wortley Village-Old South Heritage Conservation Distric,LSP3439321,609.99133224,120.932347892524
10603,Designated Heritage Property,80 Askin St, , , ,V,Wortley Village-Old South Heritage Conservation Distric,LSP3439321,874.89328584,132.14598958343
10604,Designated Heritage Property,84 Askin St, , , ,V,Wortley Village-Old South Heritage Conservation Distric,LSP3439321,545.18765968,106.639908839409
10605,Designated Heritage Property,9 Cynthia St, , , ,V,Wortley Village-Old South Heritage Conservation Distric,LSP3439321,179.99899096,67.9698403230058
10606,Designated Heritage Property,13 Cynthia St, , , ,V,Wortley Village-Old South Heritage Conservation Distric,LSP3439321,377.0016757,101.049304194038
10607,Designated Heritage Property,7 Cynthia St, , , ,V,Wortley Village-Old South Heritage Conservation Distric,LSP3439321,208.8502216,70.0741900229098
10608,Designated Heritage Property,11 Cynthia St, , , ,V,Wortley Village-Old South Heritage Conservation Distric,LSP3439321,303.93856386,89.473101647768
10609,Designated Heritage Property,32 Askin St, , , ,V,Wortley Village-Old South Heritage Conservation Distric,LSP3439321,334.17061504,79.2146963780558
10610,Designated Heritage Property,30 Askin St, , , ,V,Wortley Village-Old South Heritage Conservation Distric,LSP3439321,432.91684304,97.4926291389631
10611,Designated Heritage Property,28 Askin St, , , ,V,Wortley Village-Old South Heritage Conservation Distric,LSP3439321,594.08399704,121.867741308049
10612,Designated Heritage Property,26 Askin St, , , ,V,Wortley Village-Old South Heritage Conservation Distric,LSP3439321,623.7375904,123.08469667001
10613,Designated Heritage Property,24 Askin St, , , ,V,Wortley Village-Old South Heritage Conservation Distric,LSP3439321,564.352744,120.648223839288
10614,Designated Heritage Property,37 Askin St, , , ,V,Wortley Village-Old South Heritage Conservation Distric,LSP3439321,295.18660848,82.8707392240868
10615,Designated Heritage Property,53 Askin St, , , ,V,Wortley Village-Old South Heritage Conservation Distric,LSP3439321,626.98075224,123.217677738561
10616,Designated Heritage Property,55 Askin St, , , ,V,Wortley Village-Old South Heritage Conservation Distric,LSP3439321,519.80063514,118.820382732197
10617,Designated Heritage Property,49 Askin St, , , ,V,Wortley Village-Old South Heritage Conservation Distric,LSP3439321,445.54493482,115.773709417376
10618,Designated Heritage Property,47 Askin St, , , ,V,Wortley Village-Old South Heritage Conservation Distric,LSP3439321,445.54251306,115.773709417499
10619,Designated Heritage Property,51 Askin St, , , ,V,Wortley Village-Old South Heritage Conservation Distric,LSP3439321,447.58152262,115.857372314863
10620,Designated Heritage Property,57 Askin St, , , ,V,Wortley Village-Old South Heritage Conservation Distric,LSP3439321,639.49744622,123.731228507492
10621,Designated Heritage Property,61 Askin St, , , ,V,Wortley Village-Old South Heritage Conservation Distric,LSP3439321,445.5424661,115.773709417457
10622,Designated Heritage Property,65 Askin St, , , ,V,Wortley Village-Old South Heritage Conservation Distric,LSP3439321,594.0608851,121.867056050362
10623,Designated Heritage Property,73 Askin St, , , ,V,Wortley Village-Old South Heritage Conservation Distric,LSP3439321,449.62406432,115.941123604298
10624,Designated Heritage Property,63 Askin St, , , ,V,Wortley Village-Old South Heritage Conservation Distric,LSP3439321,447.60222652,115.85816741776
10625,Designated Heritage Property,71 Askin St, , , ,V,Wortley Village-Old South Heritage Conservation Distric,LSP3439321,742.59031828,127.961109348155
10626,Designated Heritage Property,75 Askin St, , , ,V,Wortley Village-Old South Heritage Conservation Distric,LSP3439321,594.05777734,121.86696762862
10627,Designated Heritage Property,77 Askin St, , , ,V,Wortley Village-Old South Heritage Conservation Distric,LSP3439321,594.05826606,121.867056057217
10628,Designated Heritage Property,79 Askin St, , , ,V,Wortley Village-Old South Heritage Conservation Distric,LSP3439321,598.15611674,122.035265324707
10629,Designated Heritage Property,95 Askin St, , , ,V,Wortley Village-Old South Heritage Conservation Distric,LSP3439321,228.722116,70.683320862922
10630,Designated Heritage Property,97 Askin St, , , ,V,Wortley Village-Old South Heritage Conservation Distric,LSP3439321,475.24978982,116.992343384567
10631,Designated Heritage Property,105 Askin St, , , ,V,Wortley Village-Old South Heritage Conservation Distric,LSP3439321,445.54477082,115.77370941736
10632,Designated Heritage Property,145 Wortley Rd, , , ,V,Wortley Village-Old South Heritage Conservation Distric,LSP3439321,560.20073814,114.40342195259
10633,Designated Heritage Property,143 Wortley Rd, , , ,V,Wortley Village-Old South Heritage Conservation Distric,LSP3439321,415.54381298,99.9928208569041
10634,Designated Heritage Property,147 Wortley Rd, , , ,V,Wortley Village-Old South Heritage Conservation Distric,LSP3439321,59.0522543,37.607956371572
10635,Designated Heritage Property,128 Bruce St, , , ,V,Wortley Village-Old South Heritage Conservation Distric,LSP3439321,426.90624096,115.15909981721
10636,Designated Heritage Property,130 Bruce St, , , ,V,Wortley Village-Old South Heritage Conservation Distric,LSP3439321,465.76389632,116.735268057304
10637,Designated Heritage Property,124 Bruce St, , , ,V,Wortley Village-Old South Heritage Conservation Distric,LSP3439321,842.69484856,134.256519873742
10638,Designated Heritage Property,195 Bruce St, , , ,V,Wortley Village-Old South Heritage Conservation Distric,LSP3439321,477.83550998,93.202117818233
10639,Designated Heritage Property,193 Bruce St, , , ,V,Wortley Village-Old South Heritage Conservation Distric,LSP3439321,455.01028298,91.7469426477431
10640,Designated Heritage Property,191/ Bruce St, , , ,V,Wortley Village-Old South Heritage Conservation Distric,LSP3439321,286.70231496,81.0159280066625
10641,Designated Heritage Property,189 Bruce St, , , ,V,Wortley Village-Old South Heritage Conservation Distric,LSP3439321,477.83346184,93.2022208623912
10642,Designated Heritage Property,191 Bruce St, , , ,V,Wortley Village-Old South Heritage Conservation Distric,LSP3439321,286.70349904,81.0159280034328
10643,Designated Heritage Property,187 Bruce St, , , ,V,Wortley Village-Old South Heritage Conservation Distric,LSP3439321,382.27706546,87.1097273391316
10644,Designated Heritage Property,81 Ridout St S, , , ,V,Wortley Village-Old South Heritage Conservation Distric,LSP3439321,426.2750128,89.3661846520265
10645,Designated Heritage Property,83 Ridout St S, , , ,V,Wortley Village-Old South Heritage Conservation Distric,LSP3439321,4109.45252696,256.479481829658
10646,Designated Heritage Property,154 Bruce St, , , ,V,Wortley Village-Old South Heritage Conservation Distric,LSP3439321,276.23924984,67.3314508708656
10647,Designated Heritage Property,146-148 Wortley Rd, , , ,V,Wortley Village-Old South Heritage Conservation Distric,LSP3439321,1074.028094115,185.861417689625
10648,Designated Heritage Property,144 Wortley Rd, , , ,V,Wortley Village-Old South Heritage Conservation Distric,LSP3439321,259.59312704,102.993108824474
10649,Designated Heritage Property,142 Wortley Rd, , , ,V,Wortley Village-Old South Heritage Conservation Distric,LSP3439321,237.42644892,105.418474410529
10650,Designated Heritage Property,142a Wortley Rd, , , ,V,Wortley Village-Old South Heritage Conservation Distric,LSP3439321,336.5892312,115.865837041049
10651,Designated Heritage Property,140 Wortley Rd, , , ,V,Wortley Village-Old South Heritage Conservation Distric,LSP3439321,300.2993482,80.2481433828532
10652,Designated Heritage Property,138-138/ Wortley Rd, , , ,V,Wortley Village-Old South Heritage Conservation Distric,LSP3439321,347.28218084,89.144395583946
10653,Designated Heritage Property,136a Wortley Rd, , , ,V,Wortley Village-Old South Heritage Conservation Distric,LSP3439321,146.39413656,74.88811313557
10654,Designated Heritage Property,136 Wortley Rd, , , ,V,Wortley Village-Old South Heritage Conservation Distric,LSP3439321,1056.98822314,180.510300771286
10655,Designated Heritage Property,60 Craig St, , , ,V,Wortley Village-Old South Heritage Conservation Distric,LSP3439321,477.58306512,104.892128971846
10656,Designated Heritage Property,56-58 Craig St, , , ,V,Wortley Village-Old South Heritage Conservation Distric,LSP3439321,1042.71866208,151.427903189638
10657,Designated Heritage Property,52 Craig St, , , ,V,Wortley Village-Old South Heritage Conservation Distric,LSP3439321,593.15430672,136.122452961884
10658,Designated Heritage Property,44 Craig St, , , ,V,Wortley Village-Old South Heritage Conservation Distric,LSP3439321,545.6591776,136.108975136911
10659,Designated Heritage Property,48 Craig St, , , ,V,Wortley Village-Old South Heritage Conservation Distric,LSP3439321,600.1412056,136.588187012498
10660,Designated Heritage Property,40 Craig St, , , ,V,Wortley Village-Old South Heritage Conservation Distric,LSP3439321,601.63279808,137.03997465745
10661,Designated Heritage Property,42 Craig St, , , ,V,Wortley Village-Old South Heritage Conservation Distric,LSP3439321,587.52560688,136.452982792537
10662,Designated Heritage Property,54 Craig St, , , ,V,Wortley Village-Old South Heritage Conservation Distric,LSP3439321,667.89485424,138.603666368346
10663,Designated Heritage Property,50 Craig St, , , ,V,Wortley Village-Old South Heritage Conservation Distric,LSP3439321,705.22042112,140.107975380365
10664,Designated Heritage Property,38 Craig St, , , ,V,Wortley Village-Old South Heritage Conservation Distric,LSP3439321,568.81864032,136.013001350486
10665,Designated Heritage Property,46 Craig St, , , ,V,Wortley Village-Old South Heritage Conservation Distric,LSP3439321,600.23973512,138.538087689584
10666,Designated Heritage Property,26 Craig St, , , ,V,Wortley Village-Old South Heritage Conservation Distric,LSP3439321,1177.78627944,157.362566514575
10667,Designated Heritage Property,20 Craig St, , , ,V,Wortley Village-Old South Heritage Conservation Distric,LSP3439321,1693.92857104,175.136678641328
10668,Designated Heritage Property,65 Ridout St S, , , ,V,Wortley Village-Old South Heritage Conservation Distric,LSP3439321,371.13034944,85.2806726485025
10669,Designated Heritage Property,67 Ridout St S, , , ,V,Wortley Village-Old South Heritage Conservation Distric,LSP3439321,488.74182192,93.0047635038539
10670,Designated Heritage Property,63 Ridout St S, , , ,V,Wortley Village-Old South Heritage Conservation Distric,LSP3439321,430.8861136,91.9829721301243
10671,Designated Heritage Property,194 Bruce St, , , ,V,Wortley Village-Old South Heritage Conservation Distric,LSP3439321,504.26660784,107.070784738784
10672,Designated Heritage Property,190 Bruce St, , , ,V,Wortley Village-Old South Heritage Conservation Distric,LSP3439321,440.78304792,103.998826899113
10673,Designated Heritage Property,192 Bruce St, , , ,V,Wortley Village-Old South Heritage Conservation Distric,LSP3439321,415.60544048,102.780640200194
10674,Designated Heritage Property,186 Bruce St, , , ,V,Wortley Village-Old South Heritage Conservation Distric,LSP3439321,321.63387184,84.0885543330941
10675,Designated Heritage Property,188 Bruce St, , , ,V,Wortley Village-Old South Heritage Conservation Distric,LSP3439321,315.2794304,83.1360657092856
10676,Designated Heritage Property,186/ Bruce St, , , ,V,Wortley Village-Old South Heritage Conservation Distric,LSP3439321,319.87255056,83.4268927816389
10677,Designated Heritage Property,184 Bruce St, , , ,V,Wortley Village-Old South Heritage Conservation Distric,LSP3439321,588.09277744,137.09937288099
10678,Designated Heritage Property,182 Bruce St, , , ,V,Wortley Village-Old South Heritage Conservation Distric,LSP3439321,623.76926256,138.318586437725
10679,Designated Heritage Property,178 Bruce St, , , ,V,Wortley Village-Old South Heritage Conservation Distric,LSP3439321,547.81677552,135.721212373713
10680,Designated Heritage Property,174 Bruce St, , , ,V,Wortley Village-Old South Heritage Conservation Distric,LSP3439321,588.13213408,137.099608831465
10681,Designated Heritage Property,132 Wortley Rd, , , ,V,Wortley Village-Old South Heritage Conservation Distric,LSP3439321,384.76554188,90.5723321844578
10682,Designated Heritage Property,128 Wortley Rd, , , ,V,Wortley Village-Old South Heritage Conservation Distric,LSP3439321,417.08418216,96.7562523581898
10683,Designated Heritage Property,"134-134/ Wortley Rd, 69 Craig St", , , ,V,Wortley Village-Old South Heritage Conservation Distric,LSP3439321,465.7848691,90.6851701726859
10684,Designated Heritage Property,65 Craig St, , , ,V,Wortley Village-Old South Heritage Conservation Distric,LSP3439321,598.97517784,121.434940138238
10685,Designated Heritage Property,67 Craig St, , , ,V,Wortley Village-Old South Heritage Conservation Distric,LSP3439321,646.49220448,123.542070674062
10686,Designated Heritage Property,61 Craig St, , , ,V,Wortley Village-Old South Heritage Conservation Distric,LSP3439321,1104.058278,150.682764129916
10687,Designated Heritage Property,59 Craig St, , , ,V,Wortley Village-Old South Heritage Conservation Distric,LSP3439321,461.31563648,119.63047609499
10688,Designated Heritage Property,57 Craig St, , , ,V,Wortley Village-Old South Heritage Conservation Distric,LSP3439321,646.07088072,122.27756296028
10689,Designated Heritage Property,49 Craig St, , , ,V,Wortley Village-Old South Heritage Conservation Distric,LSP3439321,488.91342006,113.131998527586
10690,Designated Heritage Property,122 Wortley Rd, , , ,V,Wortley Village-Old South Heritage Conservation Distric,LSP3439321,1609.14947676,193.566205896536
10691,Designated Heritage Property,120 Wortley Rd, , , ,V,Wortley Village-Old South Heritage Conservation Distric,LSP3439321,489.4247661,93.0475700415394
10692,Designated Heritage Property,43 Askin St, , , ,V,Wortley Village-Old South Heritage Conservation Distric,LSP3439321,445.54141234,115.773621031967
10693,Designated Heritage Property,93 Askin St, , , ,V,Wortley Village-Old South Heritage Conservation Distric,LSP3439321,499.027163,127.352233152667
10694,Designated Heritage Property,103-103E Askin St, , , ,V,Wortley Village-Old South Heritage Conservation Distric,LSP3439321,891.08711988,134.053660839617
10695,Designated Heritage Property,27 Askin St,1891p, ,Italianate,V,Wortley Village-Old South Heritage Conservation Distric,LSP3439321,861.48153098,132.838892565336
10696,Designated Heritage Property,14 Edward St,1894c, , ,V,Wortley Village-Old South Heritage Conservation Distric,LSP3439321,363.04844272,80.7376862455415
10697,Designated Heritage Property,194 Elmwood Ave E,1914,Humberstone Property,Eclectic,V,Wortley Village-Old South Heritage Conservation Distric,LSP3439321,405.90353824,90.9874375968765
10698,Designated Heritage Property,30 Elmwood Ave E,1903c, ,Queen Anne,V,Wortley Village-Old South Heritage Conservation Distric,LSP3439321,1011.69168048,183.715765660999
10699,Designated Heritage Property,16 Marley Pl,1880, ,Gothic Revival,V,Wortley Village-Old South Heritage Conservation Distric,LSP3439321,1215.17607408,173.17874686008
10700,Designated Heritage Property,93 Bruce St,1877, ,Italianate,V,Wortley Village-Old South Heritage Conservation Distric,LSP3439321,1011.61193664,183.711701398201
10701,Listed Heritage Property,7 Cove Rd,1920c, ,Vernacular, , , ,270.58741392,79.9273323374235
10702,Designated Heritage Property,12 Bruce St,1909c, , ,V,Wortley Village-Old South Heritage Conservation Distric,LSP3439321,355.99692096,88.0975336536532
10703,Designated Heritage Property,203 Elmwood Ave E,1908c, ,Queen Anne,V,Wortley Village-Old South Heritage Conservation Distric,LSP3439321,524.62265976,101.819214123172
10704,Designated Heritage Property,20 Edward St,1898c, ,Vernacular,V,Wortley Village-Old South Heritage Conservation Distric,LSP3439321,476.72824934,123.259857990521
10705,Designated Heritage Property,10 Bruce St,1914, , ,V,Wortley Village-Old South Heritage Conservation Distric,LSP3439321,305.1534064,85.0514748618618
10706,Designated Heritage Property,65 Bruce St,1891p, ,Italianate,V,Wortley Village-Old South Heritage Conservation Distric,LSP3439321,389.84818856,79.2130239593146
10707,Designated Heritage Property,101 Bruce St,1880c, ,Ontario Cottage,V,Wortley Village-Old South Heritage Conservation Distric,LSP3439321,1011.67627648,183.713380637023
10708,Designated Heritage Property,153 Wortley Rd,1884,Lamont Eugene T.,Queen Anne,V,Wortley Village-Old South Heritage Conservation Distric,LSP3439321,856.95913296,133.136005336171
10709,Designated Heritage Property,175 Wortley Rd,1905c,Dubitsky Joshua H.,Vernacular,V,Wortley Village-Old South Heritage Conservation Distric,LSP3439321,518.45964542,157.790280009606
10710,Designated Heritage Property,18 Edward St,1894c, ,Vernacular,V,Wortley Village-Old South Heritage Conservation Distric,LSP3439321,555.43095968,124.070956426127
10711,Designated Heritage Property,201-201/ Elmwood Ave E,1936c, ,Tudor Revival,V,Wortley Village-Old South Heritage Conservation Distric,LSP3439321,445.54393808,97.4932589861012
10712,Designated Heritage Property,50 Bruce St,1874, ,Italianate,IV And V,Wortley Village-Old South Heritage Conservation Distric,LSP287585,946.23391496,136.906784344228
10713,Listed Heritage Property,16 Cove Rd,1920c, ,Eclectic, , , ,528.75599872,134.001777419065
10714,Listed Heritage Property,46 Grand Ave,1938, ,Tudor Revival, , , ,816.7778016,137.710408211422
10715,Designated Heritage Property,169 Bruce St,1891p, ,Side-hall Plan (shp) Cottage,V,Wortley Village-Old South Heritage Conservation Distric,LSP3439321,643.25736888,121.257265080642
10716,Designated Heritage Property,112 Elmwood Ave E,1903, ,Italianate,V,Wortley Village-Old South Heritage Conservation Distric,LSP3439321,528.87075064,105.718283934583
10717,Designated Heritage Property,55 Bruce St,1909c, ,Vernacular,V,Wortley Village-Old South Heritage Conservation Distric,LSP3439321,538.75629248,120.176607757198
10718,Designated Heritage Property,41 Bruce St,1886c, ,Side-hall Plan (shp) Cottage,V,Wortley Village-Old South Heritage Conservation Distric,LSP3439321,1011.67519438,183.71258562545
10719,Designated Heritage Property,104 Elmwood Ave E,1897, ,Queen Anne Cottage,IV And V,Wortley Village-Old South Heritage Conservation Distric,LSP3291290,939.41602752,181.88675343134
10720,Listed Heritage Property,181 Wildwood Ave,1880c, , , , , ,919.69382344,151.21383421012
10721,Listed Heritage Property,2311 Oxford St W,1925,Woodeden Estate,Eclectic, , , ,403292.05299523,3150.39890986165
10722,Designated Heritage Property,17 Marley Pl,1899, ,Queen Anne,V,Wortley Village-Old South Heritage Conservation Distric,LSP3439321,546.33889088,153.783875372378
10723,Designated Heritage Property,13 Edward St,1903c, , ,V,Wortley Village-Old South Heritage Conservation Distric,LSP3439321,367.58749646,93.2292668139885
10724,Designated Heritage Property,165 Elmwood Ave E,1898,Monsignor Feeney Ctr,Romanesque Revival,IV And V,Wortley Village-Old South Heritage Conservation Distric,LSP2854377,20233.97714754,573.948198017095
10725,Listed Heritage Property,"11 Grand Ave, 134 Ridoout St S",1924c, ,Arts And Crafts, , , ,1655.30112296,196.038007728612
10726,Designated Heritage Property,15 Marley Pl,1892,Denomme Property,Vernacular,V,Wortley Village-Old South Heritage Conservation Distric,LSP3439321,1070.81948968,168.99298287882
10727,Designated Heritage Property,19 Askin St,1891p, ,Side-hall Plan (shp) Cottage,V,Wortley Village-Old South Heritage Conservation Distric,LSP3439321,563.9701568,120.632499732937
10728,Designated Heritage Property,21 Askin St,1891p, ,Italianate,V,Wortley Village-Old South Heritage Conservation Distric,LSP3439321,861.66330052,132.846491577829
10729,Designated Heritage Property,10 Marley Pl,1872c,Mysior Property,Vernacular,V,Wortley Village-Old South Heritage Conservation Distric,LSP3439321,2163.535756,200.678853310766
10730,Designated Heritage Property,68 Bruce St,1880, ,Side-hall Plan (shp) Cottage,IV And V,Wortley Village-Old South Heritage Conservation Distric,LSP3439321,801.04001112,130.878655500016
10731,Designated Heritage Property,176 Wortley Rd,1874,Macmillan Elizabeth, ,V,Wortley Village-Old South Heritage Conservation Distric,LSP3439321,831.16588348,153.725429190329
10732,Listed Heritage Property,45 Grand Ave,1909, ,Vernacular, , , ,221.57376264,69.0844743734667
10733,Designated Heritage Property,27 Erie Ave,1914c, ,Bungalow,IV, ,LSP287686,1112.86027,139.920286954449
10734,Designated Heritage Property,156 Wortley Rd,1885,Lamont Eugene T.,Gothic Revival,V,Wortley Village-Old South Heritage Conservation Distric,LSP3439321,225.29925952,73.7787066828521
10735,Designated Heritage Property,190-192 Elmwood Ave E,1927,"Duffield, J.c.",Eclectic,V,Wortley Village-Old South Heritage Conservation Distric,LSP3439321,1052.94907224,159.041714138541
10736,Designated Heritage Property,122 Elmwood Ave E,1905p, ,Ontario Cottage,V,Wortley Village-Old South Heritage Conservation Distric,LSP3439321,629.14278752,111.10869209784
10737,Listed Heritage Property,43 Grand Ave,1909, ,Vernacular, , , ,261.64311504,72.1661002932595
10738,Designated Heritage Property,26 Bruce St,1900c, ,Vernacular,IV And V,Wortley Village-Old South Heritage Conservation Distric,LSP3292-4,601.69988896,123.119521256343
10739,Designated Heritage Property,133 Bruce St,1880c, ,Side-hall Plan (shp) Cottage,V,Wortley Village-Old South Heritage Conservation Distric,LSP3439321,588.3850688,124.801040982838
10740,Designated Heritage Property,90 Ridout St S,1880c,Shaw Thomas Lee,Queen Anne,IV, ,LSP3397264,820.88563208,128.043877740785
10741,Designated Heritage Property,195 Elmwood Ave E,1885, ,Italianate,IV And V,Wortley Village-Old South Heritage Conservation Distric,LSP3003326,1214.33650188,170.602958141673
10742,Designated Heritage Property,10 Grand Ave,1883,Waverley,Queen Anne,IV, ,LSP3271156,6007.92706392,312.533868495379
10743,Designated Heritage Property,69 Bruce St,1890p, ,Vernacular,V,Wortley Village-Old South Heritage Conservation Distric,LSP3439321,467.3659964,90.6866014429652
10744,Listed Heritage Property,9 Cove Rd,1920c, ,Vernacular, , , ,287.04584176,79.0135928749743
10745,Designated Heritage Property,31 Askin St,1891c, ,Italianate,V,Wortley Village-Old South Heritage Conservation Distric,LSP3439321,891.12317462,134.05514121667
10746,Designated Heritage Property,25 Askin St,1897, ,Eclectic,V,Wortley Village-Old South Heritage Conservation Distric,LSP3439321,445.5406579,115.773599608062
10747,Designated Heritage Property,28 Bruce St,1900c, ,Vernacular,V,Wortley Village-Old South Heritage Conservation Distric,LSP3439321,601.5508672,123.094077312675
10748,Designated Heritage Property,45 Bruce St,1886c, ,Side-hall Plan (shp) Cottage,V,Wortley Village-Old South Heritage Conservation Distric,LSP3439321,545.8025492,110.899116972524
10749,Designated Heritage Property,35 Bruce St,1890c, ,Vernacular,V,Wortley Village-Old South Heritage Conservation Distric,LSP3439321,1011.6795986,183.713380634274
10750,Listed Heritage Property,189 Wharncliffe Rd S,1925c, ,Eclectic, , , ,497.55269224,100.845403818537
10751,Designated Heritage Property,15 Edward St,1903c, ,Vernacular,V,Wortley Village-Old South Heritage Conservation Distric,LSP3439321,367.57257476,93.2280296852061
10752,Designated Heritage Property,197 Elmwood Ave E,1892, ,Queen Anne,V,Wortley Village-Old South Heritage Conservation Distric,LSP3439321,445.54393808,97.4932589861012
10753,Designated Heritage Property,25 Marley Pl,1880c,Mclean C.s.,Queen Anne,V,Wortley Village-Old South Heritage Conservation Distric,LSP3439321,2163.8144208,200.678869777143
10754,Designated Heritage Property,105 Bruce St,1904c, ,Queen Anne Cottage,V,Wortley Village-Old South Heritage Conservation Distric,LSP3439321,963.48864856,182.494216258618
10755,Designated Heritage Property,198 Elmwood Ave E,1849c, ,Regency,IV And V,Wortley Village-Old South Heritage Conservation Distric,LSP2904335,542.87652312,99.2123862580373
10756,Designated Heritage Property,173 Wortley Rd,1906c,Elwood Brian,Ontario Cottage,V,Wortley Village-Old South Heritage Conservation Distric,LSP3439321,1000.69365372,195.279763807513
10757,Designated Heritage Property,23 Bruce St,1894c, ,Vernacular,V,Wortley Village-Old South Heritage Conservation Distric,LSP3439321,365.4560824,93.4256580305149
10758,Designated Heritage Property,50 Elmwood Ave E,1900p, ,Vernacular,V,Wortley Village-Old South Heritage Conservation Distric,LSP3439321,1011.69201264,183.716560670426
10759,Designated Heritage Property,43 Bruce St,1886c, ,Side-hall Plan (shp) Cottage,IV And V,Wortley Village-Old South Heritage Conservation Distric,LSP3439321,545.784869,110.898321964064
10760,Listed Heritage Property,36 Grand Ave,1878,Idlewyld,High Victorian, , , ,3190.45672,258.765286846323
10761,Listed Heritage Property,157 Ridout St S,1922,Wallace Property,Arts And Crafts, , , ,794.31971408,127.355244661219
10762,Designated Heritage Property,128 Elmwood Ave E,1905p, ,Ontario Cottage,V,Wortley Village-Old South Heritage Conservation Distric,LSP3439321,727.51934132,115.981912596382
10763,Designated Heritage Property,30 Marley Pl,1909c, ,Queen Anne,V,Wortley Village-Old South Heritage Conservation Distric,LSP3439321,732.13134288,143.565926223225
10764,Designated Heritage Property,132 Bruce St,1888c, ,Ontario Cottage,V,Wortley Village-Old South Heritage Conservation Distric,LSP3439321,463.27250968,89.7406846939673
10765,Designated Heritage Property,124 Elmwood Ave E,1888,"Davies, K.g.",Queen Anne,V,Wortley Village-Old South Heritage Conservation Distric,LSP3439321,631.26449976,123.461307851932
10766,Listed Heritage Property,26 Erie Ave,1925c, ,Bungalow, , , ,702.41361984,110.960808948279
10767,Designated Heritage Property,56 Bruce St,1878c, ,Gothic Revival,V,Wortley Village-Old South Heritage Conservation Distric,LSP3439321,901.7036876,135.073091455314
10768,Listed Heritage Property,41 Grand Ave,1909, ,Vernacular, , , ,356.76731464,79.4810916830681
10769,Designated Heritage Property,156 Elmwood Ave E,1892,Mclean C.s.,Gothic Revival,V,Wortley Village-Old South Heritage Conservation Distric,LSP3439321,603.90518088,101.240786269549
10770,Designated Heritage Property,29 Bruce St,1894c, ,Side-hall Plan (shp) Cottage,IV And V,Wortley Village-Old South Heritage Conservation Distric,LSP3297-82,1029.76908294,184.171451013227
10771,Designated Heritage Property,96 Elmwood Ave E,1883c, ,Queen Anne,V,Wortley Village-Old South Heritage Conservation Distric,LSP3439321,2023.304834,209.305769121474
10772,Listed Heritage Property,493 Springbank Dr,1897,Pixley Fulford,Gothic Revival, , , ,297942.678150505,2236.9810710565
10773,Designated Heritage Property,143 Bruce St,1891p, ,Ontario Cottage,V,Wortley Village-Old South Heritage Conservation Distric,LSP3439321,326.41669616,74.6159793431667
10774,Listed Heritage Property,55 Grand Ave,1889, ,Eclectic, , , ,739.96376496,109.496564206027
10775,Designated Heritage Property,53 Bruce St,1879c, ,Vernacular,V,Wortley Village-Old South Heritage Conservation Distric,LSP3439321,1012.36803922,167.70389160089
10776,Designated Heritage Property,17 Edward St,1899c, ,Vernacular,V,Wortley Village-Old South Heritage Conservation Distric,LSP3439321,491.26519964,119.594852886246
10777,Designated Heritage Property,23 Marley Pl,1904,Snow Property,Queen Anne,V,Wortley Village-Old South Heritage Conservation Distric,LSP3439321,870.64519328,163.189427328035
10778,Designated Heritage Property,12 Cathcart St,1891p, ,Ontario Cottage,V,Wortley Village-Old South Heritage Conservation Distric,LSP3439321,466.1471768,100.234869375967
10779,Listed Heritage Property,15 Cove Rd,1880, ,Ontario Cottage, , , ,400.66921712,87.0528366596714
10780,Designated Heritage Property,16 Edward St,1893c, ,Second Empire,IV And V,Wortley Village-Old South Heritage Conservation Distric,LSP3202324,435.73534016,87.6749992434519
10781,Designated Heritage Property,169 Wortley Rd,1895,Heinsohn William K.,Queen Anne,V,Wortley Village-Old South Heritage Conservation Distric,LSP3439321,657.38455688,151.137034320562
10782,Designated Heritage Property,14 Bruce St,1900, ,Regency,V,Wortley Village-Old South Heritage Conservation Distric,LSP3439321,396.06254152,89.3723481303858
10783,Designated Heritage Property,19 Marley Pl,1909, ,Queen Anne,V,Wortley Village-Old South Heritage Conservation Distric,LSP3439321,495.17589896,152.301714903388
10784,Designated Heritage Property,47 Bruce St,1886c, ,Side-hall Plan (shp) Cottage,V,Wortley Village-Old South Heritage Conservation Distric,LSP3439321,545.78446698,110.898321964088
10785,Designated Heritage Property,91 Bruce St,1891p, ,Side-hall Plan (shp) Cottage,V,Wortley Village-Old South Heritage Conservation Distric,LSP3439321,1011.67611304,183.713380634198
10786,Designated Heritage Property,23 Cathcart St,1884,Fernleigh Cottage,Ontario Cottage,IV And V,Wortley Village-Old South Heritage Conservation Distric,LSP2804404,1013.6160311,141.974477902371
10787,Designated Heritage Property,106-108 Elmwood Ave E,1897c, ,Queen Anne Cottage,V,Wortley Village-Old South Heritage Conservation Distric,LSP3439321,1228.4747856,189.198738111268
10788,Designated Heritage Property,17 Askin St, , , ,V,Wortley Village-Old South Heritage Conservation Distric,LSP3439321,310.63356884,77.6440634518788
10789,Designated Heritage Property,15 Askin St, , , ,V,Wortley Village-Old South Heritage Conservation Distric,LSP3439321,198.40482596,56.981008600317
10790,Designated Heritage Property,21/ Askin St, , , ,V,Wortley Village-Old South Heritage Conservation Distric,LSP3439321,386.1580651,113.337126795065
10791,Designated Heritage Property,23 Askin St, , , ,V,Wortley Village-Old South Heritage Conservation Distric,LSP3439321,445.56276354,115.774394693666
10792,Designated Heritage Property,19 Cynthia St, , , ,V,Wortley Village-Old South Heritage Conservation Distric,LSP3439321,278.46064128,67.0262758740125
10793,Designated Heritage Property,21 Cynthia St, , , ,V,Wortley Village-Old South Heritage Conservation Distric,LSP3439321,334.16301998,91.4011854235931
10794,Designated Heritage Property,23 Cynthia St, , , ,V,Wortley Village-Old South Heritage Conservation Distric,LSP3439321,451.11680416,104.196737356105
10795,Designated Heritage Property,32 Bruce St, , , ,V,Wortley Village-Old South Heritage Conservation Distric,LSP3439321,283.85929448,80.3927353742328
10796,Designated Heritage Property,38 Bruce St, , , ,V,Wortley Village-Old South Heritage Conservation Distric,LSP3439321,202.58190408,65.7086297784333
10797,Designated Heritage Property,34 Bruce St, , , ,V,Wortley Village-Old South Heritage Conservation Distric,LSP3439321,283.77636488,80.3733899653711
10798,Designated Heritage Property,36 Bruce St, , , ,V,Wortley Village-Old South Heritage Conservation Distric,LSP3439321,247.72160256,69.3856486174004
10799,Designated Heritage Property,30 Bruce St, , , ,V,Wortley Village-Old South Heritage Conservation Distric,LSP3439321,601.3502752,123.067219301588
10800,Designated Heritage Property,24 Bruce St, , , ,V,Wortley Village-Old South Heritage Conservation Distric,LSP3439321,601.83338272,123.144079356378
10801,Designated Heritage Property,22-22/ Bruce St, , , ,V,Wortley Village-Old South Heritage Conservation Distric,LSP3439321,808.10546768,147.556521980907
10802,Designated Heritage Property,8 Bruce St, , , ,V,Wortley Village-Old South Heritage Conservation Distric,LSP3439321,305.1496206,85.0510345256641
10803,Designated Heritage Property,20 Cynthia St, , , ,V,Wortley Village-Old South Heritage Conservation Distric,LSP3439321,302.4897068,69.6766057902486
10804,Designated Heritage Property,22 Cynthia St, , , ,V,Wortley Village-Old South Heritage Conservation Distric,LSP3439321,285.8910773,74.9485833814738
10805,Designated Heritage Property,24 Cynthia St, , , ,V,Wortley Village-Old South Heritage Conservation Distric,LSP3439321,181.94046366,55.4508790824341
10806,Designated Heritage Property,42 Bruce St, , , ,V,Wortley Village-Old South Heritage Conservation Distric,LSP3439321,294.89545736,68.6917924105202
10807,Designated Heritage Property,26 Cynthia St, , , ,V,Wortley Village-Old South Heritage Conservation Distric,LSP3439321,181.93358588,55.4499979952183
10808,Designated Heritage Property,44 Bruce St, , , ,IV And V,Wortley Village-Old South Heritage Conservation Distric,"LSP3439321; LSP34951",336.38067216,96.6925166730709
10809,Designated Heritage Property,46 Bruce St, , , ,IV And V,Wortley Village-Old South Heritage Conservation Distric,"LSP3439321; LSP34943",534.7195516,122.248667666224
10810,Designated Heritage Property,58 Bruce St, , , ,V,Wortley Village-Old South Heritage Conservation Distric,LSP3439321,451.73277504,116.763449420489
10811,Designated Heritage Property,62 Bruce St, , , ,V,Wortley Village-Old South Heritage Conservation Distric,LSP3439321,901.0100904,134.996583001415
10812,Designated Heritage Property,66 Bruce St, , , ,V,Wortley Village-Old South Heritage Conservation Distric,LSP3439321,579.36691392,123.711287656836
10813,Designated Heritage Property,60 Bruce St, , , ,V,Wortley Village-Old South Heritage Conservation Distric,LSP3439321,449.60642448,116.661233590991
10814,Designated Heritage Property,64 Bruce St, , , ,V,Wortley Village-Old South Heritage Conservation Distric,LSP3439321,420.56989424,116.645942481336
10815,Designated Heritage Property,72 Bruce St, , , ,V,Wortley Village-Old South Heritage Conservation Distric,LSP3439321,417.3631032,115.240375903623
10816,Designated Heritage Property,76 Bruce St, , , ,V,Wortley Village-Old South Heritage Conservation Distric,LSP3439321,635.61888976,124.094337112333
10817,Designated Heritage Property,74 Bruce St, , , ,V,Wortley Village-Old South Heritage Conservation Distric,LSP3439321,482.5837984,117.880309135963
10818,Designated Heritage Property,82 Bruce St, , , ,V,Wortley Village-Old South Heritage Conservation Distric,LSP3439321,594.91304536,122.3981954848
10819,Designated Heritage Property,78 Bruce St, , , ,V,Wortley Village-Old South Heritage Conservation Distric,LSP3439321,568.31535672,121.33319363366
10820,Designated Heritage Property,84-86 Bruce St, , , ,V,Wortley Village-Old South Heritage Conservation Distric,LSP3439321,457.83803176,91.5516495509771
10821,Designated Heritage Property,33 Teresa St, , , ,V,Wortley Village-Old South Heritage Conservation Distric,LSP3439321,342.473066,94.6133383677448
10822,Designated Heritage Property,29 Teresa St, , , ,V,Wortley Village-Old South Heritage Conservation Distric,LSP3439321,614.03382168,106.800730240307
10823,Designated Heritage Property,31 Teresa St, , , ,V,Wortley Village-Old South Heritage Conservation Distric,LSP3439321,421.46762512,96.2909961234172
10824,Designated Heritage Property,37 Teresa St, , , ,V,Wortley Village-Old South Heritage Conservation Distric,LSP3439321,195.69626464,61.1013168582862
10825,Designated Heritage Property,35 Teresa St, , , ,V,Wortley Village-Old South Heritage Conservation Distric,LSP3439321,195.69212768,61.1008747993049
10826,Designated Heritage Property,39 Teresa St, , , ,V,Wortley Village-Old South Heritage Conservation Distric,LSP3439321,184.2760732,60.0344558031762
10827,Designated Heritage Property,149 Wortley Rd, , , ,V,Wortley Village-Old South Heritage Conservation Distric,LSP3439321,544.51123372,103.587438431924
10828,Designated Heritage Property,98 Bruce St, , , ,V,Wortley Village-Old South Heritage Conservation Distric,LSP3439321,626.31564944,123.482899218905
10829,Designated Heritage Property,114 Bruce St, , , ,V,Wortley Village-Old South Heritage Conservation Distric,LSP3439321,447.08566464,116.109782666342
10830,Designated Heritage Property,96 Bruce St, , , ,V,Wortley Village-Old South Heritage Conservation Distric,LSP3439321,593.60384392,122.165936379605
10831,Designated Heritage Property,116 Bruce St, , , ,V,Wortley Village-Old South Heritage Conservation Distric,LSP3439321,446.98552008,116.089993315591
10832,Designated Heritage Property,100 Bruce St, , , ,V,Wortley Village-Old South Heritage Conservation Distric,LSP3439321,894.42131688,134.418097312878
10833,Designated Heritage Property,90 Bruce St, , , ,V,Wortley Village-Old South Heritage Conservation Distric,LSP3439321,544.17739424,102.889207925929
10834,Designated Heritage Property,94-94A Bruce St, , , ,V,Wortley Village-Old South Heritage Conservation Distric,LSP3439321,569.98931664,121.220112032734
10835,Designated Heritage Property,92/ Bruce St, , , ,V,Wortley Village-Old South Heritage Conservation Distric,LSP3439321,402.61193488,95.1449500583702
10836,Designated Heritage Property,92 Bruce St, , , ,V,Wortley Village-Old South Heritage Conservation Distric,LSP3439321,389.85152176,94.4469334300001
10837,Designated Heritage Property,8 Cathcart St, , , ,V,Wortley Village-Old South Heritage Conservation Distric,LSP3439321,127.98262248,48.5468769684983
10838,Designated Heritage Property,123 Bruce St, , , ,V,Wortley Village-Old South Heritage Conservation Distric,LSP3439321,359.34509232,85.0031735204275
10839,Designated Heritage Property,10 Cathcart St, , , ,V,Wortley Village-Old South Heritage Conservation Distric,LSP3439321,391.31075288,96.2730262632055
10840,Designated Heritage Property,129 Bruce St, , , ,V,Wortley Village-Old South Heritage Conservation Distric,LSP3439321,814.78166104,148.372443188903
10841,Designated Heritage Property,127 Bruce St, , , ,V,Wortley Village-Old South Heritage Conservation Distric,LSP3439321,464.11867472,100.540898593263
10842,Designated Heritage Property,125 Bruce St, , , ,V,Wortley Village-Old South Heritage Conservation Distric,LSP3439321,487.29499904,101.758120062162
10843,Designated Heritage Property,135 Bruce St, , , ,V,Wortley Village-Old South Heritage Conservation Distric,LSP3439321,1063.30255234,209.305858347553
10844,Designated Heritage Property,137 Bruce St, , , ,V,Wortley Village-Old South Heritage Conservation Distric,LSP3439321,371.64167304,116.271834845187
10845,Designated Heritage Property,141 Bruce St, , , ,V,Wortley Village-Old South Heritage Conservation Distric,LSP3439321,331.37295816,75.3232724548758
10846,Designated Heritage Property,165 Wortley Rd, , , ,V,Wortley Village-Old South Heritage Conservation Distric,LSP3439321,541.69801312,93.9413282442458
10847,Designated Heritage Property,167 Wortley Rd, , , ,V,Wortley Village-Old South Heritage Conservation Distric,LSP3439321,1010.0967968,156.822325619443
10848,Designated Heritage Property,171 Wortley Rd, , , ,V,Wortley Village-Old South Heritage Conservation Distric,LSP3439321,562.59097696,146.007755083974
10849,Designated Heritage Property,179 Wortley Rd, , , ,V,Wortley Village-Old South Heritage Conservation Distric,LSP3439321,4352.72896104,280.319017141274
10850,Designated Heritage Property,136 Elmwood Ave E, , , ,V,Wortley Village-Old South Heritage Conservation Distric,LSP3439321,1204.27261896,183.714086428655
10851,Designated Heritage Property,132 Elmwood Ave E, , , ,V,Wortley Village-Old South Heritage Conservation Distric,LSP3439321,1343.59927992,192.11037958007
10852,Designated Heritage Property,118-120 Elmwood Ave E, , , ,V,Wortley Village-Old South Heritage Conservation Distric,LSP3439321,647.055672,111.974059452617
10853,Designated Heritage Property,20 Cathcart St, , , ,V,Wortley Village-Old South Heritage Conservation Distric,LSP3439321,405.45917068,118.210992641896
10854,Designated Heritage Property,22 Cathcart St, , , ,V,Wortley Village-Old South Heritage Conservation Distric,LSP3439321,343.11378918,85.681039512771
10855,Designated Heritage Property,16 Cathcart St, , , ,V,Wortley Village-Old South Heritage Conservation Distric,LSP3439321,935.63881266,138.927096296446
10856,Designated Heritage Property,18 Cathcart St, , , ,V,Wortley Village-Old South Heritage Conservation Distric,LSP3439321,516.84729462,122.563553713104
10857,Designated Heritage Property,24 Cathcart St, , , ,V,Wortley Village-Old South Heritage Conservation Distric,LSP3439321,343.04214784,85.6657553817535
10858,Designated Heritage Property,"115 Bruce St, 1-1A Cathcart St", , , ,V,Wortley Village-Old South Heritage Conservation Distric,LSP3439321,1221.53459368,159.949120154651
10859,Designated Heritage Property,15 Cathcart St, , , ,V,Wortley Village-Old South Heritage Conservation Distric,LSP3439321,342.50695344,93.2280296868989
10860,Designated Heritage Property,17 Cathcart St, , , ,V,Wortley Village-Old South Heritage Conservation Distric,LSP3439321,342.5243908,93.2289139208925
10861,Designated Heritage Property,11 Cathcart St, , , ,V,Wortley Village-Old South Heritage Conservation Distric,LSP3439321,342.50755944,93.2280296911462
10862,Designated Heritage Property,13 Cathcart St, , , ,V,Wortley Village-Old South Heritage Conservation Distric,LSP3439321,342.52352144,93.2289139207598
10863,Designated Heritage Property,19 Cathcart St, , , ,V,Wortley Village-Old South Heritage Conservation Distric,LSP3439321,1471.37921274,208.75679206577
10864,Designated Heritage Property,116 Elmwood Ave E, , , ,V,Wortley Village-Old South Heritage Conservation Distric,LSP3439321,394.72849944,85.0022892916489
10865,Designated Heritage Property,114 Elmwood Ave E, , , ,V,Wortley Village-Old South Heritage Conservation Distric,LSP3439321,342.10125504,81.3467390650425
10866,Designated Heritage Property,25 Cathcart St, , , ,V,Wortley Village-Old South Heritage Conservation Distric,LSP3439321,272.89851456,72.511503706959
10867,Designated Heritage Property,110 Elmwood Ave E, , , ,V,Wortley Village-Old South Heritage Conservation Distric,LSP3439321,480.82557072,103.282693096623
10868,Designated Heritage Property,98 Elmwood Ave E, , , ,V,Wortley Village-Old South Heritage Conservation Distric,LSP3439321,1878.8014768,205.650218896181
10869,Designated Heritage Property,90 Elmwood Ave E, , , ,V,Wortley Village-Old South Heritage Conservation Distric,LSP3439321,1072.26209872,185.248074719901
10870,Designated Heritage Property,84 Elmwood Ave E, , , ,V,Wortley Village-Old South Heritage Conservation Distric,LSP3439321,915.30731224,181.277700626935
10871,Designated Heritage Property,88 Elmwood Ave E, , , ,V,Wortley Village-Old South Heritage Conservation Distric,LSP3439321,863.53533048,179.968639626096
10872,Designated Heritage Property,86 Elmwood Ave E, , , ,V,Wortley Village-Old South Heritage Conservation Distric,LSP3439321,978.78324088,182.883894940203
10873,Designated Heritage Property,92 Elmwood Ave E, , , ,V,Wortley Village-Old South Heritage Conservation Distric,LSP3439321,2240.10532472,214.790420813072
10874,Designated Heritage Property,82 Elmwood Ave E, , , ,V,Wortley Village-Old South Heritage Conservation Distric,LSP3439321,1113.86678296,158.426753705643
10875,Designated Heritage Property,24 Edward St, , , ,V,Wortley Village-Old South Heritage Conservation Distric,LSP3439321,353.3676596,87.2861918662072
10876,Designated Heritage Property,22 Edward St, , , ,V,Wortley Village-Old South Heritage Conservation Distric,LSP3439321,353.3814036,87.28742899159
10877,Designated Heritage Property,8 Edward St, , , ,V,Wortley Village-Old South Heritage Conservation Distric,LSP3439321,194.92173776,57.8859443314412
10878,Designated Heritage Property,10 Edward St, , , ,V,Wortley Village-Old South Heritage Conservation Distric,LSP3439321,250.6131336,63.97920674744
10879,Designated Heritage Property,73 Bruce St, , , ,V,Wortley Village-Old South Heritage Conservation Distric,LSP3439321,2310.65648146,270.003294862988
10880,Designated Heritage Property,79 Bruce St, , , ,V,Wortley Village-Old South Heritage Conservation Distric,LSP3439321,1507.8142702,196.373243929133
10881,Designated Heritage Property,83 Bruce St, , , ,V,Wortley Village-Old South Heritage Conservation Distric,LSP3439321,1126.10602016,186.289846999086
10882,Designated Heritage Property,85 Bruce St, , , ,V,Wortley Village-Old South Heritage Conservation Distric,LSP3439321,1047.10491624,184.934460467257
10883,Designated Heritage Property,87 Bruce St, , , ,V,Wortley Village-Old South Heritage Conservation Distric,LSP3439321,1011.64468616,183.712585625732
10884,Designated Heritage Property,99 Bruce St, , , ,V,Wortley Village-Old South Heritage Conservation Distric,LSP3439321,1011.64468616,183.712585625727
10885,Designated Heritage Property,95 Bruce St, , , ,V,Wortley Village-Old South Heritage Conservation Distric,LSP3439321,1011.67611304,183.713380634188
10886,Designated Heritage Property,103 Bruce St, , , ,V,Wortley Village-Old South Heritage Conservation Distric,LSP3439321,1059.83494616,184.931750014101
10887,Designated Heritage Property,107 Bruce St, , , ,V,Wortley Village-Old South Heritage Conservation Distric,LSP3439321,626.09233344,118.756456568043
10888,Designated Heritage Property,109 Bruce St, , , ,V,Wortley Village-Old South Heritage Conservation Distric,LSP3439321,371.13269304,85.2808420864442
10889,Designated Heritage Property,"5 Edward St, 59 Bruce St", , , ,V,Wortley Village-Old South Heritage Conservation Distric,LSP3439321,432.20901736,85.4455181632646
10890,Designated Heritage Property,11 Edward St, , , ,V,Wortley Village-Old South Heritage Conservation Distric,LSP3439321,194.92802032,66.4176247264961
10891,Designated Heritage Property,9 Edward St, , , ,V,Wortley Village-Old South Heritage Conservation Distric,LSP3439321,194.92802032,66.4176247264961
10892,Designated Heritage Property,7 Edward St, , , ,V,Wortley Village-Old South Heritage Conservation Distric,LSP3439321,194.91522624,66.4168297227221
10893,Designated Heritage Property,23 Edward St, , , ,V,Wortley Village-Old South Heritage Conservation Distric,LSP3439321,341.57503008,89.5708002284966
10894,Designated Heritage Property,21 Edward St, , , ,V,Wortley Village-Old South Heritage Conservation Distric,LSP3439321,480.34607294,97.4922798644652
10895,Designated Heritage Property,19 Edward St, , , ,V,Wortley Village-Old South Heritage Conservation Distric,LSP3439321,358.89262748,90.5593840053855
10896,Designated Heritage Property,32 Elmwood Ave E, , , ,V,Wortley Village-Old South Heritage Conservation Distric,LSP3439321,1011.66025312,183.714970652549
10897,Designated Heritage Property,48 Elmwood Ave E, , , ,V,Wortley Village-Old South Heritage Conservation Distric,LSP3439321,1011.62960536,183.714528539227
10898,Designated Heritage Property,34 Elmwood Ave E, , , ,V,Wortley Village-Old South Heritage Conservation Distric,LSP3439321,1011.69168048,183.715765660999
10899,Designated Heritage Property,28 Elmwood Ave E, , , ,V,Wortley Village-Old South Heritage Conservation Distric,LSP3439321,1029.79899776,184.173746817049
10900,Designated Heritage Property,26 Elmwood Ave E, , , ,V,Wortley Village-Old South Heritage Conservation Distric,LSP3439321,1011.69394864,183.715234334671
10901,Designated Heritage Property,10 Brighton St, , , ,V,Wortley Village-Old South Heritage Conservation Distric,LSP3439321,376.76707008,88.2426183989795
10902,Designated Heritage Property,8 Brighton St, , , ,V,Wortley Village-Old South Heritage Conservation Distric,LSP3439321,361.54236192,87.3071297794509
10903,Designated Heritage Property,4 Brighton St, , , ,V,Wortley Village-Old South Heritage Conservation Distric,LSP3439321,382.09803312,88.5702913081152
10904,Designated Heritage Property,6 Brighton St, , , ,V,Wortley Village-Old South Heritage Conservation Distric,LSP3439321,366.86281692,87.6340076754956
10905,Designated Heritage Property,2 Brighton St, , , ,V,Wortley Village-Old South Heritage Conservation Distric,LSP3439321,555.25802784,99.2118325503833
10906,Designated Heritage Property,21 Bruce St, , , ,V,Wortley Village-Old South Heritage Conservation Distric,LSP3439321,415.84995792,96.1663938685608
10907,Designated Heritage Property,25 Bruce St, , , ,V,Wortley Village-Old South Heritage Conservation Distric,LSP3439321,415.51827168,96.1479301938744
10908,Designated Heritage Property,27 Bruce St, , , ,V,Wortley Village-Old South Heritage Conservation Distric,LSP3439321,1011.69022434,183.714617771127
10909,Designated Heritage Property,31 Bruce St, , , ,V,Wortley Village-Old South Heritage Conservation Distric,LSP3439321,1011.67881132,183.713380634295
10910,Designated Heritage Property,33 Bruce St, , , ,V,Wortley Village-Old South Heritage Conservation Distric,LSP3439321,1011.64247984,183.71258562581
10911,Designated Heritage Property,39 Bruce St, , , ,V,Wortley Village-Old South Heritage Conservation Distric,LSP3439321,1011.60675024,183.711348503507
10912,Designated Heritage Property,57 Bruce St, , , ,V,Wortley Village-Old South Heritage Conservation Distric,LSP3439321,240.10786848,70.8206645796158
10913,Designated Heritage Property,13 Bruce St, , , ,V,Wortley Village-Old South Heritage Conservation Distric,LSP3439321,337.74244528,92.1822864896426
10914,Designated Heritage Property,15 Bruce St, , , ,V,Wortley Village-Old South Heritage Conservation Distric,LSP3439321,367.55673256,88.9618365955821
10915,Designated Heritage Property,11 Bruce St, , , ,V,Wortley Village-Old South Heritage Conservation Distric,LSP3439321,450.31788506,98.2755489200953
10916,Designated Heritage Property,7 Bruce St, , , ,V,Wortley Village-Old South Heritage Conservation Distric,LSP3439321,297.55216656,90.0071376847468
10917,Designated Heritage Property,9 Bruce St, , , ,V,Wortley Village-Old South Heritage Conservation Distric,LSP3439321,499.0363736,149.736976355504
10918,Designated Heritage Property,1 Bruce St, , , ,V,Wortley Village-Old South Heritage Conservation Distric,LSP3439321,632.59641336,108.214920431389
10919,Designated Heritage Property,1 Brighton St, , , ,V,Wortley Village-Old South Heritage Conservation Distric,LSP3439321,321.4613803,89.0371068090328
10920,Designated Heritage Property,7 Brighton St, , , ,V,Wortley Village-Old South Heritage Conservation Distric,LSP3439321,413.25173306,90.1817959892643
10921,Designated Heritage Property,11 Brighton St, , , ,V,Wortley Village-Old South Heritage Conservation Distric,LSP3439321,505.19142546,95.8757336597954
10922,Designated Heritage Property,5 Brighton St, , , ,V,Wortley Village-Old South Heritage Conservation Distric,LSP3439321,462.4368726,93.2279404690591
10923,Designated Heritage Property,3 Brighton St, , , ,V,Wortley Village-Old South Heritage Conservation Distric,LSP3439321,355.78834056,86.6232488911157
10924,Designated Heritage Property,181 Elmwood Ave E, , , ,V,Wortley Village-Old South Heritage Conservation Distric,LSP3439321,1017.82628,128.800241738482
10925,Designated Heritage Property,187 Elmwood Ave E, , , ,V,Wortley Village-Old South Heritage Conservation Distric,LSP3439321,501.236512,100.54013743962
10926,Designated Heritage Property,189 Elmwood Ave E, , , ,V,Wortley Village-Old South Heritage Conservation Distric,LSP3439321,501.2224009,100.539151869559
10927,Designated Heritage Property,191 Elmwood Ave E, , , ,V,Wortley Village-Old South Heritage Conservation Distric,LSP3439321,501.23146522,100.539387728464
10928,Designated Heritage Property,199 Elmwood Ave E, , , ,V,Wortley Village-Old South Heritage Conservation Distric,LSP3439321,445.55764288,97.4940089482325
10929,Designated Heritage Property,97 Ridout St S, , , ,V,Wortley Village-Old South Heritage Conservation Distric,LSP3439321,506.59979632,92.2065751370269
10930,Designated Heritage Property,99 Ridout St S, , , ,V,Wortley Village-Old South Heritage Conservation Distric,LSP3439321,426.96713504,86.5242123101074
10931,Designated Heritage Property,186 Elmwood Ave E, , , ,V,Wortley Village-Old South Heritage Conservation Distric,LSP3439321,2362.29295608,207.351549794542
10932,Designated Heritage Property,28 Marley Pl, , , ,V,Wortley Village-Old South Heritage Conservation Distric,LSP3439321,324.73837536,82.2337568140242
10933,Designated Heritage Property,26 Marley Pl, , , ,V,Wortley Village-Old South Heritage Conservation Distric,LSP3439321,587.01849368,126.870072355456
10934,Designated Heritage Property,24 Marley Pl, , , ,V,Wortley Village-Old South Heritage Conservation Distric,LSP3439321,842.37096992,134.054020599389
10935,Designated Heritage Property,18 Marley Pl, , , ,V,Wortley Village-Old South Heritage Conservation Distric,LSP3439321,948.3344544,165.440789212793
10936,Designated Heritage Property,22 Marley Pl, , , ,V,Wortley Village-Old South Heritage Conservation Distric,LSP3439321,1007.75713032,167.163468750578
10937,Designated Heritage Property,154 Elmwood Ave E, , , ,V,Wortley Village-Old South Heritage Conservation Distric,LSP3439321,477.49207528,93.1807510240388
10938,Designated Heritage Property,150 Elmwood Ave E, , , ,V,Wortley Village-Old South Heritage Conservation Distric,LSP3439321,604.11646784,101.247806525698
10939,Designated Heritage Property,152 Elmwood Ave E, , , ,V,Wortley Village-Old South Heritage Conservation Distric,LSP3439321,477.68551936,93.1846201065197
10940,Designated Heritage Property,180 Wortley Rd, , , ,V,Wortley Village-Old South Heritage Conservation Distric,LSP3439321,1251.7388496,165.110618820559
10941,Designated Heritage Property,190 Wortley Rd, , , ,V,Wortley Village-Old South Heritage Conservation Distric,LSP3439321,5101.68991948,289.149503404619
10942,Designated Heritage Property,172 Wortley Rd, , , ,V,Wortley Village-Old South Heritage Conservation Distric,LSP3439321,690.70591254,151.366872068402
10943,Designated Heritage Property,174/ Wortley Rd, , , ,V,Wortley Village-Old South Heritage Conservation Distric,LSP3439321,589.76687664,148.007630859692
10944,Designated Heritage Property,174 Wortley Rd, , , ,V,Wortley Village-Old South Heritage Conservation Distric,LSP3439321,665.34918718,149.916125336329
10945,Designated Heritage Property,170 Wortley Rd, , , ,V,Wortley Village-Old South Heritage Conservation Distric,LSP3439321,477.22577344,110.852407467212
10946,Designated Heritage Property,162 Wortley Rd, , , ,V,Wortley Village-Old South Heritage Conservation Distric,LSP3439321,1454.9575518,155.811329935311
10947,Designated Heritage Property,161 Bruce St, , , ,V,Wortley Village-Old South Heritage Conservation Distric,LSP3439321,381.49281472,101.758143182851
10948,Designated Heritage Property,165 Bruce St, , , ,V,Wortley Village-Old South Heritage Conservation Distric,LSP3439321,388.1182176,110.38141829787
10949,Designated Heritage Property,159 Bruce St, , , ,V,Wortley Village-Old South Heritage Conservation Distric,LSP3439321,401.61867792,105.543431654599
10950,Designated Heritage Property,167 Bruce St, , , ,V,Wortley Village-Old South Heritage Conservation Distric,LSP3439321,398.39441088,110.819575688167
10951,Designated Heritage Property,163 Bruce St, , , ,V,Wortley Village-Old South Heritage Conservation Distric,LSP3439321,543.19385656,116.992077286241
10952,Designated Heritage Property,171 Bruce St, , , ,V,Wortley Village-Old South Heritage Conservation Distric,LSP3439321,476.16190072,96.8826136062084
10953,Designated Heritage Property,"173 Bruce St, 3 Marley Pl", , , ,V,Wortley Village-Old South Heritage Conservation Distric,LSP3439321,409.34064912,87.1344288463073
10954,Designated Heritage Property,9 Marley Pl, , , ,V,Wortley Village-Old South Heritage Conservation Distric,LSP3439321,400.9926984,88.9622370847867
10955,Designated Heritage Property,11 Marley Pl, , , ,V,Wortley Village-Old South Heritage Conservation Distric,LSP3439321,1091.02557264,169.578943201249
10956,Designated Heritage Property,158 Wortley Rd, , , ,V,Wortley Village-Old South Heritage Conservation Distric,LSP3439321,84.39497976,44.3721562878587
10957,Designated Heritage Property,"160 Wortley Rd, 146 Bruce St", , , ,V,Wortley Village-Old South Heritage Conservation Distric,LSP3439321,133.74433616,57.5321048132709
10958,Designated Heritage Property,126 Elmwood Ave E, , , ,V,Wortley Village-Old South Heritage Conservation Distric,LSP3439321,1253.68590584,232.521731053364
10959,Designated Heritage Property,138 Elmwood Ave E, , , ,V,Wortley Village-Old South Heritage Conservation Distric,LSP3439321,459.44022792,91.7180594197729
10960,Designated Heritage Property,196 Elmwood Ave E,,,,V,Wortley Village-Old South Heritage Conservation Distric,,405.90150352,90.9874375927884
10961,Designated Heritage Property,21 Marley Pl, , , ,V,Wortley Village-Old South Heritage Conservation Distric,LSP3439321,797.6784952,161.074960639391
10962,Designated Heritage Property,, , , ,V,Wortley Village-Old South Heritage Conservation Distric,LSP3439321,546.33850472,153.78387537767
10963,Designated Heritage Property,Easement, , , ,V,Wortley Village-Old South Heritage Conservation Distric,LSP3439321,68.81777192,61.3459951187257
10964,Designated Heritage Property,Easement, , , ,V,Wortley Village-Old South Heritage Conservation Distric,LSP3439321,108.5233164,66.6772740187288
10965,Designated Heritage Property,Easement, , , ,V,Wortley Village-Old South Heritage Conservation Distric,LSP3439321,951.29873616,313.980656986251
10966,Designated Heritage Property,Easement, , , ,V,Wortley Village-Old South Heritage Conservation Distric,LSP3439321,91.54836888,66.2568711668013
10967,Designated Heritage Property,17 Edward St,1899c, ,Vernacular,V,Wortley Village-Old South Heritage Conservation Distric,LSP3439321,3284.48961618,321.72716334441
10968,Designated Heritage Property,114 Askin St, , , ,V,Wortley Village-Old South Heritage Conservation Distric,LSP3439321,81.25583592,62.6660909775957
10969,Designated Heritage Property,Easement, , , ,V,Wortley Village-Old South Heritage Conservation Distric,LSP3439321,91.78549176,55.4319898140456
10970,Designated Heritage Property,146 Bruce St, , , ,V,Wortley Village-Old South Heritage Conservation Distric,LSP3439321,97.02422544,48.9493805747342
10971,Designated Heritage Property,Easement, , , ,V,Wortley Village-Old South Heritage Conservation Distric,LSP3439321,61.89916224,41.1837958556141
10972,Listed Heritage Property,487 Tecumseh Ave E,1880c, ,Vernacular, , , ,1172.4399824,189.192631211153
10973,Designated Heritage Property,56 Edward St,1908, ,Vernacular,V,Wortley Village-Old South Heritage Conservation Distric,LSP3439321,351.08354702,84.4846744657732
10974,Designated Heritage Property,"64 Duchess Ave, 57-59 Edward St",1882c, ,Italianate,V,Wortley Village-Old South Heritage Conservation Distric,LSP3439321,912.64350166,121.075785644933
10975,Designated Heritage Property,56 Elmwood Ave E,1903, ,Vernacular,V,Wortley Village-Old South Heritage Conservation Distric,LSP3439321,612.08027072,121.258130360721
10976,Designated Heritage Property,161 Duchess Ave,1909, ,Queen Anne,V,Wortley Village-Old South Heritage Conservation Distric,LSP3439321,302.32467994,73.5573383314757
10977,Designated Heritage Property,108 Mcclary Ave,1889c, ,Side-hall Plan (shp) Cottage,IV, ,LSP331419,399.46490936,91.4423895941483
10978,Listed Heritage Property,15 Bellevue Ave,1913, ,Eclectic, , , ,395.01586136,94.5001562820807
10979,Designated Heritage Property,143 Duchess Ave,1878, ,Regency,V,Wortley Village-Old South Heritage Conservation Distric,LSP3439321,789.90958968,155.622145494957
10980,Designated Heritage Property,103 Elmwood Ave E,1890c, ,Queen Anne,V,Wortley Village-Old South Heritage Conservation Distric,LSP3439321,2756.58348776,250.760817671041
10981,Listed Heritage Property,113 Mcclary Ave,1860c,Barabas Irene,Italianate, , , ,560.98779448,113.22032060356
10982,Listed Heritage Property,22 Bellevue Ave,1923, ,Arts And Crafts, , , ,602.17060792,132.666368042193
10983,Designated Heritage Property,205 Wortley Rd,1910,Karvas Maria,Italianate,V,Wortley Village-Old South Heritage Conservation Distric,LSP3439321,1535.3364596,202.748573587861
10984,Listed Heritage Property,109 Mcclary Ave,1895,Mitchell David L.,Queen Anne Cottage, , , ,521.2113876,109.911361797544
10985,Listed Heritage Property,101 Mcclary Ave,1893, ,Vernacular, , , ,589.45535392,113.224584575861
10986,Designated Heritage Property,62 Elmwood Ave E,1910, ,Queen Anne,V,Wortley Village-Old South Heritage Conservation Distric,LSP3439321,672.96664968,118.820507396629
10987,Listed Heritage Property,123 High St,1904c, ,Side-hall Plan (shp) Cottage, , , ,509.33097728,116.89215266409
10988,Listed Heritage Property,489 Tecumseh Ave E,1900c,Mack Property,Queen Anne, , , ,466.2704768,103.736257724142
10989,Designated Heritage Property,61 Elmwood Ave E,1904, ,Vernacular,V,Wortley Village-Old South Heritage Conservation Distric,LSP3439321,618.57048882,124.023426247819
10990,Designated Heritage Property,187 Duchess Ave,1909, ,Queen Anne,V,Wortley Village-Old South Heritage Conservation Distric,LSP3439321,426.97999308,94.4465293833818
10991,Designated Heritage Property,183 Duchess Ave,1920c, ,Four Square,V,Wortley Village-Old South Heritage Conservation Distric,LSP3439321,426.97995396,94.446529383483
10992,Listed Heritage Property,131 Wellington Rd,1898,Logue Property,Side-hall Plan (shp) Cottage, , , ,511.3048649,109.099208101434
10993,Designated Heritage Property,10 Mcclary Ave,1865,Wrona Property,Ontario Cottage,IV, ,LSP3118159,510.18706056,96.272737280197
10994,Listed Heritage Property,477 Tecumseh Ave E,1880c,Ord Property,Italianate, , , ,697.59862032,177.446527711772
10995,Designated Heritage Property,111 Elmwood Ave E,1877,Elmwood Pres. Church,Italianate,V,Wortley Village-Old South Heritage Conservation Distric,LSP3439321,4303.85468472,280.859512559351
10996,Designated Heritage Property,53 Mcclary Ave,1882c,Beacon Lodge,Italianate,IV, ,LSP2847345,795.31885416,114.320457568362
10997,Designated Heritage Property,113 Elmwood Ave E,1923,Monica Apartments, ,V,Wortley Village-Old South Heritage Conservation Distric,LSP3439321,470.26811736,101.550509521265
10998,Designated Heritage Property,115 Mcclary Ave,1860,Highwood,Italianate,IV, ,LSP3210332,481.00139432,113.197443737291
10999,Listed Heritage Property,24 Belgrave Ave,1919c, ,Arts And Crafts, , , ,352.20595104,84.0035983656327
11000,Designated Heritage Property,159 Duchess Ave,1914c, ,Edwardian,V,Wortley Village-Old South Heritage Conservation Distric,LSP3439321,421.0466644,91.4006966918728
11001,Designated Heritage Property,58 Edward St,1908c, ,Vernacular,V,Wortley Village-Old South Heritage Conservation Distric,LSP3439321,338.57224022,83.6740182378207
11002,Designated Heritage Property,52 Elmwood Ave E,1900p, ,Vernacular,V,Wortley Village-Old South Heritage Conservation Distric,LSP3439321,612.06125696,121.257335352272
11003,Designated Heritage Property,64 Elmwood Ave E,1886, ,Italianate,IV And V,Wortley Village-Old South Heritage Conservation Distric,LSP282118,1473.06040968,154.160207718376
11004,Designated Heritage Property,70 Elmwood Ave E,1894, ,High Victorian,IV And V,Wortley Village-Old South Heritage Conservation Distric,LSP282233,641.16093744,107.910042689766
11005,Designated Heritage Property,54 Duchess Ave,1903c, ,Edwardian,V,Wortley Village-Old South Heritage Conservation Distric,LSP3439321,1637.22436224,181.373997883584
11006,Listed Heritage Property,80 High St,1904c, ,Ontario Cottage, , , ,645.27401,130.632950300065
11007,Designated Heritage Property,219 Wortley Rd,1889,Rozman Robert G.,Queen Anne,V,Wortley Village-Old South Heritage Conservation Distric,LSP3439321,1340.3439212,201.393223392692
11008,Designated Heritage Property,63 Elmwood Ave E,1879, ,Gothic Revival,IV And V,Wortley Village-Old South Heritage Conservation Distric,LSP2831107,1133.91295344,134.894047276421
11009,Designated Heritage Property,39 Elmwood Ave E,1908c, ,Queen Anne,V,Wortley Village-Old South Heritage Conservation Distric,LSP3439321,855.51450862,157.618129613416
11010,Designated Heritage Property,211 Wortley Rd,1887, ,Italianate,IV And V,Wortley Village-Old South Heritage Conservation Distric,LSP3212334,584.90475648,129.036049007408
11011,Designated Heritage Property,60 Edward St,1908c, ,Vernacular,V,Wortley Village-Old South Heritage Conservation Distric,LSP3439321,344.87329984,84.0821734964093
11012,Listed Heritage Property,84 High St,1904c, ,Vernacular, , , ,787.87278248,139.665464961619
11013,Designated Heritage Property,165 Duchess Ave,1914, ,Queen Anne,V,Wortley Village-Old South Heritage Conservation Distric,LSP3439321,423.27329856,96.2754629659783
11014,Designated Heritage Property,45 Elmwood Ave E,1903, ,Queen Anne,V,Wortley Village-Old South Heritage Conservation Distric,LSP3439321,969.02102282,161.068101407072
11015,Listed Heritage Property,194 Wharncliffe Rd S,1893,Wuerth Glen S.,Side-hall Plan (shp) Cottage, , , ,527.83090632,104.90846556513
11016,Listed Heritage Property,169 Ridout St S,1896,Burke Dorothy F.,Queen Anne, , , ,701.37635128,115.57324831103
11017,Designated Heritage Property,171 Duchess Ave,1914c, ,Four Square,V,Wortley Village-Old South Heritage Conservation Distric,LSP3439321,426.9792048,94.4465293832369
11018,Listed Heritage Property,483 Tecumseh Ave E,1890c, ,Side-hall Plan (shp) Cottage, , , ,1148.5909632,188.656777907524
11019,Designated Heritage Property,42 Marley Pl,1923, , ,V,Wortley Village-Old South Heritage Conservation Distric,LSP3439321,753.84508744,146.611322075872
11020,Designated Heritage Property,167 Duchess Ave,1914, ,Queen Anne,V,Wortley Village-Old South Heritage Conservation Distric,LSP3439321,365.61351216,93.1212358566766
11021,Designated Heritage Property,35 Elmwood Ave E,1880c, ,Gothic Revival,IV And V,Wortley Village-Old South Heritage Conservation Distric,LSP3337216,696.31097476,114.675096262184
11022,Designated Heritage Property,97 High St,1882,Mcclary Cottage #2,Regency,IV, ,LSP311594,1176.97569552,166.329024169448
11023,Listed Heritage Property,121 High St,1904c, ,Side-hall Plan (shp) Cottage, , , ,479.51873784,115.529852265113
11024,Designated Heritage Property,17 Elmwood Ave E,1903c, ,Dutch Colonial,V,Wortley Village-Old South Heritage Conservation Distric,LSP3439321,357.37122854,88.3540208719213
11025,Designated Heritage Property,86 Duchess Ave,1915, ,Vernacular,V,Wortley Village-Old South Heritage Conservation Distric,LSP3439321,886.1205124,158.544642005045
11026,Designated Heritage Property,95 High St,1877,Mcclary Cottage #1,Regency,IV, ,LSP3101396,1129.24393488,160.053543630088
11027,Designated Heritage Property,173 Duchess Ave,1914c, ,Four Square,V,Wortley Village-Old South Heritage Conservation Distric,LSP3439321,426.9792048,94.4465293832369
11028,Listed Heritage Property,224 Greenwood Ave,1890c, , , , , ,1227.20710712,161.401977015109
11029,Designated Heritage Property,77 Elmwood Ave E,1903c, ,Queen Anne,V,Wortley Village-Old South Heritage Conservation Distric,LSP3439321,667.74042568,127.596697374556
11030,Listed Heritage Property,106 Mcclary Ave,1889c, ,Side-hall Plan (shp) Cottage, , , ,398.9119536,91.3484707028927
11031,Listed Heritage Property,34 Frank Pl,1934, ,Tudor Revival, , , ,498.54934057,116.729975259666
11032,Designated Heritage Property,191 Duchess Ave,1907c, ,Vernacular,V,Wortley Village-Old South Heritage Conservation Distric,LSP3439321,487.98463268,97.9288499800417
11033,Designated Heritage Property,169 Duchess Ave,1914, ,Four Square,V,Wortley Village-Old South Heritage Conservation Distric,LSP3439321,416.53944704,91.7724551126895
11034,Designated Heritage Property,44 Marley Pl,1870c,Young Property,Ontario Cottage,V,Wortley Village-Old South Heritage Conservation Distric,LSP3439321,664.25635176,109.458976546056
11035,Designated Heritage Property,163 Duchess Ave,1914c, ,Queen Anne,V,Wortley Village-Old South Heritage Conservation Distric,LSP3439321,259.90698976,70.0740866924348
11036,Listed Heritage Property,472 Tecumseh Ave E,1895c,Haines Property,Side-hall Plan (shp) Cottage, , , ,906.84443544,130.347079063268
11037,Designated Heritage Property,34 Marley Pl,1915,Collins J.r.and M.c.,Eclectic,V,Wortley Village-Old South Heritage Conservation Distric,LSP3439321,835.374832925,149.286038785607
11038,Designated Heritage Property,37 Elmwood Ave E,1903c, ,Queen Anne,V,Wortley Village-Old South Heritage Conservation Distric,LSP3439321,1049.30535154,163.507239633456
11039,Listed Heritage Property,479 Tecumseh Ave E,1870c,Giberson Property,Side-hall Plan (shp) Cottage, , , ,1369.415432,194.248787667421
11040,Designated Heritage Property,213 Wortley Rd,1887, ,Italianate,IV And V,Wortley Village-Old South Heritage Conservation Distric,LSP3212334,619.49339568,135.344528086386
11041,Listed Heritage Property,371 Tecumseh Ave E,1929c,South Secondary,Art Deco, , , ,17674.77422688,592.331192186976
11042,Designated Heritage Property,88 Duchess Ave,1915, ,Vernacular,V,Wortley Village-Old South Heritage Conservation Distric,LSP3439321,985.1052952,161.582747166839
11043,Listed Heritage Property,104 High St,1905, ,Queen Anne Cottage, , , ,672.1163552,133.217820756887
11044,Listed Heritage Property,1 Frank Pl,1840,Frank Homestead,Georgian, , , ,4761.924314115,283.566851796921
11045,Designated Heritage Property,72 Elmwood Ave E, , , ,V,Wortley Village-Old South Heritage Conservation Distric,LSP3439321,552.7427112,103.036475995006
11046,Designated Heritage Property,60 Elmwood Ave E, , , ,V,Wortley Village-Old South Heritage Conservation Distric,LSP3439321,655.78225032,123.085552584782
11047,Designated Heritage Property,20 Elmwood Ave E, , , ,V,Wortley Village-Old South Heritage Conservation Distric,LSP3439321,312.73614816,77.0515687642621
11048,Designated Heritage Property,24 Elmwood Ave E, , , ,V,Wortley Village-Old South Heritage Conservation Distric,LSP3439321,365.9623312,92.3883962463653
11049,Designated Heritage Property,22 Elmwood Ave E, , , ,V,Wortley Village-Old South Heritage Conservation Distric,LSP3439321,289.54948208,75.3275989368233
11050,Designated Heritage Property,16 Brighton St, , , ,V,Wortley Village-Old South Heritage Conservation Distric,LSP3439321,204.64025248,63.0595330853474
11051,Designated Heritage Property,12 Brighton St, , , ,V,Wortley Village-Old South Heritage Conservation Distric,LSP3439321,371.8245511,87.9387105582754
11052,Designated Heritage Property,14 Brighton St, , , ,V,Wortley Village-Old South Heritage Conservation Distric,LSP3439321,361.90562032,87.3293048400639
11053,Designated Heritage Property,13 Brighton St, , , ,V,Wortley Village-Old South Heritage Conservation Distric,LSP3439321,372.96486424,87.687009849909
11054,Designated Heritage Property,15 Brighton St, , , ,V,Wortley Village-Old South Heritage Conservation Distric,LSP3439321,361.57901216,86.9818419375823
11055,Designated Heritage Property,8 Elmwood Ave E, , , ,V, ,LSP3439321,445.20472032,113.162787444465
11056,Designated Heritage Property,6 Elmwood Ave E, , , ,V,Wortley Village-Old South Heritage Conservation Distric,LSP3439321,265.9141888,73.6024811974369
11057,Designated Heritage Property,10 Elmwood Ave E, , , ,V,Wortley Village-Old South Heritage Conservation Distric,LSP3439321,297.79906968,79.6629657973442
11058,Designated Heritage Property,4 Elmwood Ave E, , , ,V, ,LSP3439321,237.8830558,71.5202712824088
11059,Designated Heritage Property,14 Elmwood Ave E, , , ,V,Wortley Village-Old South Heritage Conservation Distric,LSP3439321,272.90017664,81.0415940845195
11060,Designated Heritage Property,12 Elmwood Ave E, , , ,V,Wortley Village-Old South Heritage Conservation Distric,LSP3439321,268.46284368,80.7642784282131
11061,Designated Heritage Property,9 Elmwood Ave E, , , ,V,Wortley Village-Old South Heritage Conservation Distric,LSP3439321,481.08541178,92.5808553259541
11062,Designated Heritage Property,11 Elmwood Ave E, , , ,V,Wortley Village-Old South Heritage Conservation Distric,LSP3439321,362.01657144,84.6989127691321
11063,Designated Heritage Property,15 Elmwood Ave E, , , ,V,Wortley Village-Old South Heritage Conservation Distric,LSP3439321,408.4208204,91.4006966958554
11064,Designated Heritage Property,21 Elmwood Ave E, , , ,V,Wortley Village-Old South Heritage Conservation Distric,LSP3439321,448.14108565,145.236628144673
11065,Designated Heritage Property,19 Elmwood Ave E, , , ,V,Wortley Village-Old South Heritage Conservation Distric,LSP3439321,544.73455344,148.172429836255
11066,Designated Heritage Property,23 Elmwood Ave E, , , ,V,Wortley Village-Old South Heritage Conservation Distric,LSP3439321,697.8986578,152.827077391556
11067,Designated Heritage Property,25 Elmwood Ave E, , , ,V,Wortley Village-Old South Heritage Conservation Distric,LSP3439321,959.57577914,166.195934582446
11068,Designated Heritage Property,29 Elmwood Ave E, , , ,V,Wortley Village-Old South Heritage Conservation Distric,LSP3439321,633.1840503,112.350498402236
11069,Designated Heritage Property,33 Elmwood Ave E, , , ,V,Wortley Village-Old South Heritage Conservation Distric,LSP3439321,1321.22049586,206.062909084681
11070,Designated Heritage Property,41 Elmwood Ave E, , , ,V,Wortley Village-Old South Heritage Conservation Distric,LSP3439321,982.4502665,161.476167444118
11071,Designated Heritage Property,49 Elmwood Ave E, , , ,V,Wortley Village-Old South Heritage Conservation Distric,LSP3439321,935.52256568,160.049745407677
11072,Designated Heritage Property,53 Elmwood Ave E, , , ,V,Wortley Village-Old South Heritage Conservation Distric,LSP3439321,935.73986264,160.055841807282
11073,Designated Heritage Property,59 Elmwood Ave E, , , ,V,Wortley Village-Old South Heritage Conservation Distric,LSP3439321,615.73754582,123.909107397397
11074,Designated Heritage Property,45 Edward St, , , ,V,Wortley Village-Old South Heritage Conservation Distric,LSP3439321,445.26405588,91.7041624450494
11075,Designated Heritage Property,47 Edward St, , , ,V,Wortley Village-Old South Heritage Conservation Distric,LSP3439321,476.0095648,130.386228683957
11076,Designated Heritage Property,53 Edward St, , , ,V,Wortley Village-Old South Heritage Conservation Distric,LSP3439321,555.82986894,136.175583239434
11077,Designated Heritage Property,49 Edward St, , , ,V,Wortley Village-Old South Heritage Conservation Distric,LSP3439321,389.45456314,127.339199975522
11078,Designated Heritage Property,51 Edward St, , , ,V,Wortley Village-Old South Heritage Conservation Distric,LSP3439321,675.07872338,137.393952605407
11079,Designated Heritage Property,55 Edward St, , , ,V,Wortley Village-Old South Heritage Conservation Distric,LSP3439321,285.34441892,76.8692240489194
11080,Designated Heritage Property,56 Duchess Ave, , , ,V,Wortley Village-Old South Heritage Conservation Distric,LSP3439321,596.53897632,116.779025322246
11081,Designated Heritage Property,62 Duchess Ave, , , ,V,Wortley Village-Old South Heritage Conservation Distric,LSP3439321,688.37975248,120.843615039209
11082,Designated Heritage Property,42 Duchess Ave, , , ,V,Wortley Village-Old South Heritage Conservation Distric,LSP3439321,661.65663528,151.724969782766
11083,Designated Heritage Property,40 Duchess Ave, , , ,V,Wortley Village-Old South Heritage Conservation Distric,LSP3439321,681.68181792,152.333580537205
11084,Designated Heritage Property,46 Duchess Ave, , , ,V,Wortley Village-Old South Heritage Conservation Distric,LSP3439321,701.73354,152.942986250986
11085,Designated Heritage Property,48 Duchess Ave, , , ,V,Wortley Village-Old South Heritage Conservation Distric,LSP3439321,701.73290352,152.94298625426
11086,Designated Heritage Property,34 Duchess Ave, , , ,V,Wortley Village-Old South Heritage Conservation Distric,LSP3439321,868.76709176,158.019393480478
11087,Designated Heritage Property,38 Duchess Ave, , , ,V,Wortley Village-Old South Heritage Conservation Distric,LSP3439321,725.68076784,153.670775104001
11088,Designated Heritage Property,44 Duchess Ave, , , ,V,Wortley Village-Old South Heritage Conservation Distric,LSP3439321,715.16337296,153.351141507795
11089,Designated Heritage Property,36 Duchess Ave, , , ,V,Wortley Village-Old South Heritage Conservation Distric,LSP3439321,958.27510048,160.739633488922
11090,Designated Heritage Property,50 Duchess Ave, , , ,V,Wortley Village-Old South Heritage Conservation Distric,LSP3439321,701.73647584,152.943075489509
11091,Designated Heritage Property,6 Duchess Ave, , , ,V,Wortley Village-Old South Heritage Conservation Distric,LSP3439321,409.40208816,93.1862176904374
11092,Designated Heritage Property,1 Deane St, , , ,V,Wortley Village-Old South Heritage Conservation Distric,LSP3439321,218.41277762,70.9877256782941
11093,Designated Heritage Property,101 Duchess Ave, , , ,V,Wortley Village-Old South Heritage Conservation Distric,LSP3439321,382.68419336,94.0547645458802
11094,Designated Heritage Property,103 Duchess Ave, , , ,V,Wortley Village-Old South Heritage Conservation Distric,LSP3439321,459.21961312,108.679086799755
11095,Designated Heritage Property,107 Duchess Ave, , , ,V,Wortley Village-Old South Heritage Conservation Distric,LSP3439321,459.22292304,108.678733901966
11096,Designated Heritage Property,105 Duchess Ave, , , ,V,Wortley Village-Old South Heritage Conservation Distric,LSP3439321,459.20352672,108.677849668848
11097,Designated Heritage Property,113 Duchess Ave, , , ,V,Wortley Village-Old South Heritage Conservation Distric,LSP3439321,768.21189616,143.257072576573
11098,Designated Heritage Property,109 Duchess Ave, , , ,V,Wortley Village-Old South Heritage Conservation Distric,LSP3439321,586.27563288,137.037034849103
11099,Designated Heritage Property,111 Duchess Ave, , , ,V,Wortley Village-Old South Heritage Conservation Distric,LSP3439321,570.29263792,136.490442838787
11100,Designated Heritage Property,"63 Cathcart St, 117 Duchess Ave", , , ,V,Wortley Village-Old South Heritage Conservation Distric,LSP3439321,286.44601648,78.6962041534775
11101,Designated Heritage Property,52 Edward St, , , ,V,Wortley Village-Old South Heritage Conservation Distric,LSP3439321,863.91945318,145.826155671505
11102,Designated Heritage Property,48 Edward St, , , ,V,Wortley Village-Old South Heritage Conservation Distric,LSP3439321,562.57539006,116.593451729034
11103,Designated Heritage Property,50 Edward St, , , ,V,Wortley Village-Old South Heritage Conservation Distric,LSP3439321,369.45724292,83.0212359006196
11104,Designated Heritage Property,46 Edward St, , , ,V,Wortley Village-Old South Heritage Conservation Distric,LSP3439321,303.20523832,78.1955521950319
11105,Designated Heritage Property,44 Edward St, , , ,V,Wortley Village-Old South Heritage Conservation Distric,LSP3439321,303.20292952,78.1951100699784
11106,Designated Heritage Property,69 Elmwood Ave E, , , ,V,Wortley Village-Old South Heritage Conservation Distric,LSP3439321,487.6695248,96.4779881251946
11107,Designated Heritage Property,73 Elmwood Ave E, , , ,V,Wortley Village-Old South Heritage Conservation Distric,LSP3439321,473.951154,95.6664476667219
11108,Designated Heritage Property,81 Elmwood Ave E, , , ,V,Wortley Village-Old South Heritage Conservation Distric,LSP3439321,1022.52031748,162.745611914428
11109,Designated Heritage Property,85 Elmwood Ave E, , , ,V,Wortley Village-Old South Heritage Conservation Distric,LSP3439321,667.70079352,153.400172416389
11110,Designated Heritage Property,87 Elmwood Ave E, , , ,V,Wortley Village-Old South Heritage Conservation Distric,LSP3439321,1229.63035648,168.987106802733
11111,Designated Heritage Property,83 Elmwood Ave E, , , ,V,Wortley Village-Old South Heritage Conservation Distric,LSP3439321,1845.14874904,188.486322100207
11112,Designated Heritage Property,89 Elmwood Ave E, , , ,V,Wortley Village-Old South Heritage Conservation Distric,LSP3439321,1871.29435368,188.488001332233
11113,Designated Heritage Property,117 Elmwood Ave E, , , ,V,Wortley Village-Old South Heritage Conservation Distric,LSP3439321,445.54486496,97.493516991132
11114,Designated Heritage Property,115 Elmwood Ave E, , , ,V,Wortley Village-Old South Heritage Conservation Distric,LSP3439321,445.5524032,97.4939591101963
11115,Designated Heritage Property,41 Cathcart St, , , ,V,Wortley Village-Old South Heritage Conservation Distric,LSP3439321,328.59027744,91.0955517017342
11116,Designated Heritage Property,47 Cathcart St, , , ,V,Wortley Village-Old South Heritage Conservation Distric,LSP3439321,384.68373456,94.1641291749512
11117,Designated Heritage Property,39 Cathcart St, , , ,V,Wortley Village-Old South Heritage Conservation Distric,LSP3439321,445.55031216,97.4935169949844
11118,Designated Heritage Property,45 Cathcart St, , , ,V,Wortley Village-Old South Heritage Conservation Distric,LSP3439321,388.76195888,94.3874883287687
11119,Designated Heritage Property,37 Cathcart St, , , ,V,Wortley Village-Old South Heritage Conservation Distric,LSP3439321,353.84443752,93.829043231735
11120,Designated Heritage Property,53 Cathcart St, , , ,V,Wortley Village-Old South Heritage Conservation Distric,LSP3439321,387.05471716,94.2927224998885
11121,Designated Heritage Property,51 Cathcart St, , , ,V,Wortley Village-Old South Heritage Conservation Distric,LSP3439321,387.06623254,94.2936063471217
11122,Designated Heritage Property,49 Cathcart St, , , ,V,Wortley Village-Old South Heritage Conservation Distric,LSP3439321,387.06686592,94.293959279615
11123,Designated Heritage Property,55 Cathcart St, , , ,V,Wortley Village-Old South Heritage Conservation Distric,LSP3439321,387.90460816,94.3393912611967
11124,Designated Heritage Property,106 Duchess Ave, , , ,V,Wortley Village-Old South Heritage Conservation Distric,LSP3439321,438.28508136,101.144763361403
11125,Designated Heritage Property,104 Duchess Ave, , , ,V,Wortley Village-Old South Heritage Conservation Distric,LSP3439321,327.46151216,88.231220603265
11126,Designated Heritage Property,102 Duchess Ave, , , ,V,Wortley Village-Old South Heritage Conservation Distric,LSP3439321,340.67166624,88.9932880630595
11127,Designated Heritage Property,110 Duchess Ave, , , ,V,Wortley Village-Old South Heritage Conservation Distric,LSP3439321,408.61000752,95.7335026843158
11128,Designated Heritage Property,108 Duchess Ave, , , ,V,Wortley Village-Old South Heritage Conservation Distric,LSP3439321,442.30192024,101.802205380533
11129,Designated Heritage Property,112 Duchess Ave, , , ,V,Wortley Village-Old South Heritage Conservation Distric,LSP3439321,412.61372672,96.393687437727
11130,Designated Heritage Property,100 Duchess Ave, , , ,V,Wortley Village-Old South Heritage Conservation Distric,LSP3439321,317.7145506,87.6689920571303
11131,Designated Heritage Property,98 Duchess Ave, , , ,V,Wortley Village-Old South Heritage Conservation Distric,LSP3439321,935.52955328,160.048508274123
11132,Designated Heritage Property,96 Duchess Ave, , , ,V,Wortley Village-Old South Heritage Conservation Distric,LSP3439321,935.73485264,160.054604675388
11133,Designated Heritage Property,84 Duchess Ave, , , ,V,Wortley Village-Old South Heritage Conservation Distric,LSP3439321,741.83741936,154.161797735424
11134,Designated Heritage Property,80 Duchess Ave, , , ,V,Wortley Village-Old South Heritage Conservation Distric,LSP3439321,998.1260108,175.89614838773
11135,Designated Heritage Property,82 Duchess Ave, , , ,V,Wortley Village-Old South Heritage Conservation Distric,LSP3439321,741.83741936,154.161797735424
11136,Designated Heritage Property,78 Duchess Ave, , , ,V,Wortley Village-Old South Heritage Conservation Distric,LSP3439321,458.86772928,107.39119074914
11137,Designated Heritage Property,76 Duchess Ave, , , ,V,Wortley Village-Old South Heritage Conservation Distric,LSP3439321,326.73036528,86.5253615284374
11138,Designated Heritage Property,127 Elmwood Ave E, , , ,V,Wortley Village-Old South Heritage Conservation Distric,LSP3439321,753.79072876,134.463274871852
11139,Designated Heritage Property,125 Elmwood Ave E, , , ,V,Wortley Village-Old South Heritage Conservation Distric,LSP3439321,715.3927214,133.014235692652
11140,Designated Heritage Property,131 Elmwood Ave E, , , ,V,Wortley Village-Old South Heritage Conservation Distric,LSP3439321,1405.16365532,159.037749461936
11141,Designated Heritage Property,"119 Elmwood Ave E, 36 Cathcart St", , , ,V,Wortley Village-Old South Heritage Conservation Distric,LSP3439321,755.27414832,130.16289239777
11142,Designated Heritage Property,46 Cathcart St, , , ,V,Wortley Village-Old South Heritage Conservation Distric,LSP3439321,342.6477396,80.6060516244362
11143,Designated Heritage Property,130 Duchess Ave, , , ,V,Wortley Village-Old South Heritage Conservation Distric,LSP3439321,1768.25091904,195.769418789327
11144,Designated Heritage Property,40 Cathcart St, , , ,V,Wortley Village-Old South Heritage Conservation Distric,LSP3439321,410.46193758,89.7454585270846
11145,Designated Heritage Property,140 Duchess Ave, , , ,V,Wortley Village-Old South Heritage Conservation Distric,LSP3439321,6672.8848212,335.939444498567
11146,Designated Heritage Property,152 Duchess Ave, , , ,V,Wortley Village-Old South Heritage Conservation Distric,LSP3439321,1078.81638608,164.403312249375
11147,Designated Heritage Property,154 Duchess Ave, , , ,V,Wortley Village-Old South Heritage Conservation Distric,LSP3439321,481.18418776,109.679952604155
11148,Designated Heritage Property,217 Wortley Rd, , , ,V,Wortley Village-Old South Heritage Conservation Distric,LSP3439321,321.91912824,81.0823296136197
11149,Designated Heritage Property,215 Wortley Rd, , , ,V,Wortley Village-Old South Heritage Conservation Distric,LSP3439321,287.3274292,74.7739397697111
11150,Designated Heritage Property,158 Duchess Ave, , , ,V,Wortley Village-Old South Heritage Conservation Distric,LSP3439321,374.2677468,77.995449605016
11151,Designated Heritage Property,156 Duchess Ave, , , ,V,Wortley Village-Old South Heritage Conservation Distric,LSP3439321,359.27359344,76.6285720082264
11152,Designated Heritage Property,207 Wortley Rd, , , ,V,Wortley Village-Old South Heritage Conservation Distric,LSP3439321,1306.5833208,163.887561477337
11153,Designated Heritage Property,191 Wortley Rd, , , ,V,Wortley Village-Old South Heritage Conservation Distric,LSP3439321,4087.64965942,278.094560581427
11154,Designated Heritage Property,129 Duchess Ave, , , ,V,Wortley Village-Old South Heritage Conservation Distric,LSP3439321,287.89855748,75.3230033427702
11155,Designated Heritage Property,131-131/ Duchess Ave, , , ,V,Wortley Village-Old South Heritage Conservation Distric,LSP3439321,318.66690788,77.6569956596311
11156,Designated Heritage Property,135 Duchess Ave, , , ,V, ,LSP3439321,345.30668032,92.0100132116612
11157,Designated Heritage Property,133 Duchess Ave, , , ,V,Wortley Village-Old South Heritage Conservation Distric,LSP3439321,396.8889457,96.5155321756973
11158,Designated Heritage Property,137 Duchess Ave, , , ,V,Wortley Village-Old South Heritage Conservation Distric,LSP3439321,935.72789048,160.053809673886
11159,Designated Heritage Property,139 Duchess Ave, , , ,V,Wortley Village-Old South Heritage Conservation Distric,LSP3439321,935.7299956,160.053809668401
11160,Designated Heritage Property,141A-141B Duchess Ave, , , ,V,Wortley Village-Old South Heritage Conservation Distric,LSP3439321,1002.45186648,162.081598149681
11161,Designated Heritage Property,157 Duchess Ave, , , ,V,Wortley Village-Old South Heritage Conservation Distric,LSP3439321,801.98391032,155.988777956412
11162,Designated Heritage Property,147 Duchess Ave, , , ,V,Wortley Village-Old South Heritage Conservation Distric,LSP3439321,655.69267904,151.543067173787
11163,Designated Heritage Property,145 Duchess Ave, , , ,V,Wortley Village-Old South Heritage Conservation Distric,LSP3439321,1002.47775664,162.082393147482
11164,Designated Heritage Property,153 Duchess Ave, , , ,V,Wortley Village-Old South Heritage Conservation Distric,LSP3439321,1209.5914352,168.376906045938
11165,Designated Heritage Property,155 Duchess Ave, , , ,V,Wortley Village-Old South Heritage Conservation Distric,LSP3439321,1063.3084392,163.931106159388
11166,Designated Heritage Property,223 Wortley Rd, , , ,V,Wortley Village-Old South Heritage Conservation Distric,LSP3439321,454.25661848,105.213753783262
11167,Designated Heritage Property,221 Wortley Rd, , , ,V,Wortley Village-Old South Heritage Conservation Distric,LSP3439321,396.265102,94.6382866114299
11168,Designated Heritage Property,225 Wortley Rd, , , ,V,Wortley Village-Old South Heritage Conservation Distric,LSP3439321,739.46482448,157.222697224431
11169,Designated Heritage Property,230 Tecumseh Ave E, , , ,V,Wortley Village-Old South Heritage Conservation Distric,LSP3439321,330.91786712,88.9625748309782
11170,Designated Heritage Property,246 Tecumseh Ave E, , , ,V, ,LSP3439321,416.533265545,91.771940584888
11171,Designated Heritage Property,244 Tecumseh Ave E, , , ,V,Wortley Village-Old South Heritage Conservation Distric,LSP3439321,426.97750784,94.4462502368483
11172,Designated Heritage Property,232 Tecumseh Ave E, , , ,V,Wortley Village-Old South Heritage Conservation Distric,LSP3439321,426.97750784,94.4462502373132
11173,Designated Heritage Property,240 Tecumseh Ave E, , , ,V,Wortley Village-Old South Heritage Conservation Distric,LSP3439321,426.9849232,94.4467647911082
11174,Designated Heritage Property,236 Tecumseh Ave E, , , ,V,Wortley Village-Old South Heritage Conservation Distric,LSP3439321,403.2744756,93.0932941124268
11175,Designated Heritage Property,110 Marley Pl, , , ,V,Wortley Village-Old South Heritage Conservation Distric,LSP3439321,309.87703432,77.8835057861142
11176,Designated Heritage Property,108 Marley Pl, , , ,V,Wortley Village-Old South Heritage Conservation Distric,LSP3439321,321.7492297,78.7375806924427
11177,Designated Heritage Property,106 Marley Pl, , , ,V,Wortley Village-Old South Heritage Conservation Distric,LSP3439321,342.09624954,80.2020857873691
11178,Designated Heritage Property,185 Duchess Ave, , , ,V,Wortley Village-Old South Heritage Conservation Distric,LSP3439321,426.97770096,94.4465293836276
11179,Designated Heritage Property,189 Duchess Ave, , , ,V,Wortley Village-Old South Heritage Conservation Distric,LSP3439321,426.97969764,94.4465293832946
11180,Designated Heritage Property,195 Duchess Ave, , , ,V,Wortley Village-Old South Heritage Conservation Distric,LSP3439321,426.9789918,94.446529383263
11181,Designated Heritage Property,197 Duchess Ave, , , ,V, ,LSP3439321,416.52195904,91.7660471428869
11182,Designated Heritage Property,193 Duchess Ave, , , ,V,Wortley Village-Old South Heritage Conservation Distric,LSP3439321,365.98438432,90.9647015328284
11183,Designated Heritage Property,107 Marley Pl, , , ,V,Wortley Village-Old South Heritage Conservation Distric,LSP3439321,282.18091624,71.901639769699
11184,Designated Heritage Property,214 Tecumseh Ave E, , , ,V,Wortley Village-Old South Heritage Conservation Distric,LSP3439321,341.58575126,89.5727587565185
11185,Designated Heritage Property,179 Duchess Ave, , , ,V,Wortley Village-Old South Heritage Conservation Distric,LSP3439321,426.98377456,94.4472791004424
11186,Designated Heritage Property,177 Duchess Ave, , , ,V,Wortley Village-Old South Heritage Conservation Distric,LSP3439321,405.60555152,93.2269549469261
11187,Designated Heritage Property,175 Duchess Ave, , , ,V,Wortley Village-Old South Heritage Conservation Distric,LSP3439321,448.34413376,95.6663391907812
11188,Designated Heritage Property,192 Duchess Ave, , , ,V,Wortley Village-Old South Heritage Conservation Distric,LSP3439321,440.57713552,96.6789262663771
11189,Designated Heritage Property,194 Duchess Ave, , , ,V, ,LSP3439321,1482.28792398,225.785659370572
11190,Designated Heritage Property,196 Duchess Ave, , , ,V,Wortley Village-Old South Heritage Conservation Distric,LSP3439321,436.05852876,95.9362264201302
11191,Designated Heritage Property,188 Duchess Ave, , , ,V,Wortley Village-Old South Heritage Conservation Distric,LSP3439321,509.2151856,104.28766972172
11192,Designated Heritage Property,190 Duchess Ave, , , ,V,Wortley Village-Old South Heritage Conservation Distric,LSP3439321,441.48799398,96.8275200890593
11193,Designated Heritage Property,184 Duchess Ave, , , ,V,Wortley Village-Old South Heritage Conservation Distric,LSP3439321,317.4477872,71.291728387744
11194,Designated Heritage Property,182 Duchess Ave, , , ,V,Wortley Village-Old South Heritage Conservation Distric,LSP3439321,284.03960856,67.6366057254811
11195,Designated Heritage Property,40 Marley Pl, , , ,V,Wortley Village-Old South Heritage Conservation Distric,LSP3439321,556.98995331,140.148378932796
11196,Designated Heritage Property,36 Marley Pl, , , ,V,Wortley Village-Old South Heritage Conservation Distric,LSP3439321,835.405726475,149.287115565947
11197,Designated Heritage Property,38 Marley Pl, , , ,V,Wortley Village-Old South Heritage Conservation Distric,LSP3439321,556.938181015,140.146889788206
11198,Designated Heritage Property,32 Marley Pl, , , ,V,Wortley Village-Old South Heritage Conservation Distric,LSP3439321,928.223963775,152.3335878932
11199,Designated Heritage Property,26 Duchess Ave, , , ,V,Wortley Village-Old South Heritage Conservation Distric,LSP3439321,3491.10853572,247.588956563209
11200,Designated Heritage Property,30 Duchess Ave, , , ,V,Wortley Village-Old South Heritage Conservation Distric,LSP3439321,324.87977648,73.1205565543251
11201,Designated Heritage Property,115 Duchess Ave, , , ,V,Wortley Village-Old South Heritage Conservation Distric,LSP3439321,218.73085088,64.413865003666
11202,Designated Heritage Property,133 Elmwood Ave E, , , ,V,Wortley Village-Old South Heritage Conservation Distric,LSP3439321,1495.02802328,165.943611019629
11203,Listed Heritage Property,401-411 Tecumseh Ave E,1929c,Tecumseh Public School,Art Deco, , , ,15201.13936,555.036912561598
11204,Designated Heritage Property,379 Wortley Rd,1921, ,Prairie,IV, ,LSP3148193,1409.29744,182.003047120336
11205,Listed Heritage Property,285 Commissioners Rd E,1880c, ,Regency, , , ,3043.46958,219.727861330855
11206,Listed Heritage Property,211 Halls Mill Rd,1840c, ,Georgian, , , ,16982.84168376,622.824779458089
11207,Listed Heritage Property,365 Wortley Rd,1900c,Kilpatrick Donald W.,Vernacular, , , ,806.14535416,114.471720475688
11208,Listed Heritage Property,219 Base Line Rd E,1924c, ,Four Square, , , ,3287.99675888,344.310113900043
11209,Designated Heritage Property,2411 Oxford St W,1858, , ,IV, ,LSP231988,2025.70280976,235.434160421219
11211,Listed Heritage Property,"344-350 Ridout St S, 403-407 Chester St",1880, ,Georgian Revival, , , ,993.9187848,155.97426183589
11212,Listed Heritage Property,448 Emery St E,1919c, ,Side-hall Plan (shp) Cottage, , , ,468.09110344,96.7984357810219
11213,Listed Heritage Property,73 Langarth St E,1886c,Spence G.c.and U.g.,Ontario Cottage, , , ,580.14077184,106.63614060735
11214,Listed Heritage Property,238 Langley St,1929c, ,Arts And Crafts, , , ,690.46532264,112.522871322408
11215,Listed Heritage Property,144 High St,1935c, ,Tudor Revival, , , ,456.25982672,98.1325180536858
11216,Listed Heritage Property,111 Commissioners Rd E,1934c, ,Georgian Revival, , , ,4116.155572,317.304862378526
11217,Listed Heritage Property,108 Base Line Rd E,1900c, ,Eclectic, , , ,968.12668056,137.591281538485
11218,Listed Heritage Property,1941 Woodhull Rd,1860, , , , , ,117365.1492468,1761.23244411864
11219,Designated Heritage Property,286 High St,1880c,Anderson Property,Queen Anne,IV, ,LSP3256101,1073.9067052,147.098998510365
11220,Listed Heritage Property,432 Emery St E,1919c, ,Queen Anne, , , ,618.17630408,134.663392416677
11221,Listed Heritage Property,381 Wharncliffe Rd S,1910c, ,Vernacular, , , ,350.41545008,82.746622149976
11222,Listed Heritage Property,172 Devonshire Ave,1943c, ,Georgian Revival, , , ,535.3088287,99.8076035476856
11223,Designated Heritage Property,243 Wortley Rd,1900,Brown Jennie Marie,Queen Anne,V,Wortley Village-Old South Heritage Conservation Distric,LSP3439321,566.99424824,125.770101168274
11224,Listed Heritage Property,155 Commissioners Rd E,1930c, ,Tudor Revival, , , ,5834.453203265,318.957492163215
11225,Listed Heritage Property,495 Base Line Rd E,1880c, ,Vernacular, , , ,674.95430336,116.446058363996
11226,Listed Heritage Property,104 Commissioners Rd E,1934c, ,Tudor Revival, , , ,6573.21714352,361.619892375899
11227,Listed Heritage Property,228 Base Line Rd E,1934, ,Georgian Revival, , , ,2703.330988,291.749485495995
11228,Listed Heritage Property,457 Commissioners Rd E,1870c, ,Ontario Cottage, , , ,5173.36341648,289.368105558539
11229,Listed Heritage Property,37 Garfield Ave,1899c, ,Queen Anne, , , ,523.08500016,111.836561621056
11230,Listed Heritage Property,37 Tecumseh Ave E,1890c,Sauchuk Property, , , , ,772.31154032,136.048807921893
11231,Listed Heritage Property,451 Emery St E,1919c, ,Queen Anne, , , ,376.37047176,92.8385769700907
11232,Listed Heritage Property,353 Wortley Rd,1919c, ,Queen Anne, , , ,472.72199464,102.237643772645
11233,Designated Heritage Property,198 Emery St E,1875c, ,Ontario Cottage,IV, ,LSP3189176,1403.4919672,163.914436304086
11234,Designated Heritage Property,1460 Commissioners Rd W,1890c, ,Queen Anne,IV, ,LSP3430168,2418.11722368,212.890186071385
11235,Listed Heritage Property,212 Emery St E,1890c, ,Ontario Cottage, , , ,877.17554976,145.634202158625
11236,Listed Heritage Property,434 Emery St E,1919c, ,Queen Anne, , , ,618.20278536,134.663661481773
11237,Listed Heritage Property,487 Baker St,1934c, ,Tudor Revival, , , ,530.0489472,119.033664253512
11238,Listed Heritage Property,247 Halls Mill Rd,1890, ,Queen Anne, , , ,4182.73991704,268.803238495667
11239,Listed Heritage Property,503 Base Line Rd E,1905c, ,Georgian Revival, , , ,601.55493984,100.843330013868
11240,Listed Heritage Property,141 Windsor Cres,1934c, ,Tudor Revival, , , ,327.87327784,78.2340785832623
11241,Listed Heritage Property,72 Cathcart St,1908c, ,Vernacular, , , ,634.021272,114.797172948974
11242,Listed Heritage Property,11 Wellington Cres,1924, ,Prairie, , , ,1186.103805155,143.272657178093
11243,Listed Heritage Property,307 Ridout St S,1889,Fuerth P.a.and B.j.,Queen Anne, , , ,1074.67700968,134.420885369111
11244,Listed Heritage Property,315 Emery St E,1880c, , , , , ,551.358852,108.718538116582
11245,Listed Heritage Property,225 Halls Mill Rd,1860, ,Ontario Cottage, , , ,1585.70697488,178.223814793803
11246,Listed Heritage Property,161 Devonshire Ave,1938c, ,Tudor Revival, , , ,535.29198032,105.175089219174
11247,Listed Heritage Property,385 Ridout St S,1875,Walker Property,Queen Anne, , , ,1414.45514072,148.456644380863
11248,Listed Heritage Property,511 Chester St,1890c, ,Ontario Farmhouse, , , ,912.47445872,131.152027126335
11249,Designated Heritage Property,84 Commissioners Rd E,1930c, ,Art Deco,IV, ,LSP3418123,2572.36399696,235.292710873611
11250,Listed Heritage Property,20 Southgate St,1934c, ,Eclectic, , , ,386.31688288,93.7828590806829
11251,Listed Heritage Property,101 Base Line Rd E,1934c, ,Tudor Revival, , , ,984.38484384,159.924966946573
11252,Listed Heritage Property,55 Tecumseh Ave E,1918c, , , , , ,1275.40929088,174.310043327689
11253,Listed Heritage Property,123 Windsor Cres,1944, ,Tudor Revival, , , ,693.892124935,121.751119006658
11254,Designated Heritage Property,521 Chester St,1890, ,Queen Anne,IV, ,LSP3395203,913.99113592,131.30347172109
11255,Listed Heritage Property,48 Tecumseh Ave E,1918c, , , , , ,324.87474048,82.2596105806929
11256,Listed Heritage Property,457 Baker St,1939c, ,Tudor Revival, , , ,387.7866456,88.0439265971508
11257,Listed Heritage Property,447 Baker St,1939c, ,Tudor Revival, , , ,281.4495136,82.284025250786
11258,Listed Heritage Property,245 Commissioners Rd E,1870c, ,Italianate, , , ,5697.523357535,373.73400941907
11259,Listed Heritage Property,198 Base Line Rd E,1892c, ,Vernacular, , , ,571.14966424,109.476368822881
11260,Listed Heritage Property,314 Ridout St S,1906,Turner Property,Queen Anne, , , ,764.5628228,119.565472153469
11261,Listed Heritage Property,163 Devonshire Ave,1938c, ,Tudor Revival, , , ,472.16186204,101.909399459845
11262,Listed Heritage Property,129 Langarth St E,1899,Moore S.p.and I.r.,Ontario Cottage, , , ,718.48525856,115.169119781444
11263,Listed Heritage Property,178 Briscoe St E,1880c, ,Vernacular, , , ,1052.64786784,151.729615629525
11264,Listed Heritage Property,439 Moore St,1934,Bethel Chapel,Romanesque Revival, , , ,1558.99539064,159.795420880096
11265,Listed Heritage Property,129 High St,1898c, ,Vernacular, , , ,871.28471392,148.454546080118
11266,Listed Heritage Property,27 Tecumseh Ave E,1907,Parker Gail Anne,Ontario Cottage, , , ,1032.23201288,165.30131853391
11267,Listed Heritage Property,283 Gideon Dr,1880c, ,Ontario Farmhouse, , , ,7453.43451625,355.03545918557
11268,Listed Heritage Property,14 Torrington Cres,1830c, ,Georgian, , , ,2242.27347955,193.7178628612
11269,Listed Heritage Property,290 Ridout St S,1915,Calvary United Ch.,Romanesque Revival, , , ,3215.17057264,272.395197570026
11270,Listed Heritage Property,495 Emery St E,1890, ,Italianate, , , ,838.20167632,180.11743874018
11271,Listed Heritage Property,98 Windsor Ave,1915,Hunt Property,Vernacular, , , ,431.78193296,95.3097007231186
11272,Listed Heritage Property,128 Langarth St E,1883c,Moss N.j.,Ontario Cottage, , , ,409.16991904,86.302588245298
11273,Listed Heritage Property,117 Langarth St E,1914,Bright S.d.and S.l.,Queen Anne, , , ,789.42339976,142.587428632862
11274,Listed Heritage Property,222 Base Line Rd E,1934c, ,Tudor Revival, , , ,1701.46500616,194.979336811425
11275,Designated Heritage Property,139 Briscoe St E,1882c, ,Ontario Cottage,IV, ,LSP3117107,1052.6483996,151.729970274805
11276,Listed Heritage Property,261 Commissioners Rd E,1830, ,Late Victorian, , , ,7164.37997784,464.72267892213
11277,Listed Heritage Property,193 Base Line Rd E,1924c, ,Bungalow, , , ,924.15867456,151.109583313069
11278,Listed Heritage Property,260 Cathcart St,1947, , , , , ,1236.93395824,141.278410396744
11279,Listed Heritage Property,499 Baker St,1934c, ,Tudor Revival, , , ,682.8754628,136.384900516562
11280,Listed Heritage Property,127 Langarth St E,1886c,Miller J.l., , , , ,545.81054032,96.2776087789267
11281,Listed Heritage Property,149 Devonshire Ave,1939, ,Tudor Revival, , , ,599.03326872,108.472273179136
11282,Listed Heritage Property,604 Emery St E,1924, , , , , ,328.60704976,74.9922118870166
11283,Listed Heritage Property,304 Ridout St S,1907,712375 Ont. Ltd.,Italianate, , , ,494.18506136,126.704305705795
11284,Listed Heritage Property,181 Tecumseh Ave E,1880c,Thomson David Scott,Ontario Cottage, , , ,1188.0659716,177.331135374054
11285,Listed Heritage Property,142 High St,1916, ,Tudor Revival, , , ,456.27573952,98.1334446949769
11286,Listed Heritage Property,437 Emery St E,1919c, , , , , ,687.34417008,137.174247322181
11287,Listed Heritage Property,1344 Commissioners Rd W,1853,St Anne's Church,Gothic Revival, , , ,4041.78828096,280.570186393237
11288,Listed Heritage Property,301 Wortley Rd,1893c,Wortley Pub School,Late Victorian, , , ,10871.50739248,454.464108020394
11289,Listed Heritage Property,118 Windsor Cres,1929c, ,Eclectic, , , ,903.138833835,122.27360720078
11290,Listed Heritage Property,130 Windsor Cres,1934c, ,Tudor Revival, , , ,656.623339275,101.934997114325
11291,Listed Heritage Property,70 Tecumseh Ave E,1909,Toopitisin Serge, , , , ,507.4966144,92.4998879465029
11292,Listed Heritage Property,46 Tecumseh Ave E,1918c, , , , , ,371.2687496,85.3042542714319
11293,Listed Heritage Property,85 Cathcart St,1908c, ,Queen Anne, , , ,420.49406768,105.760601851394
11294,Listed Heritage Property,88 Windsor Ave,1915c,Fraser John A.,Vernacular, , , ,431.78016328,95.3095847514686
11295,Listed Heritage Property,385 Wortley Rd,1890c,Lewis John Albert,Italianate, , , ,3783.72662376,263.984586393884
11296,Listed Heritage Property,244 Base Line Rd E,1934c, ,Eclectic, , , ,1629.2771464,165.523279191634
11297,Listed Heritage Property,358 Ridout St S,1887c,Hibbard Property,Italianate, , , ,1221.16164,149.942088910219
11298,Listed Heritage Property,340 Ridout St S,1881,Cole Nora B.,Italianate, , , ,894.42433312,136.011398123433
11299,Listed Heritage Property,96 Windsor Ave,1915,Dwyer Property,Vernacular, , , ,431.76933056,95.3089532467608
11300,Listed Heritage Property,199 Base Line Rd E,1925c, ,Four Square, , , ,2098.87162608,201.952329782895
11301,Listed Heritage Property,147 High St,1913,Henderson E.p.,Queen Anne, , , ,389.99808752,88.4608335375735
11302,Listed Heritage Property,151 Devonshire Ave,1938, ,Georgian Revival, , , ,599.02813718,108.472073388218
11303,Listed Heritage Property,85 Edward St,1980c, , , , , ,336.2404444,89.791905234272
11304,Listed Heritage Property,531 Emery St E,1890c, ,Italianate, , , ,1090.22396776,186.456847376568
11305,Listed Heritage Property,358 Wortley Rd,1929c, ,Vernacular, , , ,260.653248,78.4455165809883
11306,Designated Heritage Property,55 Centre St,1872,Chestnut Hill,Italianate,IV, ,LSP3316158,4442.8639744,272.332221261924
11307,Listed Heritage Property,281 Ridout St S,1907,Bryand Hannie, , , , ,685.02813376,110.498749648528
11308,Listed Heritage Property,260 Wharncliffe Rd S,1920c, ,Vernacular, , , ,298.91729304,76.259658891349
11309,Designated Heritage Property,473 Baker St,1929,Hyatt Apts., ,IV, ,LSP3216351,774.25533488,119.81503933979
11310,Listed Heritage Property,1963 Woodhull Rd,1841c,Woodhull Cemetery, , , , ,18840.13781752,938.328972374906
11311,Listed Heritage Property,34 Windsor Ave,1914c, ,Eclectic, , , ,507.10653808,106.176161023381
11312,Listed Heritage Property,1288 Halls Mill Pl,1834c, ,Gothic Revival, , , ,3538.9282844,254.199638700846
11313,Listed Heritage Property,211 Base Line Rd E,1924c, ,Four Square, , , ,1606.43974192,211.66143223796
11314,Listed Heritage Property,94 Windsor Ave,1915c,Jenner Property,Vernacular, , , ,396.82768744,95.3032594104022
11315,Designated Heritage Property,250 Wortley Rd,1909c,Green Richard D,Ontario Cottage,V,Wortley Village-Old South Heritage Conservation Distric,LSP3439321,377.76327464,86.3774075243839
11316,Listed Heritage Property,2012 Oxford St W,1865c, ,Italianate, , , ,175802.26405432,2029.25513269115
11317,Listed Heritage Property,119 Base Line Rd E,1920, ,Eclectic, , , ,2610.16659648,232.397527794334
11318,Listed Heritage Property,90 Windsor Ave,1915c,Sumner James William,Vernacular, , , ,431.78542304,95.3098528934122
11319,Listed Heritage Property,140 Commissioners Rd E,1934c, ,Georgian Revival, , , ,1642.97511254,162.804360421202
11320,Listed Heritage Property,57 Tecumseh Ave E,1908c, ,Vernacular, , , ,648.4573392,156.204719223533
11321,Listed Heritage Property,414 Baker St,1924c, ,Arts And Crafts, , , ,421.59358376,93.6180941180488
11322,Designated Heritage Property,139 High St,1865c, ,Gothic Revival,IV, ,LSP3123274,960.9366412,124.612800054602
11323,Listed Heritage Property,1976 Oxford St W,1850, , , , , ,192335.0274372,2878.16353578754
11324,Listed Heritage Property,83 Edward St,1908c, , , , , ,362.53299528,91.2631971220572
11325,Designated Heritage Property,247 Base Line Rd E,1880, ,Queen Anne,IV, ,LSP3374331,1549.78404568,158.629892702799
11326,Listed Heritage Property,99 Base Line Rd E,1934c, ,Tudor Revival, , , ,982.23863848,159.641061633352
11327,Listed Heritage Property,125 Base Line Rd E,1934c, ,Georgian Revival, , , ,2200.5851696,221.931350836185
11328,Listed Heritage Property,269 Cathcart St,1938, ,Tudor Revival, , , ,614.9502098,108.654392490455
11329,Listed Heritage Property,439 Emery St E,1905, ,Queen Anne, , , ,687.38320352,137.180610489096
11330,Listed Heritage Property,119 Commissioners Rd E,1934c, ,Tudor Revival, , , ,3656.35485248,313.275947490756
11331,Listed Heritage Property,181 Windsor Ave,1935c, ,Tudor Revival, , , ,404.6253228,91.196271546631
11332,Listed Heritage Property,249 Halls Mill Rd,1835c,Georgian House,Georgian, , , ,2370.9799184,218.166850712229
11333,Listed Heritage Property,485 Baker St,1934c, ,Georgian Revival, , , ,508.19941336,97.1886903323785
11334,Listed Heritage Property,443 Emery St E,1919c, , , , , ,756.1566352,139.624425448706
11335,Listed Heritage Property,135 High St,1906, ,Side-hall Plan (shp) Cottage, , , ,777.6892684,145.577370219823
11336,Listed Heritage Property,155 Briscoe St E,1885c, , , , , ,701.72283376,139.541528136158
11337,Listed Heritage Property,249 Cathcart St,1938, ,Tudor Revival, , , ,593.35349038,107.522766392528
11338,Listed Heritage Property,463 Baker St,1934c, ,Tudor Revival, , , ,395.93890768,89.489798320231
11339,Designated Heritage Property,Easement, , , ,V,Wortley Village-Old South Heritage Conservation Distric,LSP3439321,102.10363746,73.1202928985535
11340,Designated Heritage Property,5 Paddington Ave,1850c, ,Georgian,IV, ,LSP3417122,1965.23025512,185.264506228923
11341,Listed Heritage Property,169 Base Line Rd E,1890c, ,Queen Anne, , , ,2442.993018,236.40031779373
11342,Listed Heritage Property,511 Commissioners Rd E,1905c, ,Queen Anne, , , ,1076.30540976,131.826624132725
11343,Listed Heritage Property,67 Briscoe St E,1928c, , , , , ,342.4042664,93.2007671341307
11344,Listed Heritage Property,430-430/ Emery St E,1919c, ,Queen Anne, , , ,618.17608936,134.663392412795
11345,Listed Heritage Property,154 Commissioners Rd E,1934, , , , , ,1771.95641112,171.825753721358
11346,Listed Heritage Property,69 Briscoe St E,1928c, , , , , ,342.38937744,93.1999714590793
11347,Listed Heritage Property,207 Windsor Ave,1924c, ,Tudor Revival, , , ,303.31033504,89.3406017848709
11348,Listed Heritage Property,200 Devonshire Ave,1947c,Devonshire Apts.,Tudor Revival, , , ,872.06183912,120.735800547914
11349,Listed Heritage Property,128 Base Line Rd E,1890c, ,Vernacular, , , ,619.96000304,103.287909912481
11350,Listed Heritage Property,236 Langley St,1929c, ,Tudor Revival, , , ,453.74854856,104.666108205931
11351,Listed Heritage Property,125 High St,1891p, ,Ontario Cottage, , , ,815.61304096,134.818690214208
11352,Listed Heritage Property,57 Windsor Ave,1919c, ,Bungalow, , , ,1640.25937432,184.280366714208
11353,Designated Heritage Property,Easement, , , ,V,Wortley Village-Old South Heritage Conservation Distric,LSP3439321,466.41352328,293.218311405183
11354,Listed Heritage Property,2020 Kilgorman Key, ,Gorman Estate, , , , ,37821.705495285,828.72421113304
11355,Designated Heritage Property,245 Wortley Rd,1900,Guifford Ruth,Vernacular,V,Wortley Village-Old South Heritage Conservation Distric,LSP3439321,601.58770992,132.078933134107
11356,Listed Heritage Property,182 Briscoe St E,1908c, , , , , ,380.1269404,98.1067405330055
11357,Listed Heritage Property,432 Baker St,1926, ,Arts And Crafts, , , ,299.07782088,73.5002348320155
11358,Listed Heritage Property,467 Baker St,1934c,Bessborough Apts., , , , ,1747.36283392,169.219255834535
11359,Listed Heritage Property,149 Base Line Rd E,1922c, ,Bungalow, , , ,4541.98028408,345.368569061112
11360,Listed Heritage Property,201 Cathcart St,1918c, ,Vernacular, , , ,556.91911808,103.587144459629
11361,Listed Heritage Property,2501 Oxford St W,1850, , , , , ,2022.00312032,181.001983850585
11362,Listed Heritage Property,87 Edward St,1908c, , , , , ,379.03207216,92.8403643795491
11363,Listed Heritage Property,177 Tecumseh Ave E,1900c,Ross Helen,Vernacular, , , ,863.07758632,168.224570632298
11364,Listed Heritage Property,182 Commissioners Rd E,1905c, ,Regency, , , ,1619.90251336,178.477177379201
11365,Listed Heritage Property,220 Base Line Rd E,1934c, ,Tudor Revival, , , ,1268.4219152,167.176984473666
11366,Listed Heritage Property,483 Baker St,1934c, ,Tudor Revival, , , ,381.14745184,89.5718560442548
11367,Listed Heritage Property,157 Base Line Rd E,1910, , , , , ,5367.0700284,402.907052366477
11368,Listed Heritage Property,143 Windsor Cres,1934c, ,Tudor Revival, , , ,327.87933056,78.2344939556727
11369,Listed Heritage Property,404 Wortley Rd,1927,Harper Property,Tudor Revival, , , ,667.85575664,109.62963828093
11370,Listed Heritage Property,226 Emery St E,1917c, , , , , ,1052.64115528,151.728820795469
11371,Designated Heritage Property,2442 Oxford St W,1850c,Kilworth United,Gothic Revival,IV, ,LSP3482275,3353.81526384,238.194391383668
11372,Listed Heritage Property,223 Base Line Rd E,1923, ,Eclectic, , , ,2452.94268624,284.139909098111
11373,Listed Heritage Property,205-295 Wonderland Rd S,1935c,Wonderland Gardens, , , , ,27834.28640513,675.700892361824
11374,Designated Heritage Property,"1040 Flint Lane, 1097 Commissioners Rd W",1837c,"Flint Cottage; Flint Shelte",Ontario Cottage,IV, ,LSP2413101,708983.57999688,7875.09733154753
11375,Designated Heritage Property,Easement, , , ,V,Wortley Village-Old South Heritage Conservation Distric,LSP3439321,65.55946352,41.5938382297253
11376,Designated Heritage Property,Easement, , , ,V,Wortley Village-Old South Heritage Conservation Distric,LSP3439321,180.44051305,137.101021742067
11377,Designated Heritage Property,Easement, , , ,V,Wortley Village-Old South Heritage Conservation Distric,LSP3439321,85.02707182,116.622741460744
11378,Designated Heritage Property,4 Duchess Ave, , , ,V,Wortley Village-Old South Heritage Conservation Distric,LSP3439321,211.19006608,63.2054778253583
11379,Designated Heritage Property,27 Duchess Ave, , , ,V,Wortley Village-Old South Heritage Conservation Distric,LSP3439321,544.6021454,93.5694778291707
11380,Designated Heritage Property,3 Duchess Ave, , , ,V,Wortley Village-Old South Heritage Conservation Distric,LSP3439321,333.6885373,82.7413933255815
11381,Designated Heritage Property,5 Duchess Ave, , , ,V,Wortley Village-Old South Heritage Conservation Distric,LSP3439321,333.68675296,82.7412153974683
11382,Designated Heritage Property,1 Duchess Ave, , , ,V,Wortley Village-Old South Heritage Conservation Distric,LSP3439321,364.52243342,84.8307346129574
11383,Designated Heritage Property,29 Duchess Ave, , , ,V,Wortley Village-Old South Heritage Conservation Distric,LSP3439321,545.66428716,115.958382233934
11384,Designated Heritage Property,33 Duchess Ave, , , ,V,Wortley Village-Old South Heritage Conservation Distric,LSP3439321,736.52359304,157.017125373364
11385,Designated Heritage Property,47 Duchess Ave, , , ,V,Wortley Village-Old South Heritage Conservation Distric,LSP3439321,973.02304108,161.749944646012
11386,Designated Heritage Property,41 Duchess Ave, , , ,V,Wortley Village-Old South Heritage Conservation Distric,LSP3439321,668.65920556,152.542870308134
11387,Designated Heritage Property,45 Duchess Ave, , , ,V,Wortley Village-Old South Heritage Conservation Distric,LSP3439321,908.3655318,159.795836259385
11388,Designated Heritage Property,39 Duchess Ave, , , ,V,Wortley Village-Old South Heritage Conservation Distric,LSP3439321,624.92771772,151.220959332992
11389,Designated Heritage Property,37 Duchess Ave, , , ,V,Wortley Village-Old South Heritage Conservation Distric,LSP3439321,1108.35919244,170.341708812142
11390,Designated Heritage Property,57 Duchess Ave, , , ,V,Wortley Village-Old South Heritage Conservation Distric,LSP3439321,226.85333182,73.1197615537588
11391,Designated Heritage Property,55 Duchess Ave, , , ,V,Wortley Village-Old South Heritage Conservation Distric,LSP3439321,285.05707498,77.1847041555094
11392,Designated Heritage Property,53 Duchess Ave, , , ,V,Wortley Village-Old South Heritage Conservation Distric,LSP3439321,436.27204786,87.7450572470795
11393,Designated Heritage Property,61 Duchess Ave, , , ,V,Wortley Village-Old South Heritage Conservation Distric,LSP3439321,435.1606524,89.4858114911161
11394,Designated Heritage Property,63 Duchess Ave, , , ,V,Wortley Village-Old South Heritage Conservation Distric,LSP3439321,352.6966213,99.9523415678506
11395,Designated Heritage Property,65 Duchess Ave, , , ,V, ,LSP3439321,425.76504538,102.963943738829
11396,Designated Heritage Property,61/ Duchess Ave, , , ,V,Wortley Village-Old South Heritage Conservation Distric,LSP3439321,391.19871076,101.655373486942
11397,Designated Heritage Property,69 Duchess Ave, , , ,V,Wortley Village-Old South Heritage Conservation Distric,LSP3439321,584.8317092,110.697866508163
11398,Designated Heritage Property,67 Duchess Ave, , , ,V,Wortley Village-Old South Heritage Conservation Distric,LSP3439321,584.81635286,110.69742437326
11399,Designated Heritage Property,77 Duchess Ave, , , ,V,Wortley Village-Old South Heritage Conservation Distric,LSP3439321,313.88618448,80.9123445204495
11400,Designated Heritage Property,73 Duchess Ave, , , ,V,Wortley Village-Old South Heritage Conservation Distric,LSP3439321,313.89629492,80.912697410808
11401,Designated Heritage Property,75 Duchess Ave, , , ,V,Wortley Village-Old South Heritage Conservation Distric,LSP3439321,313.88720148,80.9123445203906
11402,Designated Heritage Property,71 Duchess Ave, , , ,V,Wortley Village-Old South Heritage Conservation Distric,LSP3439321,313.88200624,80.9115495103058
11403,Designated Heritage Property,81 Duchess Ave, , , ,V,Wortley Village-Old South Heritage Conservation Distric,LSP3439321,653.95143,139.351593864978
11404,Designated Heritage Property,83 Duchess Ave, , , ,V,Wortley Village-Old South Heritage Conservation Distric,LSP3439321,628.42873368,138.478918932862
11405,Designated Heritage Property,79 Duchess Ave, , , ,V,Wortley Village-Old South Heritage Conservation Distric,LSP3439321,641.58867856,138.928597129897
11406,Designated Heritage Property,85 Duchess Ave, , , ,V,Wortley Village-Old South Heritage Conservation Distric,LSP3439321,227.74539856,60.3947732152738
11407,Designated Heritage Property,3 Deane St, , , ,V,Wortley Village-Old South Heritage Conservation Distric,LSP3439321,184.80802174,68.5501027071669
11408,Designated Heritage Property,Easement, , , ,V,Wortley Village-Old South Heritage Conservation Distric,LSP3439321,409.83577104,210.247651018656
11409,Designated Heritage Property,, , , ,V,Wortley Village-Old South Heritage Conservation Distric,LSP3439321,46.05196176,36.3250148642564
11410,Designated Heritage Property,152 Duchess Ave, , , ,V,Wortley Village-Old South Heritage Conservation Distric,LSP3439321,792.40623232,155.698652802644
11411,Designated Heritage Property,237 Wortley Rd, , , ,V,Wortley Village-Old South Heritage Conservation Distric,LSP3439321,774.07266528,163.531882080081
11412,Designated Heritage Property,239 Wortley Rd, , , ,V,Wortley Village-Old South Heritage Conservation Distric,LSP3439321,808.71100888,169.842643151065
11413,Designated Heritage Property,241 Wortley Rd, , , ,V,Wortley Village-Old South Heritage Conservation Distric,LSP3439321,532.3826016,119.460224333048
11414,Designated Heritage Property,247 Wortley Rd, , , ,V,Wortley Village-Old South Heritage Conservation Distric,LSP3439321,356.06971184,87.3096919684592
11415,Designated Heritage Property,"249 Wortley Rd, 192 Tecumseh Ave E", , , ,V,Wortley Village-Old South Heritage Conservation Distric,LSP3439321,390.66887282,93.6188768272062
11416,Designated Heritage Property,251 Wortley Rd, , , ,V,Wortley Village-Old South Heritage Conservation Distric,LSP3439321,454.02660028,104.886624877291
11417,Designated Heritage Property,255 Wortley Rd, , , ,V,Wortley Village-Old South Heritage Conservation Distric,LSP3439321,453.99037736,114.251603316237
11418,Designated Heritage Property,273 Wortley Rd, , , ,V,Wortley Village-Old South Heritage Conservation Distric,LSP3439321,674.1891321,141.109432976163
11419,Designated Heritage Property,261 Wortley Rd, , , ,V,Wortley Village-Old South Heritage Conservation Distric,LSP3439321,539.75844662,131.382876992018
11420,Designated Heritage Property,259 Wortley Rd, , , ,V,Wortley Village-Old South Heritage Conservation Distric,LSP3439321,535.47645822,126.58343697609
11421,Designated Heritage Property,257 Wortley Rd, , , ,V,Wortley Village-Old South Heritage Conservation Distric,LSP3439321,484.69747116,119.991342487553
11422,Designated Heritage Property,253 Wortley Rd, , , ,V,Wortley Village-Old South Heritage Conservation Distric,LSP3439321,486.56174702,111.10454749905
11423,Designated Heritage Property,275 Wortley Rd, , , ,V,Wortley Village-Old South Heritage Conservation Distric,LSP3439321,491.7518876,122.565753637789
11424,Designated Heritage Property,277 Wortley Rd, , , ,V,Wortley Village-Old South Heritage Conservation Distric,LSP3439321,524.09253564,128.277511713211
11425,Designated Heritage Property,279 Wortley Rd, , , ,V,Wortley Village-Old South Heritage Conservation Distric,LSP3439321,945.53603072,137.705467567037
11426,Designated Heritage Property,254 Wortley Rd, , , ,V,Wortley Village-Old South Heritage Conservation Distric,LSP3439321,492.74866776,105.250815763001
11427,Designated Heritage Property,252 Wortley Rd, , , ,V,Wortley Village-Old South Heritage Conservation Distric,LSP3439321,372.12863458,85.4545296347949
11428,Designated Heritage Property,258 Wortley Rd, , , ,V,Wortley Village-Old South Heritage Conservation Distric,LSP3439321,481.5399209,103.408306852787
11429,Designated Heritage Property,256 Wortley Rd, , , ,V,Wortley Village-Old South Heritage Conservation Distric,LSP3439321,487.1507119,104.329926256741
11430,Designated Heritage Property,260 Wortley Rd, , , ,V,Wortley Village-Old South Heritage Conservation Distric,LSP3439321,475.89241996,102.48437171531
11431,Designated Heritage Property,203 Tecumseh Ave E, , , ,V,Wortley Village-Old South Heritage Conservation Distric,LSP3439321,252.49406216,69.4660783382124
11432,Designated Heritage Property,219 Tecumseh Ave E, , , ,V,Wortley Village-Old South Heritage Conservation Distric,LSP3439321,352.26415696,90.1820905231522
11433,Designated Heritage Property,205 Tecumseh Ave E, , , ,V,Wortley Village-Old South Heritage Conservation Distric,LSP3439321,309.76503258,85.676640650289
11434,Designated Heritage Property,207 Tecumseh Ave E, , , ,V,Wortley Village-Old South Heritage Conservation Distric,LSP3439321,320.23510634,88.3525522392939
11435,Designated Heritage Property,211 Tecumseh Ave E, , , ,V,Wortley Village-Old South Heritage Conservation Distric,LSP3439321,320.2393023,88.3531733795039
11436,Designated Heritage Property,213 Tecumseh Ave E, , , ,V,Wortley Village-Old South Heritage Conservation Distric,LSP3439321,417.13634104,94.430670395511
11437,Designated Heritage Property,209 Tecumseh Ave E, , , ,V,Wortley Village-Old South Heritage Conservation Distric,LSP3439321,320.23322876,88.3526699401931
11438,Designated Heritage Property,215 Tecumseh Ave E, , , ,V,Wortley Village-Old South Heritage Conservation Distric,LSP3439321,250.03556272,84.7015032756039
11439,Designated Heritage Property,217 Tecumseh Ave E, , , ,V,Wortley Village-Old South Heritage Conservation Distric,LSP3439321,261.5186616,85.0021034346608
11440,Designated Heritage Property,225 Tecumseh Ave E, , , ,V,Wortley Village-Old South Heritage Conservation Distric,LSP3439321,426.98881626,94.4477932133964
11441,Designated Heritage Property,227 Tecumseh Ave E, , , ,V,Wortley Village-Old South Heritage Conservation Distric,LSP3439321,426.98834432,94.44802881876
11442,Designated Heritage Property,235 Tecumseh Ave E, , , ,V,Wortley Village-Old South Heritage Conservation Distric,LSP3439321,426.99307432,94.4485429314951
11443,Designated Heritage Property,237 Tecumseh Ave E, , , ,V,Wortley Village-Old South Heritage Conservation Distric,LSP3439321,426.99291408,94.4487785381895
11444,Designated Heritage Property,239 Tecumseh Ave E, , , ,V,Wortley Village-Old South Heritage Conservation Distric,LSP3439321,426.98719544,94.44854313144
11445,Designated Heritage Property,245 Tecumseh Ave E, , , ,V,Wortley Village-Old South Heritage Conservation Distric,LSP3439321,416.55391208,91.7698395035347
11446,Designated Heritage Property,243 Tecumseh Ave E, , , ,V,Wortley Village-Old South Heritage Conservation Distric,LSP3439321,426.99934112,94.4495717954375
11447,Designated Heritage Property,229 Tecumseh Ave E, , , ,V,Wortley Village-Old South Heritage Conservation Distric,LSP3439321,426.98834432,94.44802881876
11448,Designated Heritage Property,111 Marley Pl, , , ,V,Wortley Village-Old South Heritage Conservation Distric,LSP3439321,289.62187104,72.5122203272876
11449,Designated Heritage Property,109 Marley Pl, , , ,V,Wortley Village-Old South Heritage Conservation Distric,LSP3439321,282.16801488,71.9006544405121
11450,Designated Heritage Property,212 Tecumseh Ave E, , , ,V,Wortley Village-Old South Heritage Conservation Distric,LSP3439321,341.58384114,89.572453725592
11451,Designated Heritage Property,210 Tecumseh Ave E, , , ,V,Wortley Village-Old South Heritage Conservation Distric,LSP3439321,341.5840141,89.5726411559497
11452,Designated Heritage Property,208 Tecumseh Ave E, , , ,V,Wortley Village-Old South Heritage Conservation Distric,LSP3439321,350.44603146,90.0782509696837
11453,Designated Heritage Property,206 Tecumseh Ave E, , , ,V,Wortley Village-Old South Heritage Conservation Distric,LSP3439321,322.27229236,86.3862333829555
11454,Designated Heritage Property,204 Tecumseh Ave E, , , ,V,Wortley Village-Old South Heritage Conservation Distric,LSP3439321,289.60742192,72.5111781625651
11455,Designated Heritage Property,202 Tecumseh Ave E, , , ,V,Wortley Village-Old South Heritage Conservation Distric,LSP3439321,172.301596,52.6503750320079
11456,Designated Heritage Property,244 Wortley Rd, , , ,V,Wortley Village-Old South Heritage Conservation Distric,LSP3439321,379.7150203,86.698103214622
11457,Designated Heritage Property,246 Wortley Rd, , , ,V,Wortley Village-Old South Heritage Conservation Distric,LSP3439321,201.79460954,57.4996521773672
11458,Designated Heritage Property,240 Wortley Rd, , , ,V,Wortley Village-Old South Heritage Conservation Distric,LSP3439321,272.77818978,69.149330644639
11459,Designated Heritage Property,242 Wortley Rd, , , ,V,Wortley Village-Old South Heritage Conservation Distric,LSP3439321,530.11397968,111.382526919194
11460,Listed Heritage Property,486 Baker St,c1934, ,Tudor Revival, , , ,328.94465184,72.6639225634144
11461,Listed Heritage Property,415 Base Line Rd E,1952, ,Mid-Century Modern, , , ,1432.50182648,154.483979733228
11462,Listed Heritage Property,1289 Commissioners Rd W,1835c, ,Cottage, , , ,515.83632296,113.16555251381
11463,Listed Heritage Property,1945 Highland Hts,1953-1955, ,Mid-century Modern, , , ,2881.32346856,309.078407006148
11464,Listed Heritage Property,6 Paddington Ave, , , , , , ,354.16904912,83.3792305895189
11465,Listed Heritage Property,471 Ridgewood Cres,1963, ,Mid-Century Modern, , , ,9557.19646648,412.906729808282
11466,Designated Heritage Property,270 Wortley Rd, , , ,V,Wortley Village-Old South Heritage Conservation Distric,LSP3439321,245.06383166,74.5208495072737
11467,Designated Heritage Property,276 Wortley Rd, , , ,V,Wortley Village-Old South Heritage Conservation Distric,LSP3439321,277.25432674,76.3803440819652
11468,Designated Heritage Property,278 Wortley Rd, , , ,V,Wortley Village-Old South Heritage Conservation Distric,LSP3439321,248.65115248,73.9622899254809
11469,Designated Heritage Property,280 Wortley Rd, , , ,V,Wortley Village-Old South Heritage Conservation Distric,LSP3439321,378.16446138,98.9758930869395
11470,Listed Heritage Property,1875 Oxford St W, ,Kilbourne Cemetery, , , , ,1740.42236176,175.198107004181
11471,Listed Heritage Property,2275 Oxford St W, , , , , , ,2952.84734048,228.601645256823
11472,Listed Heritage Property,7091 Longwoods Rd,1860c,Jones Property,Georgian, , , ,730.12988744,133.214990125301
11473,Listed Heritage Property,3808 Colonel Talbot Rd,1860c, ,Ontario Farmhouse, , , ,33937.0797656,937.960018756046
11474,Designated Heritage Property,6092 Pack Rd,1900, ,Vernacular, , , ,9842.39354864,446.557416161682
11475,Listed Heritage Property,6295 Westminster Dr,1880, ,Italianate, , , ,539931.68502808,3723.14216798331
11476,Listed Heritage Property,4492 Colonel Talbot Rd,1860c, ,Ontario Farmhouse, , , ,799.55739712,119.674507802194
11477,Listed Heritage Property,4626 Colonel Talbot Rd,1870, ,Ontario Farmhouse, , , ,4189.58421464,262.457139453373
11478,Listed Heritage Property,1098 Commissioners Rd W,1880, ,Queen Anne, , , ,454.06772656,93.659064307959
11479,Listed Heritage Property,1352 Wharncliffe Rd S,1915c,Weldwood Farm,Vernacular, , , ,40458.7174788,1020.19709053239
11480,Listed Heritage Property,1040 Commissioners Rd W,1930c,The Hermitage Club,Vernacular, , , ,3028.57680648,240.679176939767
11481,Listed Heritage Property,6398-6414 Orr Dr,1840, ,Georgian, , , ,443250.34886816,4837.1058613492
11482,Listed Heritage Property,2417 Main St,1890c, ,Queen Anne, , , ,1200.72902208,159.645027177946
11483,Listed Heritage Property,4379 Colonel Talbot Rd,1870c, , , , , ,5161.80593744,374.882950095799
11484,Designated Heritage Property,4424 Colonel Talbot Rd,1890c, ,Vernacular,IV, ,LSP 3352160,924.86164096,139.372669726692
11485,Listed Heritage Property,3583 Westminster Dr,1865c, , , , , ,218755.24614744,3226.351251655
11486,Listed Heritage Property,8235 Longwoods Rd,1885, ,Eclectic, , , ,40225.0984536,828.984664016235
11487,Listed Heritage Property,2409-2411 Main St,1900c, ,Queen Anne, , , ,1200.72902208,159.645027177946
11488,Listed Heritage Property,7673 Westminster Dr,1875,Cuddy Farms,Italianate, , , ,311818.74448008,2248.24655754278
11489,Listed Heritage Property,6283 Colonel Talbot Rd,1840, ,Georgian, , , ,201895.22406128,2376.56237696987
11490,Listed Heritage Property,7062 Longwoods Rd,1890c, ,Vernacular, , , ,1044.9358156,144.151026761704
11491,Designated Heritage Property,362 Commissioners Rd W,1852,Brick Street Church,Regency,IV, ,LSP3028249,1459.14161504,181.705918079643
11493,Listed Heritage Property,4436 Scotland Dr,1870c, ,Ontario Cottage, , , ,262496.00727264,2152.72622832498
11495,Listed Heritage Property,4248 Glanworth Dr,1880, ,Eclectic, , , ,177303.902584,1917.41596243248
11496,Listed Heritage Property,4257 Colonel Talbot Rd,1900c, ,Vernacular, , , ,1099.22048224,149.220384866865
11497,Listed Heritage Property,2340 Main St,1860c, ,Georgian, , , ,4643.0287012,327.074906852152
11498,Listed Heritage Property,357 Southdale Rd E,1840c,Dr. Rhona Melville,Georgian, , , ,1361.6534916,147.869795375773
11499,Designated Heritage Property,4380 Colonel Talbot Rd,1861c,Westminster,Ontario Cottage,IV, ,LSP3196272,1028.86613648,142.55825305016
11500,Listed Heritage Property,2418 Main St,1900c, ,Queen Anne, , , ,873.34672824,129.092960760188
11501,Listed Heritage Property,4265 Colonel Talbot Rd,1895c, ,Vernacular, , , ,788.46945512,114.251276942296
11502,Listed Heritage Property,4441 Colonel Talbot Rd,1865c, , , , , ,816.60702264,130.981498788488
11503,Listed Heritage Property,5461 Colonel Talbot Rd,1860, ,Ontario Farmhouse, , , ,304681.8460996,3405.3127734331
11504,Listed Heritage Property,4428 Colonel Talbot Rd,1890c, ,Vernacular, , , ,1072.68560752,145.691128959459
11505,Listed Heritage Property,2403 Main St,1905c, ,Vernacular, , , ,1564.58986096,171.831695550673
11506,Listed Heritage Property,4067 Scotland Dr,1875c,Goose Property, , , , ,393054.83176168,2543.0982383964
11507,Listed Heritage Property,9 Broadway Ave,1925c, ,Tudor Revival, , , ,689.21979408,115.77510654336
11508,Listed Heritage Property,4335 Murray Rd,1870, ,Ontario Farmhouse, , , ,17492.170719125,582.1539206133
11509,Listed Heritage Property,378 Commissioners Rd W,1858, ,Ontario Cottage, , , ,2415.73963432,208.599338221968
11510,Listed Heritage Property,6188 Colonel Talbot Rd,1860, ,Ontario Cottage, , , ,178909.07198736,2324.48400824468
11511,Listed Heritage Property,5 Broadway Ave,1900c, ,Vernacular, , , ,689.20416952,115.774346819274
11512,Listed Heritage Property,2425 Main St,1910c, ,Vernacular, , , ,1400.24509072,166.327304666489
11513,Listed Heritage Property,545 Westmount Dr,1880, , , , , ,4342.8903776,281.460605749563
11514,Listed Heritage Property,1499 Westdel Brne,1865, ,Ontario Farmhouse, , , ,5116.52844312,300.009345626796
11515,Listed Heritage Property,4243 Colonel Talbot Rd,1905c, , , , , ,942.09912072,137.637226465525
11516,Listed Heritage Property,2531 Main St,1895c, ,Vernacular, , , ,1010.8355028,140.756662425258
11517,Listed Heritage Property,7056 Pack Rd,1875c,Cornell Meats,Vernacular, , , ,22911.08202208,663.063036238918
11518,Listed Heritage Property,3146 Westminster Dr,1875c, , , , , ,198110.23218376,1949.57906096749
11519,Listed Heritage Property,5011 Wellington Rd S,1840c, ,Regency, , , ,4803.86283464,333.755363543766
11520,Listed Heritage Property,4397 Colonel Talbot Rd,1900c, ,Vernacular, , , ,1003.23394672,151.091946227279
11521,Listed Heritage Property,3402 Glanworth Dr,1888, ,Vernacular, , , ,4047.31112312,281.789385720279
11522,Listed Heritage Property,3101 Westdel Brne,1858, ,Neo-classical, , , ,186807.9324672,1841.60906645445
11523,Listed Heritage Property,5371 Wellington Rd S,1865c, ,Ontario Cottage, , , ,22902.01452872,631.554540155443
11524,Listed Heritage Property,4059 Glanworth Dr,1890c, ,Vernacular, , , ,400158.607438155,2519.20725629795
11525,Listed Heritage Property,2501 Main St,1910c, ,Vernacular, , , ,740.72571792,110.289978771031
11526,Listed Heritage Property,7158 Wonderland Rd S,1840, ,Regency, , , ,328167.7372812,2305.76998246228
11527,Listed Heritage Property,634 Commissioners Rd W,1850, ,Georgian, , , ,4487.36842256,278.5316566325
11528,Listed Heritage Property,6602 White Oak Rd,1848, ,Regency, , , ,401193.765604285,2662.91754839566
11529,Listed Heritage Property,7101 Longwoods Rd,1900c, ,Vernacular, , , ,918.14369656,137.016486376111
11530,Listed Heritage Property,4346 Colonel Talbot Rd,1920c,Lambeth Library,Arts And Crafts, , , ,178.26522336,56.0727487930482
11531,Listed Heritage Property,7114 Longwoods Rd,1900c, ,Vernacular, , , ,2851.17777248,213.691835204139
11532,Listed Heritage Property,1158 Byron Baseline Rd,1890,St Francis Of Assisi,Queen Anne, , , ,1821.7743162,185.917045382097
11533,Listed Heritage Property,6983-6993 Colonel Talbot Rd,1855, ,Georgian, , , ,270007.93596008,3113.03034955952
11534,Listed Heritage Property,7 Broadway Ave,1900c, ,Vernacular, , , ,689.21918784,115.774851985482
11535,Listed Heritage Property,2197 Westdel Brne,1865c,Oetliker/hutton Prop,Ontario Farmhouse, , , ,195577.58452392,2493.30138729956
11536,Listed Heritage Property,3810-3814 Colonel Talbot Rd,1880c, ,Ontario Cottage, , , ,37165.486233215,973.527070100699
11537,Listed Heritage Property,4373 Colonel Talbot Rd,1905c, ,Queen Anne, , , ,1526.84489168,203.327458218443
11538,Listed Heritage Property,2574 Colonel Talbot Rd,1890,Green Property,Queen Anne, , , ,8047.42002112,491.434068559797
11539,Listed Heritage Property,5181 White Oak Rd,1875,United Church Of Canad,Gothic Revival, , , ,6493.97723176,326.348565505579
11540,Listed Heritage Property,4775 Westdel Brne,1875, ,Eclectic, , , ,443719.15290124,2636.84635281457
11541,Listed Heritage Property,4815 Colonel Talbot Rd,1870, ,Ontario Farmhouse, , , ,10016.3416256,455.232296045556
11542,Listed Heritage Property,3575 Dingman Dr,1870c, ,Gothic Revival, , , ,82666.8105656,1357.30810385323
11543,Listed Heritage Property,4617 Colonel Talbot Rd,1875, ,Italianate, , , ,4970.8159176,293.100846159205
11544,Listed Heritage Property,5825 Colonel Talbot Rd,1840c,North St United Cemetery, ,IV, , ,6006.67395072,310.151081906097
11545,Listed Heritage Property,2434 Main St,1880c, ,Vernacular, , , ,1391.75697456,233.756062142602
11546,Listed Heritage Property,4394 Colonel Talbot Rd,1900c, ,Queen Anne, , , ,1024.66577376,142.139309883062
11547,Listed Heritage Property,7002 Colonel Talbot Rd,1860, ,Ontario Farmhouse, , , ,440991.09299312,4488.24331170721
11548,Listed Heritage Property,2324 Main St,1900c, ,Vernacular, , , ,1655.31649552,240.659489223401
11549,Listed Heritage Property,4509 Colonel Talbot Rd,1870c, ,Ontario Farmhouse, , , ,1501.33463168,159.499424488887
11550,Designated Heritage Property,3303 Westdel Brne,1877, ,Italianate,IV, , LSP3490112,182720.70842656,2217.63205112214
11551,Listed Heritage Property,5075 Westdel Brne,1858, ,Neo-classical, , , ,132876.39617024,1830.89111586465
11552,Listed Heritage Property,3544 Dingman Dr,1870c, ,Ontario Farmhouse, , , ,57068.28205094,1069.25354502691
11553,Listed Heritage Property,4307 Colonel Talbot Rd,1863,Trinity Angl. Church,Gothic Revival, , , ,5219.43270584,323.933754437541
11554,Designated Heritage Property,5190 Colonel Talbot Rd,1817,Scottsville Cemetery, ,IV, ,LSP333425,5107.07969304,294.552568455981
11555,Listed Heritage Property,4598 Murray Rd,1880, ,Italianate, , , ,140889.30108208,1507.64196320395
11556,Designated Heritage Property,3551 Colonel Talbot Rd, , , ,IV, ,LSP338965,36.07577448,24.1449111837278
11557,Listed Heritage Property,4267 Manning Dr,1865, ,Gothic Revival, , , ,367929.72431944,2428.44396433489
11558,Listed Heritage Property,3565 Westdel Brne,1855c, , , , , ,466359.95227944,3297.58405275578
11559,Listed Heritage Property,6694-6700 Burtwistle Lane,1890, ,Eclectic, , , ,1782.522634,170.274081409544
11560,Designated Heritage Property,3378 Homewood Lane,1875, ,Ontario Farmhouse,IV, ,3429167,42937.9370244,891.504225492137
11561,Listed Heritage Property,2527 Main St,1865c,Lambeth Glass&mirror,Georgian, , , ,1010.84631264,140.757167983685
11562,Listed Heritage Property,3699 Dingman Dr,1850c, ,Georgian, , , ,299733.531558205,2346.66929809981
11563,Listed Heritage Property,3087 Colonel Talbot Rd,1870c, ,Italianate, , , ,359590.71279864,4023.23078632705
11564,Listed Heritage Property,2350 Main St,1900c, ,Vernacular, , , ,1543.1524336,164.519917755573
11565,Listed Heritage Property,4249 Colonel Talbot Rd,1905c, ,Vernacular, , , ,736.64183464,119.994342805463
11566,Listed Heritage Property,2446 Main St,1900c, ,Queen Anne, , , ,1322.58235616,232.313807017964
11567,Listed Heritage Property,2420 Westdel Brne,1870c,Alloway Lodge, , , , ,163773.85343464,1625.13420331642
11568,Listed Heritage Property,4348 Mcdougall Close,1870, , , , , ,208348.93384224,1990.23296774417
11569,Listed Heritage Property,7038 Longwoods Rd,1895, ,Vernacular, , , ,1192.85746736,164.117562780059
11570,Listed Heritage Property,9071 Longwoods Rd,1890c, ,Vernacular, , , ,226235.586168505,2057.91913812763
11571,Listed Heritage Property,218 Commissioners Rd W,1870, ,Ontario Cottage, , , ,1772.32837064,181.616910737413
11572,Designated Heritage Property,4402 Colonel Talbot Rd,1925,M.b. Mceacheren P.s.,Collegiate Gothic,IV, ,LSP347120,18514.55640984,706.629733466492
11573,Listed Heritage Property,4442 Colonel Talbot Rd,1860, ,Ontario Cottage, , , ,2430.23884872,233.095375334445
11575,Listed Heritage Property,2373 Main St,1900c, ,Vernacular, , , ,1286.50019944,168.175844236227
11576,Listed Heritage Property,3836 Colonel Talbot Rd,1875c, ,Vernacular, , , ,18398.05734528,714.995118033914
11577,Listed Heritage Property,3487 Westdel Brne,1870c, ,Gothic Revival, , , ,136894.71656856,2398.73881983027
11578,Listed Heritage Property,2457 Main St,1870c, ,Gothic Revival, , , ,1148.65918552,146.239801590879
11579,Listed Heritage Property,4651 Murray Rd,1870, ,Ontario Farmhouse, , , ,404890.345446,2838.42126558458
11580,Listed Heritage Property,550 Westmount Dr,1880, ,Italianate, , , ,2594.55237592,207.072874846154
11581,Listed Heritage Property,4429 Colonel Talbot Rd,1880c,Eastview,Eclectic, , , ,2607.75843952,247.052847725994
11582,Listed Heritage Property,4594 White Oak Rd,1850, ,Georgian, , , ,175789.926597285,1808.45983924413
11583,Listed Heritage Property,2478 Main St,1900c, ,Vernacular, , , ,1159.78497072,164.214900949604
11584,Listed Heritage Property,5435 White Oak Rd,1850, ,Georgian, , , ,40740.45877808,1011.69684117408
11585,Listed Heritage Property,6818-6820 Colonel Talbot Rd,1870, ,Italianate, , , ,308693.59417976,3406.55127149786
11586,Listed Heritage Property,3424 Glanworth Dr,1887,Christ Ch/cemetery,Gothic Revival, , , ,24283.72727864,684.344069680544
11587,Designated Heritage Property,370 Commissioners Rd W,1850,Brick Cemetery, ,IV, ,LSP3236478,4489.7815624,267.996280315483
11588,Listed Heritage Property,4009 Colonel Talbot Rd, , , , , , ,12130.19203224,530.320806517206
11589,Listed Heritage Property,792 Commissioners Rd W,c1865, ,Ontario Cottage, , , ,1080.4545996,167.204795384365
11590,Listed Heritage Property,3691 Manning Dr,c1875, ,Farmhouse Vernacular, , , ,96581.595236,1529.95297022306
11591,Listed Heritage Property,5751 Wellington Rd S ,1882, ,Farmhouse Vernacular, , , ,40401.72153792,804.421316909665
11592,Listed Heritage Property,4860 White Oak Rd, , , , , , ,145467.610097645,1674.41927493153
11593,Listed Heritage Property,6100 White Oak Rd, , , , , , ,233212.1032436,2490.60944094462
11594,Listed Heritage Property,3207 Woodhull Rd, , , , , , ,287052.80881784,2282.96740953865
11595,Designated Heritage Property,581 Waterloo St, , , ,V,West Woodfield Heritage Conservation District,LSP3400254,554.05594202,108.929801673306
11596,Listed Heritage Property,"930 Gainsborough Rd, 499 Sophia Cres", , , , , , ,11999.629276675,562.180179005902
11597,Listed Heritage Property,895 Sarnia Rd,1865,Bridge, , , , ,417.739021265,103.393373319862
11598,Listed Heritage Property,765 Talbot St, ,Talbot St Rail Underpass, , , , ,490.63920009,88.997008104967
11599,Designated Heritage Property,2 Blackfriars St,1875,Blackfriars Bridge, ,IV And V,Blackfriars-Petersville Heritage Conservation District,LSP3437179,58.461359215,30.6182573092214
11600,Designated Heritage Property,2 Riverside Dr, ,Kensington Bridge, ,V,Downtown Heritage Conservation District,LSP3419124,335.490231065,73.2885906138426
11601,Listed Heritage Property,295 Thames St,1889c,Thames St Rail Underpass, , , , ,241.66159042,64.1811785324845
11602,Designated Heritage Property,Road Allowance, , , ,V,Blackfriars-Petersville Heritage Conservation District,LSP3437179,95957.75222134,12509.9481336053
11603,Designated Heritage Property,Road Allowance, , , ,V,Wortley Village-Old South Heritage Conservation Distric,LSP3439321,174408.149485805,18228.2271166682
11604,Designated Heritage Property,Easment, , , ,V,Wortley Village-Old South Heritage Conservation Distric,LSP3439321,115.627548995,81.6097925041405
11605,Designated Heritage Property,Easement, , , ,V,Wortley Village-Old South Heritage Conservation Distric,LSP3439321,544.82991008,239.564151644574
11606,Designated Heritage Property,Road Allowance, , , ,V,Wortley Village-Old South Heritage Conservation Distric,LSP3439321,2614.53686798,501.069206580734
11607,Designated Heritage Property,Easement, , , ,V,LSP3439321, ,311.6379979,211.543263503488
11608,Designated Heritage Property,Road Allowance, , , ,V,Bishop Hellmuth Heritage Conservation District,LSP3333305,67489.705928965,4002.46363310769
11609,Designated Heritage Property,Easement, , , ,V,Bishop Hellmuth Heritage Conservation District,LSP3333305,348.13801132,126.084150489632
11610,Designated Heritage Property,Road Allowance, , , ,V,Old East Heritage Conservation District,LSP3383111,125738.978961685,12536.3960160332
11611,Designated Heritage Property,, , , ,V,East Woodfield Heritage Conservation District,LSP317968,50910.937422215,3642.62711049018
11612,Designated Heritage Property,Road Allowance, , , ,V,West Woodfield Heritage Conservation District,LSP3400254,2049.1898935,257.605284894371
11613,Designated Heritage Property,Easement, , , ,V,West Woodfield Heritage Conservation District,LSP3400254,477.55931492,237.246215298183
11614,Designated Heritage Property,Road Allowance, , , ,V,West Woodfield Heritage Conservation District,LSP3400254,227208.565423635,15194.9189655228
11615,Designated Heritage Property,335 Thames St, ,King Street Bridge, ,IV And V,Downtown Heritage Conservation District,LSP3419124,445.65446568,84.4683433565545
11616,Designated Heritage Property,Road Allowance, , , ,V,Downtown Heritage Conservation District,LSP3419124,188185.229124035,17172.5973231465
11617,Designated Heritage Property,391 South St,,Colborne Building,,IV,,LSP347019,30767.82226112,724.371890891671
11618,Listed Heritage Property,"251, 251B, and 251C Sydenham St",,,,,,,1410.52369248,159.628757387652
11619,Listed Heritage Property,432 Rectory St,,,,,,,352.61459736,78.6420461638164
11620,Listed Heritage Property,306 Simcoe St,,,,,,,254.36617344,78.0422905549318
11621,Listed Heritage Property,397 Wortley Rd,,,,,,,1567.7245688,202.082519228178
11622,Listed Heritage Property,399 Wortley Rd,,,,,,,1280.8001696,198.967601629153
11623,Listed Heritage Property,418 Ashland Ave,,,,,,,503.91331576,100.624236003555
11624,Listed Heritage Property,416 Ashland Ave,,,,,,,448.31480104,97.6196612994181
11625,Listed Heritage Property,414 Ashland Ave,,,,,,,445.00202984,97.4801328147897
11626,Listed Heritage Property,741-779 Baseline Rd E,,,,,,,310630.648665935,2590.80779058722
11627,Listed Heritage Property,"208 Central Ave, includes 605-607 Richmo",,ex-funeral home,,,,,507.1155,103.596829468105
11628,Listed Heritage Property,"205 Central Ave, includes 599-601 Richmo",,,,,,,1095.08286592,165.770447542433
11629,Listed Heritage Property,"386 Colborne St, includes 412 King",,,,,,,710.62833952,134.407012067599
11630,Listed Heritage Property,1 Colgrove Pl,,,,,,,261.1083496,67.2132323431239
11631,Listed Heritage Property,"200 College Ave, includes 21 Grosvenor",,Mt Hope Centre,,,,,13672.25900608,480.752949886996
11632,Listed Heritage Property,1250 Dundas St,,formerly Sir Adam Beck Coll,,,,,53824.26920424,979.028795771373
11633,Listed Heritage Property,1062-1066 Dundas St,,,,,,,489.32573904,94.5449190389182
11634,Listed Heritage Property,1239-1251 Dundas St,,St Patrick's RC Church,,,,,4817.93831512,294.125011885199
11635,Listed Heritage Property,1152 Dundas St,,Ruggles Truck Company 1920,,,,,7768.7774532,480.522085201359
11636,Listed Heritage Property,1120 Dundas St,,former Superfest service st,,,,,1433.31209656,152.555997723582
11637,Listed Heritage Property,1340 Dundas St,,former Salvation Army orpha,,,,,35251.00662827,754.385143900005
11638,Listed Heritage Property,1260 Dundas St,,Consell Scolaire Viamonde S,,,,,27775.72566384,745.360296123887
11639,Listed Heritage Property,1224 Dundas St,,,,,,,372.2270724,91.1567505253448
11640,Listed Heritage Property,1230 Dundas St,,,,,,,371.06523784,90.93908867388
11641,Listed Heritage Property,1226 Dundas St,,,,,,,371.82338304,91.0833361096457
11642,Listed Heritage Property,1232 Dundas St,,,,,,,370.67505088,90.8661877674924
11643,Listed Heritage Property,1240 Dundas St,,,,,,,370.28960688,90.7935744154014
11644,Listed Heritage Property,1228 Dundas St,,,,,,,371.45067688,91.0117020259752
11645,Listed Heritage Property,1242 Dundas St,,,,,,,382.86479224,96.8135841519564
11646,Listed Heritage Property,1244 Dundas St,,,,,,,402.1514808,96.7516126667134
11647,Listed Heritage Property,1140 Dundas St,,,,,,,1935.59363432,186.433489221663
11648,Listed Heritage Property,"998 Dundas St, includes 422-424 Woodman",,,,,,,240.24706624,76.7446091883781
11649,Listed Heritage Property,1010-1018 Dundas St,,,,,,,1382.71407392,152.354016801006
11650,Listed Heritage Property,876 Dundas St,,,,,,,188.03624288,73.1227234461539
11651,Listed Heritage Property,1287 Dundas St,,,,,,,950.19676536,139.210653717785
11652,Listed Heritage Property,1285 Dundas St,,,,,,,634.26505448,126.8025926959
11653,Listed Heritage Property,1295 Dundas St,,,,,,,508.04197872,121.876125868132
11654,Listed Heritage Property,1279-1281 Dundas St,,,,,,,572.35801056,124.366336170285
11655,Listed Heritage Property,1291 Dundas St,,,,,,,950.31583792,139.223932413867
11656,Listed Heritage Property,1205 Dundas St,,,,,,,649.90525024,113.782884776584
11658,Listed Heritage Property,1223 Dundas St,,,,,,,544.04538184,123.245226610516
11659,Listed Heritage Property,1233 Dundas St,,,,,,,496.19545864,108.568574539742
11660,Listed Heritage Property,1225 Dundas St,,,,,,,634.54564992,140.193779264999
11661,Listed Heritage Property,1229 Dundas St,,,,,,,607.41589152,113.785787999788
11662,Listed Heritage Property,1153-1155 Dundas St,,,,,,,6319.81344544,328.44304014951
11664,Listed Heritage Property,865 Dundas St,,,,,,,1015.7172964,164.522271116277
11665,Listed Heritage Property,857-859 Dundas St,,,,,,,1020.162936,164.663679300457
11666,Listed Heritage Property,1042 Dundas St,,,,,,,572.85344032,116.190928995281
11667,Listed Heritage Property,1048 Dundas St,,,,,,,236.52063744,77.4291507761293
11668,Listed Heritage Property,980 Dundas St,,,,,,,377.23657504,82.4814234626662
11669,Listed Heritage Property,1070 Waterloo St,1925,London Diocesan Centre,Collegiate Gothic,IV, ,LSP3319198,5001.8119916,286.555520904979
11670,Designated Heritage Property,"1040-1070 Waterloo St, 1071 Colborne St",1925,St. Peter's Sem/hse,Collegiate Gothic,IV, ,LSP3319198,62111.53497397,1244.80178574837
11671,Listed Heritage Property,East end of UWO includiing bridge,,,,,,,132127.74273409,3326.62638040739
11672,Listed Heritage Property,1050 Dundas St,,,,,,,235.50441856,77.3013631328986
11673,Listed Heritage Property,1044 Dundas St,,,,,,,248.0260216,83.9007444548575
11674,Listed Heritage Property,984 Dundas St,,,,,,,168.05446736,67.1667338044498
11675,Listed Heritage Property,1068 Dundas St,,,,,,,662.68628368,119.205772754508
11676,Listed Heritage Property,982 Dundas St,,,,,,,157.92299464,66.4536864176137
11677,Listed Heritage Property,1030 Dundas St,,,,,,,524.03391784,98.7434565401725
11678,Listed Heritage Property,1038 Dundas St,,,,,,,431.38041744,109.948805297228
11679,Listed Heritage Property,1046 Dundas St,,,,,,,236.82574776,77.5121597270158
11680,Listed Heritage Property,1034-1036 Dundas St,,,,,,,835.01733904,135.148630820607
11681,Listed Heritage Property,880-880/ Dundas St,,,,,,,297.55804424,80.3111560053789
11682,Listed Heritage Property,976 Dundas St,1927,Curry Foods,,,,,194.835148,69.30401152769
11683,Listed Heritage Property,900-908 Dundas St,,,,,,,1192.684124,146.135043029018
11684,Listed Heritage Property,1277 Dundas St,,,,,,,693.3996688,129.11172771468
11685,Listed Heritage Property,1273 Dundas St,,,,,,,872.51534064,136.136327540291
11686,Listed Heritage Property,1269 Dundas St,,,,,,,401.77364608,97.8006065607723
11687,Listed Heritage Property,992 Dundas St,,,,,,,158.52675928,69.4312138519662
11688,Listed Heritage Property,884-890 Dundas St,,,,,,,600.2054332,116.014300697061
11689,Listed Heritage Property,892-898 Dundas St,,,,,,,593.6322976,115.568940086431
11690,Listed Heritage Property,"874 Dundas St, includes 420 Ontario",,,,,,,362.68736824,134.191822606125
11691,Listed Heritage Property,"49-55 Foxbar Rd, includes 243 Wellington",,,,,,,5639.890172415,363.613828484921
11692,Listed Heritage Property,36 Frank Pl,,,,,,,360.346649125,95.6125194727696
11693,Listed Heritage Property,"6 Front St, includes 1 High St",,,,,,,3870.61270728,252.884324412738
11694,Listed Heritage Property,162 Grand Ave,,,,,,,721.30515992,106.217708412035
11695,Listed Heritage Property,955 Highbury Ave N,,,,,,,22510.16251312,812.70344395501
11696,Listed Heritage Property,951 Highbury Ave N,,Private military quarters,,,,,38956.23805944,801.201115362931
11697,Listed Heritage Property,847 Highbury Ave N,,Wolsely Barracks,,,,,203848.743090095,2382.59731370958
11698,Listed Heritage Property,240 Huron St,,,,,,,424.50153216,83.2129648332165
11699,Listed Heritage Property,243 Huron St,,,,,,,376.1681072,82.3009647236432
11701,Listed Heritage Property,3 Kennon Pl,,,,,,,251.63212304,70.1348005990117
11702,Listed Heritage Property,2 Kennon Pl,,,,,,,251.76108424,70.1612639428609
11703,Listed Heritage Property,774 King St,,,,,,,502.85067048,119.292014666992
11704,Listed Heritage Property,762 King St,,,,,,,494.00178432,118.768907632028
11705,Listed Heritage Property,786 King St,,,,,,,441.38386992,117.077799675917
11706,Listed Heritage Property,764 King St,,,,,,,494.59462048,118.866957023916
11707,Listed Heritage Property,790 King St,,,,,,,484.4751592,118.874354567697
11708,Listed Heritage Property,768 King St,,,,,,,487.27556568,118.626884250083
11709,Listed Heritage Property,796 King St,,,,,,,241.267978,69.9609160690263
11710,Listed Heritage Property,794 King St,,,,,,,325.22621496,86.0979308129379
11711,Listed Heritage Property,689 King St,,,,,,,417.67578,104.015973676282
11712,Listed Heritage Property,711-715 King St,,,,,,,1029.97885304,133.176662606591
11713,Listed Heritage Property,721 King St,,,,,,,512.10542432,108.524623684972
11714,Listed Heritage Property,757 King St,,,,,,,185.57452416,60.4768175892693
11715,Listed Heritage Property,765 King St,,,,,,,434.12748016,105.777766884452
11716,Listed Heritage Property,769 King St,,,,,,,521.32670256,109.980758898201
11717,Listed Heritage Property,763 King St,,,,,,,722.41531672,123.309884852834
11718,Listed Heritage Property,1158 Richmond St,,Gates east side of Richmond,,,,,948.04810672,168.33976431106
11719,Listed Heritage Property,723 King St,,,,,,,512.9498424,108.560046567396
11720,Listed Heritage Property,773 King St,,,,,,,345.18335904,101.701440317525
11721,Listed Heritage Property,771 King St,,,,,,,345.27788128,101.720980890711
11722,Listed Heritage Property,629-631 King St,,,,,,,657.10201432,111.869955076703
11723,Listed Heritage Property,478 King St,,,,,,,582.0633914,107.836952607381
11724,Listed Heritage Property,413 King St,,,,,,,327.360302,92.0694392364097
11725,Listed Heritage Property,454 King St,,,,,,,432.98148576,91.5088543342776
11726,Listed Heritage Property,414 King St,,,,,,,374.51095464,82.5593729819537
11727,Listed Heritage Property,466 King St,,,,,,,450.13131072,86.518529610704
11728,Listed Heritage Property,579-583 King St ,,,,,,,1453.22442416,169.065909217134
11729,Listed Heritage Property,371 King St,,,,,,,2931.67071144,218.113792240407
11730,Listed Heritage Property,430 King St ,,,,,,,2012.08008664,182.320589677127
11731,Listed Heritage Property,347 Lyle St,,St Mary School,,,,,7265.60078256,380.446554443257
11732,Listed Heritage Property,119 McClary Ave,,,,,,,520.65255808,109.817539148318
11733,Listed Heritage Property,121 Mount Pleasant Ave,,,,,,,683.40011768,124.089219589852
11734,Listed Heritage Property,"396-398 Oakland Ave, 1265-1267 Dundas St",,,,,,,373.03934688,96.3014013538793
11735,Listed Heritage Property,284 Oxford St W,,formerly Oxford Park School,,,,,38693.5824268,994.037543462216
11737,Listed Heritage Property,1368 Oxford St E,,,,,,,1206.14392656,139.539882284693
11738,Listed Heritage Property,1232 Oxford St E,,Private military quarters,,,,,966.796408,135.299548622504
11739,Listed Heritage Property,127 Oxford St W,,,,,,,434.0091696,96.8306460109623
11740,Listed Heritage Property,101 Oxford St W,,,,,,,890.27133804,170.569158964117
11741,Listed Heritage Property,107 Oxford St W,,,,,,,370.5191186,93.4423300395918
11742,Listed Heritage Property,105 Oxford St W,,,,,,,446.5457621,97.6712592301716
11743,Listed Heritage Property,103 Oxford St W,,,,,,,447.26170742,97.7905007883825
11744,Listed Heritage Property,99 Oxford St W,,,,,,,865.80035664,169.595407982192
11745,Listed Heritage Property,156 Oxford St W,,,,,,,1517.90141768,231.108630182318
11746,Listed Heritage Property,154 Oxford St W,,,,,,,1424.2363372,229.215395393867
11747,Listed Heritage Property,152 Oxford St W,,,,,,,1684.38426472,245.490167124946
11748,Listed Heritage Property,1376 Oxford St E,,Private military quarters,,,,,780.39497552,137.332590620795
11749,Listed Heritage Property,1226 Oxford St E,,Private military quarters,,,,,1167.69190184,183.784300781293
11750,Listed Heritage Property,1228 Oxford St E,,Private military quarters,,,,,451.54092672,87.6587188741141
11751,Listed Heritage Property,1220 Oxford St E,,Private military quarters,,,,,1046.12615288,170.013744324094
11752,Listed Heritage Property,1224 Oxford St E,,Private military quarters,,,,,1067.45529696,170.622873605681
11753,Listed Heritage Property,1222 Oxford St E,,Private military quarters,,,,,1067.45466184,170.622695656398
11754,Listed Heritage Property,1218 Oxford St E,,,,,,,1044.82397472,169.976766682089
11755,Listed Heritage Property,1230 Oxford St E,,,,,,,2347.56563872,243.5434060817
11756,Listed Heritage Property,228 Oxford St E,,,,,,,592.03342544,100.576298256978
11757,Listed Heritage Property,91 Oxford St W,,,,,,,1054.14356056,173.223033804479
11758,Listed Heritage Property,87 Oxford St W,,,,,,,481.28767274,156.011848094201
11759,Listed Heritage Property,89 Oxford St W,,,,,,,584.57058866,159.40624112831
11760,Listed Heritage Property,93 Oxford St W,,,,,,,1014.5689054,172.982570930982
11761,Listed Heritage Property,151 Oxford St W,,London Muslim Mosque,,,,,1891.00232976,188.20320422434
11762,Listed Heritage Property,250 Paardeberg Cres,,Private military quarters,,,,,600.20663825,112.457155807025
11763,Listed Heritage Property,246 Paardeberg Cres,,Private military quarters,,,,,856.469134385,143.204600219114
11764,Listed Heritage Property,252 Paardeberg Cres,,Private military quarters,,,,,455.88621465,98.7530731680244
11765,Listed Heritage Property,56 Palmer St,,,,,,,219.65512944,64.0051138529883
11766,Listed Heritage Property,665 Proudfoot Lane,,Or Shalom Cemetery,,,,,10826.24284296,417.001600789249
11767,Listed Heritage Property,14 Raywood Ave,,,,,,,389.04807152,94.4891043479501
11768,Listed Heritage Property,12 Raywood Ave,,,,,,,389.20431104,94.5199583127785
11769,Listed Heritage Property,10 Raywood Ave,,,,,,,389.39083176,94.5523444230828
11770,Listed Heritage Property,1103 Richmond St,,suspected toll house,,,,,457.11797128,87.4700633399019
11771,Listed Heritage Property,1035 Richmond St,,Built between 1926-1929,,,,,606.30572824,110.078947801138
11772,Listed Heritage Property,1049 Richmond St,1917c,,,,,,211.95540416,65.6110949700763
11773,Listed Heritage Property,759 Richmond St,1905c,,Queen Anne Revival,,,,555.41449656,115.545409084532
11774,Listed Heritage Property,781 Richmond St,,"IBM, Cornerstone",,,,,874.1602576,152.209576062684
11775,Listed Heritage Property,1080 Richmond St,,Miles Variety,,,,,374.77545728,79.7601955753645
11776,Listed Heritage Property,1160 Richmond St,,Schovaloff Villa,,,,,609.19964976,118.904567813346
11777,Listed Heritage Property,1156 Richmond St,,adjacent to brick gates,,,,,479.7145128,98.4025083383726
11778,Listed Heritage Property,1142 Richmond St,,,,,,,904.82493376,166.119801610583
11779,Listed Heritage Property,1140 Richmond St,,,,,,,1367.45199848,180.382254523976
11780,Listed Heritage Property,1144 Richmond St,,,,,,,832.49741136,164.254253680654
11781,Listed Heritage Property,1150 Richmond St,,,,,,,1437.07370904,181.684537883646
11782,Listed Heritage Property,1114 Richmond St,,Berg Family Chabad House,,,,,1271.10908016,150.251552913877
11783,Listed Heritage Property,1110 Richmond St,,LPL: Toll Gate on the Proof,,,,,332.5786152,76.962340130673
11784,Listed Heritage Property,744 Richmond St,,,,,,,329.34599472,96.5324945824548
11785,Listed Heritage Property,746 Richmond St,,,,,,,316.87733968,95.8562581992458
11786,Listed Heritage Property,724 Richmond St,,,,,,,365.2015992,76.4416974251454
11787,Listed Heritage Property,742 Richmond St,,,,,,,429.18752056,101.572187662505
11788,Listed Heritage Property,740 Richmond St,,,,,,,415.20392816,100.933030434527
11789,Listed Heritage Property,736 Richmond St,,,,,,,141.09100096,52.886375958199
11790,Listed Heritage Property,1129 Richmond St,,,,,,,488.41725862,104.945330721559
11791,Listed Heritage Property,1131 Richmond St,,,,,,,441.06577888,97.258641652409
11792,Listed Heritage Property,1111 Richmond St,,,,,,,449.29672688,110.436820005131
11793,Listed Heritage Property,1123 Richmond St,,,,,,,310.8597696,81.4069976720742
11794,Listed Heritage Property,1109 Richmond St,,,,,,,426.21741408,96.561732801807
11795,Listed Heritage Property,1113 Richmond St,,,,,,,363.13883312,92.8251145424513
11796,Listed Heritage Property,1137 Richmond St,,,,,,,1319.47973616,199.543675076461
11797,Listed Heritage Property,1121 Richmond St,,,,,,,304.63018665,85.3089117371115
11798,Listed Heritage Property,1135 Richmond St,,,,,,,1171.969282375,180.932519437831
11799,Listed Heritage Property,1084 Richmond St,,,,,,,451.3283956,92.4373090339226
11800,Listed Heritage Property,1094 Richmond St,,,,,,,593.51338896,109.992142668766
11801,Listed Heritage Property,1090 Richmond St,,,,,,,616.52164008,141.077925098063
11802,Listed Heritage Property,1088 Richmond St,,,,,,,768.77594192,146.042417436027
11803,Listed Heritage Property,1086 Richmond St,,,,,,,431.5867004,91.2012573642147
11804,Listed Heritage Property,1092 Richmond St,,,,,,,1140.7127408,158.565643010818
11805,Listed Heritage Property,1096 Richmond St,,,,,,,354.98934624,80.7645183016571
11806,Listed Heritage Property,1074 Richmond St,,,,,,,376.6104108,79.9121512075136
11807,Listed Heritage Property,1082 Richmond St,,,,,,,413.45207648,90.0949584390238
11808,Listed Heritage Property,1070 Richmond St,,,,,,,460.88730248,116.487705214135
11809,Listed Heritage Property,1072 Richmond St,,,,,,,564.89906352,120.74604294555
11810,Listed Heritage Property,1068 Richmond St,,,,,,,477.21274704,117.161328170272
11811,Listed Heritage Property,1066 Richmond St,,,,,,,321.57694632,78.7087502273713
11812,Listed Heritage Property,1054 Richmond St,,,,,,,210.74396928,59.935581636584
11813,Listed Heritage Property,1000 Richmond St,,,,,,,1290.8126552,148.474614718215
11814,Listed Heritage Property,994 Richmond St,,,,,,,968.44365728,174.049093247872
11815,Listed Heritage Property,996 Richmond St,,,,,,,571.97732984,117.60577854083
11816,Listed Heritage Property,988 Richmond St,,,,,,,877.49169,171.46874020839
11817,Listed Heritage Property,992 Richmond St,,,,,,,1125.55308632,178.241864630285
11818,Listed Heritage Property,966 Richmond St,,,,,,,1122.68832064,177.864195648221
11819,Listed Heritage Property,980 Richmond St,,,,,,,1224.1572292,182.311215726116
11820,Listed Heritage Property,956 Richmond St,,,,,,,441.278732,98.0402815939805
11821,Listed Heritage Property,958 Richmond St,,,,,,,339.15715504,92.4948174772819
11822,Listed Heritage Property,954 Richmond St,,,,,,,377.03987072,94.6271218108084
11823,Listed Heritage Property,860 Richmond St,,,,,,,564.80308912,102.239709107226
11824,Listed Heritage Property,862 Richmond St,,,,,,,571.64403488,102.315199196913
11825,Listed Heritage Property,848 Richmond St,,,,,,,419.87173808,92.8193505955607
11826,Listed Heritage Property,854 Richmond St,,,,,,,619.89603936,104.388904828914
11827,Listed Heritage Property,846 Richmond St,,,,,,,516.21019616,98.4729733462324
11828,Listed Heritage Property,782 Richmond St,,,,,,,423.02403496,117.471696580938
11829,Listed Heritage Property,1609 Richmond St,,,,,,,1348.87783304,163.632376454931
11830,Listed Heritage Property,1521 Richmond St,,,,,,,963.05019576,145.010214942472
11831,Listed Heritage Property,1515 Richmond St,,,,,,,680.00424096,114.266084122707
11832,Listed Heritage Property,1517 Richmond St,,,,,,,1140.1362376,164.700609766429
11833,Listed Heritage Property,1507 Richmond St,,,,,,,881.84150304,129.158326289235
11834,Listed Heritage Property,1163 Richmond St,,,,,,,1442.20146544,167.404929209561
11835,Listed Heritage Property,1085 Richmond St,,,,,,,421.0079676,95.8554891878662
11836,Listed Heritage Property,1087 Richmond St,,,,,,,481.95274448,99.2090516873117
11837,Listed Heritage Property,1093 Richmond St,,,,,,,749.53703032,169.123150261008
11838,Listed Heritage Property,1079 Richmond St,,,,,,,462.2903324,100.263466935856
11839,Listed Heritage Property,1073 Richmond St,,,,,,,461.73536496,100.173579389505
11840,Listed Heritage Property,1077 Richmond St,,,,,,,462.11322464,100.234112751909
11841,Listed Heritage Property,1071 Richmond St,,,,,,,576.93295704,106.23195930338
11842,Listed Heritage Property,1075 Richmond St,,,,,,,461.93001568,100.204244224415
11843,Listed Heritage Property,1051 Richmond St,,,,,,,193.52828344,64.082628046704
11844,Listed Heritage Property,925 Richmond St,1904c,,,,,,607.4728412,109.643852907977
11845,Listed Heritage Property,897 Richmond St,1926c,Tudor Revival,,,,,433.7429112,100.914233794904
11846,Listed Heritage Property,761 Richmond St,1910c,,,,,,881.61659136,129.855962972476
11847,Listed Heritage Property,739 Richmond St,,,,,,,383.73086024,95.4984559007014
11848,Listed Heritage Property,735 Richmond St,,,,,,,279.40271008,89.9001223391794
11849,Listed Heritage Property,713 Richmond St,,,,,,,164.25198472,59.9879889186801
11850,Listed Heritage Property,733 Richmond St,,,,,,,216.30036456,86.5265242953153
11851,Listed Heritage Property,715-717 Richmond St,,,,,,,3559.9475216,366.638361486652
11852,Listed Heritage Property,711 Richmond St,,,,,,,178.59539664,61.2234349575817
11853,Listed Heritage Property,649 Richmond St,,,,,,,1449.9741992,211.199709243566
11854,Listed Heritage Property,645 Richmond St,,,,,,,393.90069056,82.130486633236
11855,Listed Heritage Property,642 Richmond St ,,,,,,,215.39731088,71.7927733730692
11856,Listed Heritage Property,644 Richmond St ,,,,,,,241.1974816,81.3598815488935
11857,Listed Heritage Property,646 Richmond St ,,,,,,,239.3088856,81.2388740939176
11858,Listed Heritage Property,609 Richmond St,1890c,,,,,,87.1289477,62.7163206027192
11859,Listed Heritage Property,907 Richmond St ,,,,,,,81.76819224,37.7925529934954
11860,Listed Heritage Property,905 Richmond St ,,,,,,,81.76931808,37.7927809089206
11861,Listed Heritage Property,1069 Richmond St,,,,,,,463.60367544,87.2916399999938
11862,Listed Heritage Property,1081 Richmond St,,,,,,,273.53677496,69.530007920186
11863,Listed Heritage Property,250 Sydenham St,,Lord Sydenham Condo,,,,,8534.90819152,369.557797796365
11864,Listed Heritage Property,1134 The Parkway,,,,,,,731.885774,118.079032941504
11865,Listed Heritage Property,1129 The Parkway,,,,,,,1532.11303855,168.74053745019
11866,Listed Heritage Property,362 Waterloo St,,,,,,,1070.85282224,135.324461973057
11867,Listed Heritage Property,355 Wellington St,1960,First enclosed mall in can,,,,,19444.7788197,576.268160782019
11868,Listed Heritage Property,193-199 Wellington St,,,,,,,825.489334,116.461783367351
11870,Listed Heritage Property,30 Wellington Rd,,,,,,,416.42023896,102.665654904517
11873,Listed Heritage Property,26 Wellington Rd,,,,,,,417.10119392,102.239388532071
11875,Listed Heritage Property,28 Wellington Rd,,,,,,,420.98710528,102.632305253647
11877,Listed Heritage Property,88 Wellington Rd,,,,,,,560.86029264,117.545050483368
11878,Listed Heritage Property,92 Wellington Rd,,,,,,,495.9187704,111.610928960783
11892,Listed Heritage Property,266 Wellington Rd,,,,,,,437.3916772,100.273234305705
11893,Listed Heritage Property,268 Wellington Rd,,,,,,,472.95431296,102.120038204415
11894,Listed Heritage Property,292 Wellington Rd,,,,,,,396.40285208,95.8051349065207
11895,Listed Heritage Property,298 Wellington Rd,,,,,,,451.96675632,98.6971404659538
11896,Listed Heritage Property,294 Wellington Rd,,,,,,,418.3506536,96.8983805132624
11897,Listed Heritage Property,296 Wellington Rd,,,,,,,620.90455672,107.798990611338
11898,Listed Heritage Property,300 Wellington Rd,,,,,,,622.20536624,107.926445271381
11899,Listed Heritage Property,302 Wellington Rd,,,,,,,626.28864728,108.198543770335
11915,Listed Heritage Property,305-307 Wellington Rd,,,,,,,714.13643224,109.684451252533
11918,Listed Heritage Property,321 Wellington Rd,,,,,,,508.49356288,97.3776154907042
11919,Listed Heritage Property,317 Wellington Rd,,,,,,,406.80735048,91.1489781848429
11920,Listed Heritage Property,315 Wellington Rd,,,,,,,540.47640136,99.2826912945524
11921,Listed Heritage Property,319 Wellington Rd,,,,,,,467.67627424,94.8638112064231
11922,Listed Heritage Property,323 Wellington Rd,,,,,,,508.59164416,97.3905135888621
11925,Listed Heritage Property,335 Wellington Rd,,,,,,,696.0353992,108.462174758423
11927,Listed Heritage Property,258 Wellington Rd,,,,,,,472.50934064,102.044681768183
11928,Listed Heritage Property,174 Wellington Rd,,,,,,,808.6537392,115.820265155681
11929,Listed Heritage Property,256 Wellington Rd,,,,,,,472.38585728,102.025156685025
11930,Listed Heritage Property,,,,,,,,472.09138032,101.943976764955
11931,Listed Heritage Property,262 Wellington Rd,,,,,,,472.74567624,102.083738835926
11932,Listed Heritage Property,260 Wellington Rd,,,,,,,472.6270824,102.064185923219
11933,Listed Heritage Property,252 Wellington Rd,,,,,,,472.15921768,101.986867356247
11934,Listed Heritage Property,250 Wellington Rd,,,,,,,472.04147576,101.967363316973
11935,Listed Heritage Property,254 Wellington Rd,,,,,,,472.28594112,102.006857553101
11936,Listed Heritage Property,248 Wellington Rd,,,,,,,471.92529816,101.948189372681
11937,Listed Heritage Property,139 Wellington Rd,,,,,,,533.92265152,112.13343193075
11939,Listed Heritage Property,247 Wellington St,,,,,,,228.16103528,63.8861851532492
11940,Listed Heritage Property,205-209 Wellington St,,,,,,,620.66349016,115.535236935631
11941,Listed Heritage Property,197 Wellington Rd,,Former Frank Brickyard,,,,,5949.69376884,358.546592880718
11942,Listed Heritage Property,219 Wellington St,,,,,,,328.81113176,86.2803991306052
11943,Listed Heritage Property,115 Wellington St,,,,,,,389.6325136,90.3154631691145
11944,Listed Heritage Property,91 Wellington St,,,,,,,185.98327048,54.7938133439075
11945,Listed Heritage Property,152 Wellington St,,,,,,,441.52906064,102.674141182363
11946,Listed Heritage Property,92 Wellington St,,,,,,,202.69242936,68.0806852465958
11947,Listed Heritage Property,237-239 Wellington St,,,,,,,494.65533464,96.2014931143017
11948,Listed Heritage Property,233 Wellington St,,,,,,,395.16383088,90.335763349079
11949,Listed Heritage Property,189 Wellington St,,,,,,,422.34366032,92.7078569461596
11950,Listed Heritage Property,223 Wellington St,,,,,,,285.89885304,83.715172610361
11951,Listed Heritage Property,185 Wellington St,,,,,,,496.32834072,97.1268183000838
11952,Listed Heritage Property,181 Wellington St,,,,,,,549.53922288,100.318265668373
11953,Listed Heritage Property,137 Wellington St,,,,,,,203.44534224,78.6669079372963
11954,Listed Heritage Property,135 Wellington St,,,,,,,369.0559536,88.6266162954408
11955,Listed Heritage Property,75 Wellington St,,,,,,,346.34318064,87.5321406681392
11956,Listed Heritage Property,143 Wellington St ,,,,,,,624.82572888,147.7156032899
11958,Listed Heritage Property,1565 Western Rd,,,,,,,4188.12437368,274.660370653788
11959,Listed Heritage Property,1536 Western Rd,,,,,,,1171.27342728,140.272234587755
11960,Listed Heritage Property,97 Wharncliffe Rd N,,,,,,,447.68333538,98.0333226312836
11961,Listed Heritage Property,95 Wharncliffe Rd N,,,,,,,561.83618903,128.242467958025
11962,Listed Heritage Property,93 Wharncliffe Rd N,,,,,,,584.51421968,102.825360046223
11964,Listed Heritage Property,712 Whetter Ave,,Formerly Holy Rosary RC,,,,,3313.72643544,243.527896044861
11965,Listed Heritage Property,368 Windermere Rd,,,,,,,1189.35400632,135.421550412928
11966,Designated Heritage Property,163 Oxford St E,,,,IV,,,506.72826944,125.336052929169
11967,Listed Heritage Property,639 Nelson St,,S F Lawrason,,,,,3807.55054448,251.068919665905
11968,Listed Heritage Property,20 Kitchener Ave,,London Concrete Machinery,,,,,8324.93857248,419.216017031665
11969,Listed Heritage Property,600 Quebec St,,CPR Roundhouse,,,,,720.32885652,111.868512964431
11970,Listed Heritage Property,471 Nightingale Ave,,Hunt Milling,,,,,6810.95558731,516.156549816601
11971,Listed Heritage Property,445 Nightingale Ave,,Reid Bros.,,,,,2341.70596719,195.73045393646
11972,Listed Heritage Property,100 Kellogg Lane,,Kellog's,,,,,66264.9875284,1128.84224399174
11973,Listed Heritage Property,1100-1108 Dundas St,,Empire Brass (EMCO),,,,,37058.577873795,1047.33291784933
11974,Listed Heritage Property,1097-1127 Dundas St,,Dominion Office Furniture,,,,,10323.07297951,446.459784711312
11975,Listed Heritage Property,1173 Dundas St,,Jones Box and Label,,,,,5844.04327896,354.877731206466
11976,Listed Heritage Property,1157-1165 King St,,Webster Air,,,,,10586.32260568,428.045382610237
11977,Listed Heritage Property,1151 Florence St,,Supersilk Hosiery,,,,,3733.0520136,309.373062793059
11978,Listed Heritage Property,1161 Florence St,,Supersilk Hosiery,,,,,4448.90824736,351.634954928114
11979,Listed Heritage Property,720 Cabell St,,Geo White and Sons,,,,,1334.2361716,152.671379835889
11981,Listed Heritage Property,1903 Avalon St,,,,,,,2600.80619352,204.214773014062
11982,Listed Heritage Property,1220 Adelaide St N,,,,,,,20444.99303728,639.841227189945
11993,Listed Heritage Property,982 Princess Ave,1923,Orange Crush Bottling Build,,,,,1453.177097,168.748714581538
12394,Designated Heritage Property,432 Grey St,1853-1855,Fugitive Slave Chapel,Vernacular,IV,,LSP348098,826.66137472,148.592232696553
12395,Listed Heritage Property,431 Adelaide St N,,,,,,,227.302088,73.5975713682776
12396,Listed Heritage Property,433 Adelaide St N,,,,,,,277.61700928,77.0528444676313
12397,Listed Heritage Property,435 Adelaide St N,,,,,,,282.26747744,77.3493495517442
12398,Listed Heritage Property,437 Adelaide St N,,,,,,,424.54281584,107.674851698339
12399,Listed Heritage Property,439 Adelaide St N,,,,,,,372.94419848,91.472005899376
12400,Listed Heritage Property,390 Colborne St,,,,,,,454.8383676,108.057355087529
12401,Listed Heritage Property,421 Dundas St,,,,,,,353.21794848,91.6323974460311
12402,Listed Heritage Property,425 Dundas St,,,,,,,475.22151552,98.2939051467595
12403,Listed Heritage Property,451 Dundas St,,,,,,,586.67836712,101.05613806572
12404,Listed Heritage Property,528 Dundas St,,,,,,,963.1378372,160.829287961676
12405,Listed Heritage Property,532 Dundas St,,,,,,,245.25962208,77.7698503546615
12406,Listed Heritage Property,533 Dundas St,,,,,,,402.78877752,102.011976102856
12407,Listed Heritage Property,534 Dundas St,,,,,,,245.23053808,77.7602038158368
12408,Listed Heritage Property,538 Dundas St,,,,,,,351.83899744,76.5143056903693
12409,Listed Heritage Property,"540 Dundas St, 422-424 William St",,,,,,,360.83309112,98.6873949579176
12410,Listed Heritage Property,544 Dundas St,,,,,,,299.73456224,94.0619783985064
12411,Listed Heritage Property,"541 Dundas St, 399 William St",,,,,,,1179.4577328,147.943933532279
12412,Listed Heritage Property,546 Dundas St,,,,,,,734.05966184,119.396057645216
12413,Listed Heritage Property,572 Dundas St,,,,,,,1220.6843312,141.074091382871
12414,Listed Heritage Property,602 Dundas St,,,,,,,291.7665128,106.237533649701
12415,Listed Heritage Property,604-606 Dundas St,,,,,,,399.69967744,84.0629834875847
12416,Listed Heritage Property,610-612 Dundas St,,,,,,,384.93625352,93.0771101697192
12417,Listed Heritage Property,614 Dundas St,,,,,,,272.2954576,86.7601483169012
12418,Listed Heritage Property,616 Dundas St,,,,,,,272.2207188,86.7414343500723
12419,Listed Heritage Property,621-623 Dundas St,,,,,,,245.24470332,74.1947258764599
12420,Listed Heritage Property,627 Dundas St,,,,,,,322.88685582,124.579297819354
12421,Listed Heritage Property,629 Dundas St,,,,,,,446.22802624,127.866733429236
12422,Listed Heritage Property,630 Dundas St,,,,,,,2578.44092744,224.371990999914
12423,Listed Heritage Property,634 Dundas St,,,,,,,362.15328936,130.907938432705
12424,Listed Heritage Property,636 Dundas St,,,,,,,333.16437784,131.454460859136
12425,Listed Heritage Property,638 Dundas St,,,,,,,294.83875856,130.072393694544
12426,Listed Heritage Property,640-644 Dundas St,,,,,,,1085.81828832,156.43015859243
12427,Listed Heritage Property,646-650 Dundas St,,,,,,,1107.70271952,157.179776541813
12428,Listed Heritage Property,656 Dundas St,,,,,,,1096.0567908,156.819447433746
12429,Listed Heritage Property,658 Dundas St,,,,,,,371.53617456,132.759630216741
12430,Listed Heritage Property,660 Dundas St,,,,,,,423.32982832,134.468727969535
12431,Listed Heritage Property,671-675 Dundas St,,,,,,,264.9820248,76.3467666258529
12432,Listed Heritage Property,"680 Dundas St, 420 Elizabeth St",,,,,,,191.3077596,73.84339803487
12433,Listed Heritage Property,682 Dundas St,,,,,,,235.83831792,79.6889260901987
12434,Listed Heritage Property,700-706 Dundas St,,,,,,,995.85695024,132.797413542993
12435,Listed Heritage Property,714 Dundas St,,,,,,,500.75462344,110.049667767024
12436,Listed Heritage Property,720 Dundas St,,,,,,,503.81169544,110.197541686844
12437,Listed Heritage Property,724 Dundas St,,,,,,,472.8761036,108.724958047404
12438,Listed Heritage Property,745 Dundas St,,,,,,,458.45485016,86.6116834101553
12439,Listed Heritage Property,755-761 Dundas St,,,,,,,1021.67684376,136.839045678499
12440,Listed Heritage Property,763-765 Dundas St,,,,,,,3630.81590984,315.525960168418
12441,Listed Heritage Property,769 Dundas St,,,,,,,565.76993608,124.226725018822
12442,Listed Heritage Property,768 Dundas St,,,,,,,426.38957504,104.934704940163
12443,Listed Heritage Property,773 Dundas St,,,,,,,552.82228648,122.987813656029
12444,Listed Heritage Property,775-791 Dundas St,,,,,,,2047.39728352,206.791376084144
12445,Listed Heritage Property,788 Dundas St,,,,,,,685.19948952,145.773537203554
12446,Listed Heritage Property,790 Dundas St,,,,,,,621.96415632,143.722188257342
12447,Listed Heritage Property,796 Dundas St,,,,,,,622.19849592,143.753701531126
12448,Listed Heritage Property,1006-1008 Dundas St,,,,,,,682.45091584,122.032730465705
12449,Listed Heritage Property,430 Elizabeth St,,,,,,,716.4175644,109.833981380327
12450,Listed Heritage Property,575 King St,,,,,,,1039.97704552,155.452949484429
12451,Listed Heritage Property,693-695 King St,,,,,,,534.102252,109.548287438406
12452,Listed Heritage Property,754 King St,,,,,,,316.3957032,81.3191844541269
12453,Listed Heritage Property,755 King St,,,,,,,180.94608952,59.9498140758414
12454,Listed Heritage Property,758 King St,,,,,,,667.98471464,127.22336876881
12455,Listed Heritage Property,800 King st,,,,,,,249.35171136,69.8406121890203
12456,Listed Heritage Property,343 Maitland St,,,,,,,376.2676688,82.2214469775957
12457,Listed Heritage Property,345 Maitland St,,,,,,,269.6667688,74.4153266581737
12458,Listed Heritage Property,347 Maitland St,,,,,,,272.2169688,74.5661120015035
12459,Listed Heritage Property,349 Maitland St,,,,,,,270.51900048,74.4059163412131
12460,Listed Heritage Property,370 Maitland St,,,,,,,231.2840276,61.4089059392036
12461,Listed Heritage Property,434 Maitland St,,,,,,,738.18024224,127.32855167852
12462,Listed Heritage Property,438 Matland St,,,,,,,369.68427504,112.190422041916
12463,Listed Heritage Property,440 Maitland St,,,,,,,369.59318296,112.246135891599
12464,Listed Heritage Property,477 Queens Ave,,,,,,,553.10413416,97.2740407958352
12465,Listed Heritage Property,529 Queens Ave,,,,,,,636.63410104,112.882116265533
12466,Listed Heritage Property,567 Queens Ave,,,,,,,437.29644144,94.2603234511274
12467,Listed Heritage Property,587 Queens Ave,,,,,,,446.42352768,108.58491445462
12468,Listed Heritage Property,595 Queens Ave,,,,,,,557.0714816,130.537276079737
12469,Listed Heritage Property,601 Quuens Ave,,,,,,,537.37376992,112.702104778865
12470,Listed Heritage Property,607 Queens Ave,,,,,,,380.29302792,85.8991953967636
12471,Listed Heritage Property,415 Rectory St,,,,,,,145.4658056,53.8821562729957
12472,Listed Heritage Property,417 Rectory St,,,,,,,254.52481104,76.4164659992113
12473,Listed Heritage Property,418 Rectory St,,,,,,,547.05193698,114.311923036379
12474,Listed Heritage Property,419 Rectory St,,,,,,,240.50982536,75.1455305820021
12475,Listed Heritage Property,350 William St,,,,,,,2705.72812256,262.532107025383
12476,Listed Heritage Property,356 William St,,,,,,,344.42487144,88.4674597394166
12477,Listed Heritage Property,384 William St,,,,,,,197.04435168,57.7516247890365
12478,Listed Heritage Property,388 William St,,,,,,,377.95237336,95.4852962488895
12479,Listed Heritage Property,393 William St,,,,,,,463.35102208,86.353061480626
12480,Listed Heritage Property,419 William St,,,,,,,124.0375848,46.8743346078772
12481,Listed Heritage Property,426 William St,,,,,,,428.95455552,85.0385692289056
12482,Listed Heritage Property,433 William St,,,,,,,350.04962952,100.834647725324
12484,Listed Heritage Property,1425 Huron St,,Grove Cemetery,,,,,8069.77595976,370.432894507308
12485,Listed Heritage Property,600 Sanatorium Rd,,,,,,,394985.56790547,3136.21105853696
12486,Listed Heritage Property,124 Albert St,1907c,,,,,,289.01747296,70.7998954243594
12487,Listed Heritage Property,125 Albert St,1907c,,,,,,355.83632816,98.0483508122568
12488,Listed Heritage Property,127 Albert St,1904,,,,,,504.73229376,105.433606933723
12489,Listed Heritage Property,129 Albert St,1887c,,,,,,579.95710288,109.067133941725
12490,Listed Heritage Property,137 Albert St,1893c,,,,,,940.23063864,138.07097474623
12491,Listed Heritage Property,153-155 Albert St,1900c,,,,,,1030.06594528,141.240600682275
12492,Listed Heritage Property,159 Albert St,1884c,,,,,,503.00637728,120.165433988979
12493,Listed Heritage Property,175-177 Albert St,1901c,,,,,,696.68988904,127.654840365343
12494,Listed Heritage Property,179-181 Albert St,1893,,,,,,3946.43873376,298.844776934384
12495,Listed Heritage Property,65 Ann St,,,,,,,4682.54802576,286.920210457001
12496,Listed Heritage Property,72 Ann St,1915c,,,,,,5848.68984368,317.267838803037
12497,Listed Heritage Property,123 Ann St,1912,,,,,,249.33613792,63.2238537007827
12498,Listed Heritage Property,125 Ann St,,,,,,,414.91638096,109.132097763836
12499,Listed Heritage Property,131-133 Ann St,1878,,,,,,839.4289712,127.797781640353
12500,Listed Heritage Property,137 Ann St,1870,,SHP Cottage,,,,408.0709996,108.778280461971
12501,Listed Heritage Property,139 Ann St,1881c,,,,,,403.90130624,108.584315421663
12502,Listed Heritage Property,140 Ann St,1922c,,,,,,4531.1621668,308.500788560607
12503,Listed Heritage Property,145 Ann St,1870c,,,,,,796.05257992,125.85083013292
12504,Listed Heritage Property,156 Ann St,1881c,,,,,,274.89301478,66.5490824355316
12505,Listed Heritage Property,164 Ann St,1878,,,,,,275.7625524,66.6458069333913
12506,Listed Heritage Property,"175-183 Ann St, 84-86 St George St",1892c,,,,,,2306.48520262,192.261506854066
12507,Listed Heritage Property,180 Ann St,1892c,,,,,,762.99640288,218.56321393959
12508,Listed Heritage Property,97 Barton St,1878,,,,,,424.0892809,86.0832126547874
12509,Listed Heritage Property,100 Central Ave,1915c,,,,,,134.75728448,47.1435481268755
12510,Listed Heritage Property,122 Central Ave,1886c,,,,,,293.92035512,80.0216897555104
12511,Listed Heritage Property,132 Central Ave,1900,,,,,,709.45190744,131.338799756591
12512,Listed Heritage Property,133 Central Ave,1881c,,,,,,545.07366,122.418160313607
12513,Listed Heritage Property,138 Central Ave,1900c,,Queen Anne,,,,481.38494512,122.668587057467
12514,Listed Heritage Property,140 Central Ave,1903,,,,,,529.2331424,124.584512868878
12515,Listed Heritage Property,141 Central Ave,1881c,,,,,,565.05310072,122.763663612818
12516,Listed Heritage Property,144 Central Ave,1909c,,,,,,301.87890768,82.3503952831161
12517,Listed Heritage Property,148 Central Ave,1910,,,,,,301.90090656,82.3924013273949
12518,Listed Heritage Property,150 Central Ave,1895,,,,,,369.01130256,95.9612652897237
12519,Listed Heritage Property,152 Central Ave,1901c,,,,,,366.1073768,95.8115153400261
12520,Listed Heritage Property,154 Central Ave,1900,,,,,,371.31435528,96.7140397580029
12521,Listed Heritage Property,156 Central Ave,1900,,,,,,366.90366568,96.4271121418683
12522,Listed Heritage Property,177 Central Ave,1901c,,,,,,269.28400448,104.785828818593
12523,Listed Heritage Property,182 Central Ave,1881c,,,,,,797.37892408,120.360921506392
12524,Listed Heritage Property,183 Central Ave,1998c,,Post Modern,,,,680.091684,122.396278667732
12525,Listed Heritage Property,188 Central Ave,1913,,,,,,470.01584608,104.162680813644
12526,Listed Heritage Property,190 Central Ave,1907c,,,,,,512.24076336,106.220900640995
12527,Listed Heritage Property,204 Central Ave,1901c,,Queen Anne,,,,345.3098808,88.5979907158386
12528,Listed Heritage Property,64 Fullarton St,1909c,,,,,,139.45281072,49.7229738665549
12529,Listed Heritage Property,66 Fullarton St,1909c,,,,,,129.4301356,48.4628142167204
12530,Listed Heritage Property,156-158 Hyman St,1907c,,,,,,235.43929696,63.0285554303986
12531,Listed Heritage Property,195 Hyman St,1922,,,,,,304.19608336,85.6906437826287
12532,Listed Heritage Property,197 Hyman St,1922,,,,,,304.23377036,85.5893813449024
12533,Listed Heritage Property,119 John St,1909c,,,,,,220.3326508,62.6112518496539
12534,Listed Heritage Property,121 John St,1915c,,,,,,195.1553604,60.168909105955
12535,Listed Heritage Property,125 John St,1909c,,,,,,201.4425664,60.7786031877613
12536,Listed Heritage Property,132 John St,1918,,,,,,946.82112512,132.361678640735
12537,Listed Heritage Property,133 John St,1881c,,,,,,892.71937824,148.140812547002
12538,Listed Heritage Property,137 John St,1895c,,,,,,630.29958064,156.220815111171
12539,Listed Heritage Property,141 John St,1895c,,,,,,574.65274144,144.035611520641
12540,Listed Heritage Property,142 John St,1901c,,,,,,412.68468408,108.763732690861
12541,Listed Heritage Property,145 John St,1895c,,,,,,895.6315792,180.581894572643
12542,Listed Heritage Property,149 John St,1880c,,,,,,436.8992388,96.0954494556493
12543,Listed Heritage Property,151 John St,1895c,,Queen Anne,,,,437.2500576,96.1957150690899
12544,Listed Heritage Property,153 John St,1897c,,,,,,166.5211512,61.5881718588008
12545,Listed Heritage Property,157 John St,1907c,,,,,,170.7980976,61.9976724529527
12546,Listed Heritage Property,158 John St,1928,Edwardian,,,,,319.18872064,71.4654899314774
12547,Listed Heritage Property,163 John St,1896c,,Queen Anne,,,,254.8686104,66.4880017353994
12548,Listed Heritage Property,165 John St,1896c,,Queen Anne,,,,273.23035696,69.2621703981943
12549,Listed Heritage Property,166 John St,1901c,,,,,,188.60949968,64.0766619191385
12550,Listed Heritage Property,168 John St,1901c,,,,,,194.79306368,63.7973245968165
12551,Listed Heritage Property,169 John St,1895c,,,,,,489.9196744,104.880686073117
12552,Listed Heritage Property,170 John St,1894c,,,,,,231.00094928,66.8735910839366
12553,Listed Heritage Property,171 Kohn St,1895c,,,,,,490.03488096,104.898469503235
12554,Listed Heritage Property,172 John St,1894c,,Queen Anne,,,,316.8049416,85.0536895036357
12555,Listed Heritage Property,173 John St,1900,,Queen Anne,,,,367.60364616,98.8309755505912
12556,Listed Heritage Property,174 John St,1940,,Tudor Revival,,,,423.81788032,109.219120077603
12557,Listed Heritage Property,176 John St,1912,,Edwardian,,,,386.23765344,107.57992367873
12558,Listed Heritage Property,178 John St,1900,,,,,,405.27567168,108.442858654567
12559,Listed Heritage Property,185 John St,1900,,Queen Anne,,,,388.26938976,99.8883571392671
12560,Listed Heritage Property,188 John St,1870,,Ontario Cottage,,,,405.17149856,108.460440703062
12561,Listed Heritage Property,189 John St,1901c,,Queen Anne,,,,388.33267968,99.901931430513
12562,Listed Heritage Property,190-192 John St,1885,,,,,,810.69681656,126.397274277578
12563,Listed Heritage Property,197 John St,1894c,,,,,,255.49022296,66.3237214760909
12564,Listed Heritage Property,201 John St,1898c,,Queen Anne,,,,285.82372248,69.2103744535996
12565,Listed Heritage Property,204-206 John St,1901c,,,,,,251.77894112,63.5252914573157
12566,Listed Heritage Property,205 John St,1897c,,Queen Anne,,,,319.55843472,72.4219001267156
12567,Listed Heritage Property,82-84 Kent St,1901c,,,,,,136.7757964,53.7725310669092
12568,Listed Heritage Property,86-88 Kent St,1901c,,Georgian,,,,249.06720784,64.9613964606477
12569,Listed Heritage Property,90 Kent St,1892c,,,,,,134.55241352,53.5670720490313
12570,Listed Heritage Property,92 Kent St,1901c,,,,,,216.54673168,61.9391787416888
12571,Listed Heritage Property,96 Kent St,1923,,,,,,185.61039608,58.8992416343227
12572,Listed Heritage Property,125 Mill St,1886c,,,,,,441.8860608,89.6357031621393
12573,Listed Heritage Property,134 Mill St,1870,,,,,,308.38099536,78.1183245925387
12574,Listed Heritage Property,134/ Mill St,1884c,,,,,,277.01701104,82.0837688704541
12575,Listed Heritage Property,136/ Mill St,1884c,,,,,,236.7167528,83.4962484314061
12576,Listed Heritage Property,143 Mill St,1870,,,,,,539.040512,114.833028496237
12577,Listed Heritage Property,147 Mill St,870,,,,,,385.67264112,110.827266048283
12578,Listed Heritage Property,148 Mill St,1878,,,,,,321.9258456,88.4441727520003
12579,Listed Heritage Property,149 Mill St,1881c,,,,,,284.33046616,77.6242576190539
12580,Listed Heritage Property,162-164 Mill St,1881c,,,,,,651.99620016,108.869527675546
12581,Listed Heritage Property,160 Mill St,1889c,,SHP Cottage,,,,606.22544376,142.309176329229
12582,Listed Heritage Property,175 Mill St,1904,,,,,,326.97558864,83.8690741200007
12583,Listed Heritage Property,181 Mill St,1916c,,,,,,364.45026504,106.695916867935
12584,Listed Heritage Property,185-187 Mill St,1858,,,,,,569.160516,115.69134535185
12585,Listed Heritage Property,191 Mill St,1863,,,,,,359.50110696,106.375824942806
12586,Listed Heritage Property,193 Mill St,1863,,,,,,326.22738912,104.865987667466
12587,Listed Heritage Property,207 Mill St,1957c,,,,,,228.78539112,67.2528671164364
12588,Listed Heritage Property,147 Piccadilly St,1878,,,,,,272.17235888,66.1617446012521
12589,Listed Heritage Property,176 Piccadilly St,1881c,,,,,,454.80147048,88.4103166584742
12590,Listed Heritage Property,571-575 Richmond St,1915c,,,,,,576.5974536,98.5525380123596
12591,Listed Heritage Property,539 Richmond St,1915c,,,,,,1388.17648368,178.958672089585
12592,Listed Heritage Property,579 Richmond St,1881c,,,,,,185.31936288,81.7856742869174
12593,Listed Heritage Property,581-583 Richmond St,1895c,,,,,,332.84116152,94.0828313633788
12594,Listed Heritage Property,595 Richmond St,1881c,,,,,,1908.49193616,183.22442615603
12595,Listed Heritage Property,633-635 Richmond St,1896c,,,,,,337.60995432,75.2716920014439
12596,Listed Heritage Property,569 Ridout St N,1897,,Victorian,,,,271.91943472,80.0473537582011
12597,Listed Heritage Property,571 Ridout St N,1897,,Victorian,,,,461.78633864,96.1429428007023
12598,Listed Heritage Property,583 Ridout St N,1901c,,,,,,418.75426664,82.2893594847549
12599,Listed Heritage Property,1 St George St,1916c,,,,,,254.9363384,90.2441944073606
12600,Listed Heritage Property,3 St George St,1902,,,,,,337.26021192,94.5630847151468
12601,Listed Heritage Property,4 St George St,1901c,,,,,,233.47376646,61.822308773652
12602,Listed Heritage Property,5 St George St,1878,,,,,,530.93268768,104.633337004725
12603,Listed Heritage Property,6 St George St,1897c,,,,,,277.78836212,70.0485231774478
12604,Listed Heritage Property,7 St George St,1885c,,,,,,384.20124768,97.01006116084
12605,Listed Heritage Property,8 St George St,1908,,Queen Anne,,,,557.799518,119.80522881115
12606,Listed Heritage Property,9 St George St,1901c,,,,,,304.9777284,92.8914346404745
12607,Listed Heritage Property,10 St George St,1906,,Queen Anne,,,,381.35778688,95.3039967458985
12608,Listed Heritage Property,11 St George St,1908,,,,,,172.4800008,52.6837856105254
12609,Listed Heritage Property,14 St George St,1917,,,,,,444.6467712,86.393020558581
12610,Listed Heritage Property,49 St George St,1919c,,,,,,170.63031936,54.9074442217637
12611,Listed Heritage Property,51 St George St,1918,,,,,,158.54604928,53.5608426486879
12612,Listed Heritage Property,52 St George St,1908c,,,,,,230.968112,71.2598173830339
12613,Listed Heritage Property,53 St George St,1918,,,,,,164.01047936,54.1700729255377
12614,Listed Heritage Property,60 St George St,1916,,Dutch Colonial,,,,209.66005664,67.3458767655493
12615,Listed Heritage Property,61 St George St,1912,,Dutch Colonial,,,,194.28842104,55.8007902762451
12616,Listed Heritage Property,62 St George St,1918,,Dutch Colonial,,,,209.65180512,67.3423192673006
12617,Listed Heritage Property,64 St George St,1918,,Dutch Colonial,,,,194.09564768,66.1156763720061
12618,Listed Heritage Property,66 St George St,1918,,,,,,192.83469712,66.0139582015427
12619,Listed Heritage Property,75 St George St,1909c,,,,,,196.68222656,57.771433952938
12620,Listed Heritage Property,77 St George St,1868,,,,,,230.08934552,61.5331941080604
12621,Listed Heritage Property,100 St George St,1892c,,,,,,661.28647936,116.31587323227
12622,Listed Heritage Property,123 St George St,1895c,,,,,,3253.03055088,308.556180045497
12623,Listed Heritage Property,130 St George St,1883,,,,,,619.76824176,167.76524798031
12624,Listed Heritage Property,132 St George St,1878,,,,,,314.4005172,85.2800248543172
12625,Listed Heritage Property,135 St George St,1895c,,,,,,233.81249264,67.6166605678876
12626,Listed Heritage Property,547 Talbot St,1875,,,,,,409.0493924,117.939806986821
12627,Listed Heritage Property,551 Talbot St,1875,,,,,,488.91135872,120.731370360933
12628,Listed Heritage Property,564 Talbot St,1901c,,,,,,366.21252488,96.5509905113673
12629,Listed Heritage Property,584 Talbot St,1867,,,,,,861.74055744,132.346875324484
12630,Listed Heritage Property,590-592 Talbot St,1881c,,,,,,884.50145336,133.046838087463
12632,Listed Heritage Property,615 Talbot St,1863,,,,,,244.25609552,62.9870855466049
12633,Listed Heritage Property,620 Talbot St,1889c,,,,,,209.77148608,69.9232735483704
12634,Listed Heritage Property,622 Talbot St,1889c,,,,,,209.77148608,69.9232735483704
12635,Listed Heritage Property,624 Talbot St,1880,,,,,,870.68865512,141.602940497088
12636,Listed Heritage Property,625 Talbot St,1905,,Victorian,,,,340.58546704,79.6823647022903
12637,Listed Heritage Property,662 Talbot St,1895,,,,,,347.10805288,107.632160026274
12638,Listed Heritage Property,664 Talbot St,1895,,,,,,374.42647112,123.30745940264
12639,Listed Heritage Property,666 Talbot St,1915c,,Edwardian,,,,494.6498432,118.484201557401
12640,Listed Heritage Property,668 Talbot St,1918,,Edwardian,,,,524.5434444,138.435226378369
12641,Listed Heritage Property,670 Talbot St,1920,,,,,,462.33765272,112.057604967582
12642,Listed Heritage Property,694 Talbot St,1881c,,,,,,500.215434,96.491616262818
12643,Listed Heritage Property,698 Talbot St,1896c,,,,,,501.5166752,101.908545577753
12644,Listed Heritage Property,700 Talbot St,1909c,,,,,,962.38586608,156.876274722857
12645,Listed Heritage Property,718 Talbot St,1937,,,,,,721.13239552,125.48255693584
12646,Listed Heritage Property,724 Talbot St,1892c,,,,,,470.97200592,92.4921465360135
12647,Listed Heritage Property,637 Richmond St,1888c,,,,,,142.30724096,58.2499554302126
12648,Listed Heritage Property,171 Adelaide St N,1887,,Ontario Cottage,,,,307.4233924,72.9214402722833
12649,Listed Heritage Property,173 Adelaide St N,1892,,Queen Anne,,,,230.7604592,66.694487553086
12650,Listed Heritage Property,86 Anderson Ave,1902,,,,,,805.83588296,121.588905984215
12651,Listed Heritage Property,143 Arundell St,1915,,,,,,399.68865336,85.7165917985709
12652,Listed Heritage Property,145 Arundell St,1914,,,,,,532.3448856,94.7971996016496
12653,Listed Heritage Property,140 Dreaney Ave,1906,,Queen Anne,,,,405.50913216,100.810056486736
12654,Listed Heritage Property,150 Dreaney Ave,1905,,,,,,328.80874592,85.5491853831817
12655,Listed Heritage Property,154 Dreaney Ave,1905,,,,,,405.70268776,100.850802702663
12656,Listed Heritage Property,209 Egerton St,1913,,Gothic Revival,,,,1639.99104504,169.192381047527
12657,Listed Heritage Property,10 Elm St,1951,,,,,,1123.52725696,149.770708430168
12658,Listed Heritage Property,1 Hamilton Rd,1900c,,,,,,902.76391928,126.999208357909
12659,Listed Heritage Property,"92-98 Hamilton Rd, 511-513/ Horton St E",1880c,,,,,,259.73361216,77.9759838036161
12660,Listed Heritage Property,101 Hamilton Rd,1881,,Cottage,,,,354.38272056,100.608534959764
12661,Listed Heritage Property,104 Hamilton Rd,1901,,,,,,227.01427168,69.59893236322
12662,Listed Heritage Property,112 Hamilton Rd,1890,,,,,,281.23839464,81.5065710449166
12663,Listed Heritage Property,120 Hamilton Rd,1900,,,,,,206.9630132,64.6189024395809
12664,Listed Heritage Property,124 Hamilton Rd,1886,,,,,,330.96245776,82.8826445002684
12665,Listed Heritage Property,126 Hamilton Rd,1890c,,,,,,224.55464992,68.193304235487
12666,Listed Heritage Property,125-127/ Hamilton Rd,1890c,,,,,,634.37816976,110.711260775304
12667,Listed Heritage Property,250 Hamilton Rd,1890c,,Gothic Revival,,,,655.59693568,126.408267502549
12668,Listed Heritage Property,260 Hamilton Rd,1890c,,Queen Anne,,,,290.68902232,76.8284936926268
12669,Listed Heritage Property,274 Hamilton Rd,1906,,Queen Anne,,,,657.440492,143.903474493228
12670,Listed Heritage Property,276 Hamilton Rd,1905,,Queen Anne,,,,668.09490064,145.855282202556
12671,Listed Heritage Property,280 Hamilton Rd,1905,,Queen Anne,,,,420.6610188,104.707056291364
12672,Listed Heritage Property,328 Hamilton Rd,1890c,,,,,,391.27498264,96.8891800644669
12673,Listed Heritage Property,342 Hamilton Rd,1890c,,,,,,482.94996816,109.301613580732
12674,Listed Heritage Property,345 Hamilton Rd,1890c,,,,,,320.64165272,96.0726853891643
12675,Listed Heritage Property,349 Hamilton Rd,1890c,,,,,,341.04343032,86.3745329393937
12676,Listed Heritage Property,349/ Hamilton Rd,1890c,,,,,,222.223408,69.6002204564701
12677,Listed Heritage Property,355 Hamilton Rd,1890c,,Queen Anne,,,,522.57057432,121.03107536566
12678,Listed Heritage Property,357 Hamilton Rd,1904,,Queen Anne,,,,451.011734,107.606835902624
12679,Listed Heritage Property,363 Hamilton Rd,1900,,Queen Anne,,,,598.24222224,132.76621449233
12680,Listed Heritage Property,"364, 364A, 364B Hamilton Rd",1890c,,,,,,593.2043848,151.878027091234
12681,Listed Heritage Property,366 Hamilton Rd,1900,,,,,,420.78055344,107.519245746204
12682,Listed Heritage Property,367 Hamilton Rd,1901,,Queen Anne,,,,580.01058904,110.772433734823
12683,Listed Heritage Property,371-373 Hamilton Rd,1890c,,,,,,517.67288472,96.4430836703303
12684,Listed Heritage Property,407 Hamilton Rd,1952,,,,,,2415.91675296,244.527845567252
12685,Listed Heritage Property,"414 Hamilton Rd, 96 Rectory St",1890c,,,,,,913.6957816,137.715599019907
12686,Listed Heritage Property,416 Hamilton Rd,1890c,,,,,,147.82088584,55.8076835663335
12687,Listed Heritage Property,423 Hamilton Rd,1880c,,,,,,660.93442816,112.312978413955
12688,Listed Heritage Property,465 Hamilton Rd,1949c,,,,,,554.9471228,102.514453698451
12689,Listed Heritage Property,519 Hamilton Rd,1920c,,Edwardian,,,,406.64481448,119.7471015415
12690,Listed Heritage Property,523 Hamilton Rd,1920c,,Edwardian,,,,748.8269108,113.761253264013
12691,Listed Heritage Property,541 Hamilton Rd,1958,,,,,,550.519718,96.098268318637
12692,Listed Heritage Property,547 Hamilton Rd,1958,,,,,,746.42194216,131.135805412273
12693,Listed Heritage Property,556-556A Hamilton Rd,1909,,Edwardian,,,,1335.90392768,178.211631570742
12694,Listed Heritage Property,560 Hamilton Rd,,,,,,,750.50313096,118.074550760152
12695,Listed Heritage Property,592 Hamilton Rd,1904,,Queen Anne,,,,415.52821984,108.375124905686
12696,Listed Heritage Property,583-585 Hamilton Rd,1877,,,,,,942.39543864,139.953192336388
12697,Listed Heritage Property,601 Hamilton Rd,1900c,,,,,,357.9628912,91.6549245221637
12698,Listed Heritage Property,612 Hamilton Rd,1885,,Ontario Cottage,,,,253.02189128,72.2891417380877
12699,Listed Heritage Property,645 Hamilton Rd,1949,,,,,,616.82616768,111.776125663459
12700,Listed Heritage Property,658 Hamilton Rd,1890c,,,,,,761.7301992,133.921153002046
12701,Listed Heritage Property,664 Hamilton Rd,1924,,,,,,405.16879968,86.6541901249086
12702,Listed Heritage Property,689 Hamilton Rd,1947,,,,,,1068.63240368,138.494523980594
12703,Listed Heritage Property,709 Hamilton Rd,1940c,,,,,,392.49269328,107.372754801676
12704,Listed Heritage Property,735 Hamilton Rd,1958,,,,,,167.02764,54.6141728061954
12705,Listed Heritage Property,737 Hamilton Rd,1930c,,,,,,198.55679408,72.1823379893568
12706,Listed Heritage Property,741-743 Hamilton Rd,1915c,,,,,,248.43249848,74.031970977956
12707,Listed Heritage Property,749 Hamilton Rd,1930,,,,,,342.55082112,89.7628999095006
12708,Listed Heritage Property,751 Hamilton Rd,1920c,,,,,,267.09625368,77.0023873051356
12709,Listed Heritage Property,783-783/ Hamilton Rd,1920c,,,,,,262.57956128,80.6272033929524
12710,Listed Heritage Property,772 Hamilton Rd,1923,,,,,,358.12182072,90.1113609975456
12711,Listed Heritage Property,796 Hamilton Rd,1890c,,,,,,397.3805464,100.722136873421
12712,Listed Heritage Property,818 Hamilton Rd,1922,,,,,,1266.68472168,152.47697874155
12713,Listed Heritage Property,870 Hamilton Rd,1891,,,,,,879.00648608,145.270973418135
12714,Listed Heritage Property,867 Hamilton Rd,1947,,,,,,323.49890408,76.8490244943822
12715,Listed Heritage Property,873 Hamilton Rd,1952,,,,,,210.79089016,67.7227105581695
12716,Listed Heritage Property,875-881 Hamilton Rd,1956c,,,,,,571.68687208,98.0004946839953
12717,Listed Heritage Property,885 Hamilton Rd,1956c,,,,,,216.52039048,61.0471131606079
12718,Listed Heritage Property,887 Hamilton Rd,1952,,,,,,196.00140976,57.8096812404269
12719,Listed Heritage Property,504 Horton St E,1885,,,,,,295.3964224,86.2476476294836
12720,Listed Heritage Property,506 Horton St E,1885,,,,,,295.34331632,86.2347656020881
12721,Listed Heritage Property,508 Horton St E,1880,,,,,,721.0633492,142.993383896455
12722,Listed Heritage Property,122 Inkerman St,1901,,,,,,548.14785904,108.683714771414
12723,Listed Heritage Property,124 Inkerman St,1901,,,,,,547.8195504,108.63715102967
12724,Listed Heritage Property,128 Inkerman St,1902,,,,,,416.72324696,102.166461852705
12725,Listed Heritage Property,751 Little Hill St,1890c,,,,,,194.92316304,64.616144054484
12726,Listed Heritage Property,783 Little Hill St,1896,,,,,,912.7110964,149.654020708577
12727,Listed Heritage Property,156 Madison Ave,1936c,,,,,,230.63869072,61.0734965899899
12728,Listed Heritage Property,128 Mamelon St,,,,,,,480.1900576,109.690191401306
12729,Listed Heritage Property,136 Mamelon St,,,,,,,426.78074688,109.710441396449
12730,Listed Heritage Property,143 Mamelon St,1903,,,,,,485.5156708,104.145004090617
12731,Listed Heritage Property,147 Mamelon St,1890c,,,,,,485.82931976,104.197883085983
12732,Listed Heritage Property,17 Marmora St,1906,,,,,,382.90937952,95.1016223237216
12733,Listed Heritage Property,19 Marmora St,1890c,,,,,,352.37707176,92.1590176725955
12734,Listed Heritage Property,971 Ormsby St,1906,,,,,,370.98907816,99.6252974797094
12735,Listed Heritage Property,134 Price St,1895,,,,,,754.0172104,125.837857427024
12736,Listed Heritage Property,138 Price St,1912c,,,,,,344.00534152,84.7651119448022
12737,Listed Heritage Property,141 Price St,1900,,,,,,891.81776048,128.987617763231
12738,Listed Heritage Property,145 Price St,1890c,,,,,,475.88980632,110.67628981204
12739,Listed Heritage Property,28 Redan St,1901,,,,,,492.35217948,99.504692249693
12740,Listed Heritage Property,898 Trafalgar St,1908,,,,,,315.24827384,76.7012460206529
12741,Listed Heritage Property,180 William St,,,,,,,338.1224832,82.5237277165167
12742,Listed Heritage Property,184 William St,1892,,,,,,365.40629512,84.3299366704763
12743,Listed Heritage Property,192 William St,1890c,,,,,,310.25902408,80.6207150259351
12746,Designated Heritage Property,75 Langarth St E,1936,Greg Curnoe childhood home ,Tudor Revival,IV,,LSP348836,422.58757664,98.3622493797322
12748,Designated Heritage Property,2370 Blackwater Rd,1925, , , , , LSP3476,4292.41966524,258.912772579215
12749,Listed Heritage Property,1928 Huron St,1862,Tackabury House,Ontario Farmhouse,IV,,,5570.32706772,299.396617122423
12750,Designated Heritage Property,1903 Avalon St,1860c,Clarke House,Ontario Farmhouse,IV,,LSP349647,2600.80619352,204.214773014062
12751,Designated Heritage Property,514 Pall Mall,,,,,,L.S.P.-3504-254,2040.13944853,252.753265816788
12753,Listed Heritage Property,91 Julie Crescent, , , , , , ,1561.6004726,157.875989632222
