X,Y,OBJECTID,GIS_ID,Address,Owner,Type,YearConstructed,GIS_FeatureKey,AmenityType,Premier,NewParkCategory,GlobalID
475688.8639,4759310.0856,8392,1,40 Capulet Lane,City,Adult Exercise Stn,2010,Capulet Park Adult Exercise Station 1,,,Neighbourhood Park,{799330D3-8D5D-41C3-BAC5-93EC73F4C74D}
475731.7718,4759270.2319,8393,2,40 Capulet Lane,City,Adult Exercise Stn,2010,Capulet Park Adult Exercise Station 2,,,Neighbourhood Park,{833AE4CF-90B4-4767-8A48-A4C12EDB6AE2}
475726.16,4759282.8667,8394,3,40 Capulet Lane,City,Adult Exercise Stn,2010,Capulet Park Adult Exercise Station 3,,,Neighbourhood Park,{46E8D34D-1CBE-45DC-9D8C-67D55C628547}
475712.8835,4759306.5482,8395,4,40 Capulet Lane,City,Adult Exercise Stn,2010,Capulet Park Adult Exercise Station 4,,,Neighbourhood Park,{FFED2D50-84E5-4522-8B55-284657C82150}
475700.6481,4759311.2519,8396,5,40 Capulet Lane,City,Adult Exercise Stn,2010,Capulet Park Adult Exercise Station 5,,,Neighbourhood Park,{41727C0D-D57F-4695-9822-3092E9B9B450}
483250.7574,4763096.7994,8397,6,1221 Sanford St,City,Arena,1965,Stronach Arena,,,Sports Park,{B6EBC1CB-6DAA-4CEB-86B6-757344E490DE}
475250.1133,4761143.2334,8398,7,119 Sherwood Forest Sq,City,Arena,1967,Ray Lanctin / Medway Arena,,,Facility Park,{F5F0F004-0332-41D1-B521-16520E8EC536}
480899.2919,4761398.9872,8399,8,675 Grosvenor St,City,Arena,1963,Carling Arena,,,Neighbourhood Park,{F0FA7096-3E8D-41CB-A220-0A48066D7A72}
482821.2127,4756641.8528,8400,9,370 Chippendale Cres,City,Arena,1963,Glen Cairn Arena,,,Facility Park,{64C43F96-0F6F-4B30-BEDD-E242DDE465FA}
481497.4449,4757528.747,8401,10,99 Brookside St,Private,Arena,2021,Ice Park Arena,,,Private,{2049E00F-2F36-40B7-B602-8F532F096939}
475119.2532,4750889.4037,8402,11,7112 Beattie St,City,Arena,1968,Lambeth Arena,,,District Park,{3E57C6F9-C846-4E91-86B7-71E24F32DE44}
475081.46,4758224.05,8403,12,825 Valetta St,City,Arena,1962,Oakridge Arena,,,District Park,{AD3C7F53-174D-4232-83B5-63665A95D023}
483218.72,4759021.69,8404,13,50 Sycamore St,City,Arena,1970,Silverwood Arena,,,District Park,{E578C2B2-B34B-432F-9E2F-C7EA0EB0B1D2}
482230.3916,4759546.3649,8405,14,875 Florence St,Private,Arena,2021,Western Fair Sports Centre,,,Private,{724E099D-E457-4666-BACD-E1CEC7C2EB30}
477532.8605,4761190.2348,8406,15,Western Rd & Philip Aziz Ave,Private,Arena,2021,Thompson Arena,,,Private,{804E2E7D-D63B-454A-A42B-EFD0C6D32A71}
486156.6009,4760814.2205,8407,16,1948 Wavell St,City,Arena,1954,Argyle Arena,,,Facility Park,{B4F8822E-2BA2-4DD7-857F-4DFF92002C49}
479345.6916,4754670.3457,8408,17,799 Homeview Rd,City,Arena,1984,Earl Nichols Arena,,,Neighbourhood Park,{FD050AEA-F10A-4A36-8290-E6B6355CF58D}
480242.0227,4757439.0127,8409,18,411 Tecumseh Ave E,City,Arena,1954,Farquharson Arena,,,Facility Park,{616B0F0D-E96E-40F2-99BE-DB45B33924CF}
478323.9966,4759431.4526,8410,19,20 Granville St,City,Arena,1973,Kinsmen Arena,,,District Park,{D45A8207-6034-4C84-ACE6-BE2892C59F87}
479413.1497,4758900.2423,8411,20,99 Dundas St,City,Arena,2003,Budweiser Gardens,,,Civic Space Park,{0AADCDE6-A3EF-4B2C-A040-BDE1E01D8133}
478926.8321,4759025.8461,8412,21,25 Wilson Ave,City,Baseball Stadium,1927,Labatt Park Baseball Stadium - Hardball,Stadium,Y,Sports Park,{0C40E866-6F32-4052-817A-407623CD219E}
478348.9148,4759327.5508,8413,22,20 Granville St,City,Baseball Diamond,2003,West Lions Park Baseball Diamond 1 - Fastball,Peewee,Y,District Park,{D312A2A7-2DC1-4049-9E9A-997C14C961C9}
480984.3119,4760507.2697,8414,23,640 Adelaide St N,City,Baseball Diamond,2010,McMahen Park Baseball Diamond 1 - Peewee,Other,,Neighbourhood Park,{EBD52B0E-A127-451E-97D1-2C36CB26FAE7}
484205.2424,4760313.9591,8415,24,612 Hale St,City,Baseball Diamond,2001,Kiwanis Park -North Baseball Diamond 2 - Peewee,Other,,District Park,{AE6BFE77-F069-455D-89DF-046082178D9E}
484255.1798,4760443.0585,8416,25,612 Hale St,City,Baseball Diamond,2001,Kiwanis Park -North Baseball Diamond 1 - Hardball,Peewee,,District Park,{C2FAD7DD-CA36-43A3-ACE7-3B68DE9409BC}
474998.563,4758287.3225,8417,28,825 Valetta St,City,Baseball Diamond,2011,Oakridge Optimist Community Park Baseball Diamond 2 - Mosquito,Other,,District Park,{48904C9E-BD03-48E0-8F36-50A8D9340646}
474948.4685,4758263.1496,8418,29,825 Valetta St,City,Baseball Diamond,2011,Oakridge Optimist Community Park Baseball Diamond 1 - Mosquito,Other,,District Park,{D8A55DB0-405B-42BC-8487-3810BAFE34C5}
478258.1978,4760073.3832,8419,30,16 Fernley Ave,City,Baseball Diamond,2003,Kensington Park Baseball Diamond 1 - Fastball,Other,,Neighbourhood Park,{FD033BA4-4F95-4131-AC96-16EAEEF0DA53}
482291.7493,4761305.9672,8420,31,800 High Holborn St,City,Baseball Diamond,2014,Mornington Park Baseball Diamond 1 - Fastball,Other,,Sports Park,{16E7CEB7-009C-49FD-B523-0E5C3CEC48A3}
482306.2713,4761221.1567,8421,32,800 High Holborn St,City,Baseball Diamond,2011,Mornington Park Baseball Diamond 2 - Fastball,Other,,Sports Park,{18E53616-832A-424D-8BD8-A70AF93CF2AE}
472734.7038,4755806.8745,8422,33,1308 Norman Ave,City,Baseball Diamond,2000,Jorgenson Park Baseball Diamond 1 - Fastball,Other,,District Park,{3DA84731-A155-474C-9240-7A80B9217130}
477352.3076,4756604.527,8423,34,10 Hazelwood Ave,City,Baseball Diamond,2015,Southcrest Park Baseball Diamond 1 - Mosquito,Other,,Neighbourhood Park,{281B704C-32B1-4B12-9EA7-E1F0EDC3BCAA}
483400.1904,4763041.2721,8424,35,1221 Sandford St,City,Baseball Diamond,1996,Stronach Stadium - Fastball,Peewee,Y,Sports Park,{322C27FA-1126-4552-AD8D-C4D263E411E1}
483300.3004,4762961.6557,8425,36,1221 Sandford St,City,Baseball Diamond,1996,Stronach Park Baseball Diamond 1 - Fastball,Peewee,Y,Sports Park,{498661A5-EDF8-477E-959D-8E21EDC00F4D}
483425.8639,4762944.0044,8426,37,1221 Sandford St,City,Baseball Diamond,1996,Stronach Park Baseball Diamond 2 - Fastball,Peewee,Y,Sports Park,{E53F5C30-E137-4F7F-B1D0-C6CB35E7B499}
483274.0865,4762806.072,8427,38,1221 Sandford St,City,Baseball Diamond,2011,Norm Aldridge Field Baseball Diamond 4 - Hardball,Regular,Y,Sports Park,{E63AA5B2-70E8-485F-AA4E-787FA279BBCD}
483451.1539,4762828.9959,8428,39,1221 Sandford St,City,Baseball Diamond,2012,Stronach Park Baseball Diamond 3 - Hardball,Regular,Y,Sports Park,{0DEC839B-463F-43B9-9095-47145915646D}
484008.2507,4755989.9629,8429,40,237 Deveron Cres,City,Baseball Diamond,1996,Southeast Optimist Park Baseball Diamond 1 - Mosquito,Other,,District Park,{5DEE6373-D6CF-469C-9F6D-500FF18F93DF}
484065.8779,4756064.8488,8430,41,237 Deveron Cres,City,Baseball Diamond,1996,Southeast Optimist Park Baseball Diamond 2 - Mosquito,Other,,District Park,{8DBBF652-1E03-480D-A7FC-E02F30BCA63B}
477177.9808,4755354.3686,8431,42,784 Viscount Rd,City,Baseball Diamond,1996,Westmount Lions Park Baseball Diamond 1 - Peewee,Peewee,,Neighbourhood Park,{0644B96A-8FE5-437E-8D80-552B067B7D9A}
481839.9119,4762287.64,8432,43,185 McNay St,City,Baseball Diamond,2011,Huron Heights Park Baseball Diamond 1 - Mosquito,Other,,Neighbourhood Park,{56C3D9D6-DEDA-42E0-9DA1-AEF0ECFD00F8}
480117.3167,4763522.3506,8433,44,815 Windermere Rd,City,Baseball Diamond,1996,Dan Fulham Memorial Baseball Diamond 3 - Hardball,Regular,Y,Sports Park,{7CF30F90-6875-4F90-930B-A27C1BBF9B85}
480015.0236,4763370.2949,8434,45,815 Windermere Rd,City,Baseball Diamond,2001,Stoneybrook Recreation Field Baseball Diamond 1 - Hardball,Other,,Sports Park,{EB123258-E4AA-4C5E-9CBE-3CA6107E11C1}
476056.8328,4754520.6864,8435,46,196 McMaster Dr,City,Baseball Diamond,2012,Westmount Park Baseball Diamond 1 - Peewee,Peewee,,Neighbourhood Park,{B1C7DB2F-844F-461B-AC3B-DB871D6CA282}
482268.5087,4759082.4599,8436,47,325 Egerton St,City,Baseball Diamond,2010,CNRA Park Baseball Diamond 2 - Rookie,Other,,Neighbourhood Park,{FDC3CA80-7AF3-404B-B3CE-0D42D0D95395}
482374.1779,4759143.3784,8437,48,325 Egerton St,City,Baseball Diamond,2010,CNRA Park Baseball Diamond 1 - Peewee,Peewee,,Neighbourhood Park,{968733E5-AADD-4CE6-83EE-D7A92E482C7B}
484954.0543,4761308.5554,8438,49,444 Kathleen Ave,City,Baseball Diamond,2003,Mildred Barons Park Baseball Diamond 1 - Squirt,Other,,Neighbourhood Park,{29DB3BCC-FF20-4625-867E-85721B5D1A64}
481263.8159,4753248.8987,8439,50,1119 Jalna Blvd,City,Baseball Diamond,2000,White Oaks Park Baseball Diamond 1 - Regulation,Regular,,District Park,{9BB1EF5F-1E94-4C21-A722-B6631FCF5C8C}
480933.1131,4753325.1806,8440,51,1394 Ernest Ave,City,Baseball Diamond,1996,White Oaks Park Baseball Diamond 2 - Regulation,Regular,,District Park,{2C81EF32-5635-49F5-80BA-6907FE330E00}
487177.7476,4761369.691,8441,52,150 Vaubois Pl,City,Baseball Diamond,2003,Bonaventure Meadows Park Baseball Diamond 2 - Peewee,Peewee,,District Park,{DC685AD6-50A8-4C54-ABFD-0E2602F99370}
487211.9312,4761306.0373,8442,53,150 Vaubois Pl,City,Baseball Diamond,2003,Bonaventure Meadows Park Baseball Diamond 1 - Peewee,Peewee,,District Park,{FCCD37EA-3425-4311-895F-0AC37E58AC0C}
474896.8872,4760384.4268,8443,54,996 Thistledown Way,City,Baseball Diamond,1996,Thistledown Park Baseball Diamond 2 - Mosquito,Other,,Neighbourhood Park,{B5086D09-37CC-42F2-8BAA-18E5EB94B2B1}
474940.8832,4760467.3904,8444,55,996 Thistledown Way,City,Baseball Diamond,1996,Thistledown Park Baseball Diamond 1 - Peewee,Peewee,,Neighbourhood Park,{699A6DF5-1D5C-4B82-8D54-1EA683B3D9BC}
474163.4865,4757204.0452,8445,56,430 Hyde Park Rd,City,Baseball Diamond,2014,Hazelden Park Baseball Diamond 1 - Mosquito,Other,,Neighbourhood Park,{74A398EE-F3C7-4AE6-8A12-52057A97823D}
480277.5237,4753976.5915,8446,57,65 Elvira Cres,City,Baseball Diamond,1996,Ashley Oaks Park Baseball Diamond 1 - Squirt,Other,,Neighbourhood Park,{36E2FFD1-041E-4C85-93F8-A02E99781482}
481036.343,4753752.2147,8447,58,72 Ponderosa Cres,City,Baseball Diamond,2000,White Oaks Optimist Park Baseball Diamond 1 - Peewee,Peewee,,District Park,{6CD9E3C0-9908-493F-B0FC-080A943B3D0F}
479766.5508,4762943.8635,8448,59,1225 Adelaide St N,City,Baseball Diamond,2003,North London Athletic Fields Baseball Diamond 2 - Slow Pitch,Peewee,,Sports Park,{1DC81B23-EADF-4D3E-8390-6D2D1587FF9D}
479720.5955,4762893.7225,8449,60,1225 Adelaide St N,City,Baseball Diamond,2001,North London Athletic Fields Baseball Diamond 3 - Peewee,Regular,Y,Sports Park,{4CABDA8C-1460-4BDC-BD52-151D8AFC68C1}
479782.9042,4762898.8888,8450,61,1225 Adelaide St N,City,Baseball Diamond,2003,North London Athletic Fields Baseball Diamond 1 - Slow Pitch,Peewee,,Sports Park,{E1C589D7-4D19-4E45-9463-7991D3BCC9F1}
477325.3486,4754673.8885,8453,64,731 Viscount Rd,City,Baseball Diamond,2012,Jesse Davidson Park Baseball Diamomd 3 - Mosquito,Peewee,,District Park,{253C1974-FBDC-468C-A04B-1F36661D1E99}
475666.1932,4754145.7325,8454,65,682 Southdale Rd W,City,Baseball Diamond,1993,Southwest Optimist Park Baseball Diamond 2 - Peewee,Peewee,,District Park,{E72E1CC9-0E5D-4287-9848-F276ADA6EE1E}
475684.951,4754025.6218,8455,66,682 Southdale Rd W,City,Baseball Diamond,1993,Southwest Optimist Park Baseball Diamond 1 - Peewee,Peewee,,District Park,{5B74DBF6-907E-4659-86D3-63BE069A06C0}
473645.8682,4754949.3928,8456,67,211 Whisperwood Ave,City,Baseball Diamond,1999,Whisperwood Park Baseball Diamond 1 - Peewee,Peewee,,Neighbourhood Park,{CA3FA4E0-6ED4-41B9-95B9-15101EDD753C}
483967.0392,4745871.1471,8457,68,6536 Bradish Rd,City,Baseball Diamond,2001,Glanworth Park Baseball Diamond 1 - Slow Pitch,Other,Y,Sports Park,{FE68FB7B-3FF4-4662-B400-07DC172CBE3D}
484083.2101,4745874.8185,8458,69,6536 Bradish Rd,City,Baseball Diamond,2008,Glanworth Park Baseball Diamond 2 - Slow Pitch,Other,Y,Sports Park,{FF3BBE87-5E46-45A9-B899-CD02FD94775B}
474532.2147,4761990.9405,8459,70,44 Hawthorne Rd,School,Baseball Diamond,2021,Emily Carr Public School Baseball Diamond 1 - Slow Pitch,Other,,School,{BC6957BF-0B32-49E5-AD29-63541B91B3A1}
474313.0817,4761909.8796,8460,71,48 Hawthorne Rd,City,Baseball Diamond,1996,Norwest Optimist Park Baseball Diamond 1 - Peewee,Peewee,,Neighbourhood Park,{A9EA9E73-73E2-4908-BDE1-3521C26E5FEC}
474092.3464,4762420.1213,8461,72,1830 Aldersbrook Rd,City,Baseball Diamond,1996,Jaycee Park Baseball Diamond 1 - Hardball,Peewee,,Neighbourhood Park,{865AA9C9-B9D4-427B-9D61-F8B8937A1DE8}
486921.6859,4760579.3683,8462,73,142 Kipling Ave,City,Baseball Diamond,1996,Nelson Park Baseball Diamond 1 - Hardball,Peewee,,Neighbourhood Park,{FA82376E-47F4-49F6-B8D7-6A6A35D58BF7}
476707.4831,4750670.4987,8463,74,83 Dennis Ave,City,Baseball Diamond,2008,Ralph Hamlyn Park Baseball Diamond 1 - Hardball,Regular,Y,Neighbourhood Park,{30476AC9-F1C4-45B9-A777-2E6436EB9C7A}
483730.2524,4754518.0207,8464,75,150 Bexhill Dr,City,Baseball Diamond,2013,Heritage Park Baseball Diamond 1 - Mosquito,Other,,Neighbourhood Park,{05EA4832-DE69-4259-B10C-1AFEBDABE105}
485598.1659,4756934.1344,8465,76,1510 Commissioners Rd E,City,Baseball Diamond,1996,City Wide Sports Park Baseball Diamond 1 - Hardball,Regular,Y,Sports Park,{D57922D5-CC5C-4248-918B-B067CC6467D9}
485535.5359,4756999.1464,8466,77,1510 Commissioners Rd E,City,Baseball Diamond,1996,City Wide Sports Park Baseball Diamond 2 - Hardball,Regular,Y,Sports Park,{C421A153-9FCF-4A62-9858-237789B7462E}
484017.1284,4758029.6512,8467,78,15 Tommy Hunter Way,City,Baseball Diamond,2003,St. Julien Park Baseball Diamond 1 - Mosquito,Other,,Sports Park,{C4AFAF90-4229-4C12-99B8-07B4DD08BC61}
475948.5869,4751336.0249,8468,79,4200 Campbell St N,City,Baseball Diamond,1999,Lambeth Optimist Park Baseball Diamond 1 - Slow Pitch,Regular,Y,Neighbourhood Park,{3FE29AE6-07D6-4999-B7BB-269D8C82CF87}
476023.1446,4751462.0555,8469,80,4200 Campbell St N,City,Baseball Diamond,2013,Lambeth Optimist Park Baseball Diamond 2 - Slow Pitch,Other,,Neighbourhood Park,{884177BE-461A-4283-B0D4-27B9105D8B18}
483093.9014,4757897.5227,8470,81,54 Price St,City,Baseball Diamond,2002,Forest City Slow Pitch Baseball Diamond 1 - Slow pitch,Other,,Sports Park,{2EDD1BE1-299F-4DF4-ABEF-8D221A208315}
482980.2013,4758069.009,8471,82,54 Price St,City,Baseball Diamond,2002,Forest City Slow Pitch Baseball Diamond 4 - Slow pitch,Other,,Sports Park,{1C8B95A4-3E2A-4985-9721-342A506DCB50}
482969.9884,4758020.171,8472,83,54 Price St,City,Baseball Diamond,2002,Forest City Slow Pitch Baseball Diamond 3 - Slow pitch,Other,,Sports Park,{814AE880-745A-49D5-BC60-F6B47DD06D6E}
483051.7851,4757948.7322,8473,84,54 Price St,City,Baseball Diamond,2002,Forest City Slow Pitch Baseball Diamond 2 - Slow pitch,Other,,Sports Park,{36B592EB-8F85-40D9-B699-513E195DE7A3}
478132.885,4764986.2771,8474,85,225 Chambers Ave,City,Baseball Diamond,2007,Virginia Park Baseball Diamond 1 - Peewee,Peewee,,Neighbourhood Park,{1913879C-268A-4FB9-AA89-8B8BD49FB293}
484999.2188,4762925.8603,8475,86,1840 Oxford St E,Private,Baseball Diamond,1996,3M Canada Baseball Diamond 1,Other,,Private,{B835666A-3BA2-40E3-9EE0-33DE3AADD438}
486113.9688,4758729.6482,8476,87,31 Firestone Blvd,Private,Baseball Diamond,2021,Accuride Canada Baseball Diamond 1,Other,,Private,{F736AA8C-D128-4843-B895-C535D4590AD4}
473263.4909,4757981.2373,8477,88,40 Hunt Club Dr,School,Baseball Diamond,2021,Ecole Marie-Curie Baseball Diamond 2,Other,,School,{FF31375A-DE74-4547-A3BA-EE81C9EC5F10}
480411.0465,4753955.2176,8478,89,1655 Ernest Ave,School,Baseball Diamond,2021,Sir Arthur Carty Separate School Baseball Diamond 2,Other,,School,{B8ED1A90-06BE-4896-93E7-99802DC00EC0}
478001.9984,4755606.193,8479,90,617 Viscount Rd,School,Baseball Diamond,2021,Arthur Ford Public School Baseball Diamond 1,Other,,School,{EFF6E9D8-BA12-4C5A-A34A-156A49F9B7AD}
483003.5125,4755103.2758,8480,91,43 Shaftesbury Ave,School,Baseball Diamond,2021,Arthur Stringer Public School Baseball Diamond 1,Other,,School,{DBF24D98-B924-4C28-BF10-0D76D4D33D0C}
475009.4657,4760990.5189,8481,92,125 Sherwood Forest Sq,School,Baseball Diamond,2021,Banting Secondary School Baseball Diamond 1,Other,,School,{24B2EC42-9CDE-420E-9DD4-D92553F79973}
472403.3278,4756417.9954,8483,94,1370 Commissioners Rd W,School,Baseball Diamond,2021,Byron Northview Public School Baseball Diamond 1,Other,,School,{D9BF26D7-4E5E-47C9-AAC5-6ACF3755083B}
472627.429,4757568.778,8484,95,1360 Oxford St W,School,Baseball Diamond,2021,St. Thomas Aquinas Secondary School Baseball Diamond 1,Other,,School,{FF903A56-43E7-4AAC-A95C-8852C23513F0}
480862.4242,4755826.5705,8485,96,695 Chiddington Ave,School,Baseball Diamond,2021,Sir Georges Etienne Cartier Public School Baseball Diamond 2,Other,,School,{B487D333-59F0-4C29-AF19-47A288FD21B3}
483948.257,4763913.5164,8486,97,1035 Chippewa Dr,School,Baseball Diamond,2021,Chippewa Public School Baseball Diamond 2,Other,,School,{17CA2319-BA57-4135-9EE6-54BECF008761}
485348.4531,4760737.3678,8487,98,1837 Churchill Ave,School,Baseball Diamond,2021,Sir Winston Churchill Public School Baseball Diamond 2,Other,,School,{AF4AA3F4-7BDA-4822-AE5E-5CB7E8101F03}
474178.2972,4758721.4182,8488,99,1025 St Croix Ave,School,Baseball Diamond,2021,Clara Brenton Public School Baseball Diamond 1,Other,,School,{AD1EFB4A-8F24-4AA9-9F1F-C297D4327520}
480455.8198,4754740.3043,8489,100,780 Dulaney Dr,School,Baseball Diamond,2021,Cleardale Public School Baseball Diamond 2,Other,,School,{EFF061AA-211F-403F-8528-B5A0A3F1BED4}
477347.4923,4756766.8305,8490,101,400 Base Line Rd W,School,Baseball Diamond,2021,Ecole Frere Andre (FFL) Separate School Baseball Diamond 1,Other,,School,{56AA4376-22DE-4FF7-9B5A-FD9CF49A3481}
484767.3879,4758456.4267,8491,102,1040 Hamilton Rd,School,Baseball Diamond,2021,Fairmont Public School Baseball Diamond 1,Other,,School,{ECF4AFB1-ED76-4040-B0B7-3AB8DA4A088E}
483413.3137,4755996.2052,8492,103,53 Frontenac Rd,School,Baseball Diamond,2021,Glen Cairn Public School Baseball Diamond 2,Other,,School,{67538A44-219B-4955-BD32-8AE343791053}
483976.2144,4763491.5483,8493,104,50 Tewksbury Cres,School,Baseball Diamond,2021,Evelyn Harrison Public School Baseball Diamond 1,Other,,School,{16215420-C3C8-404F-B5C2-6D66B6CA09D3}
481749.5556,4763242.2353,8494,105,1231 Fuller St,School,Baseball Diamond,2021,Hillcrest Public School Baseball Diamond 1,Other,,School,{464E7112-A587-4090-9EEF-CE932D0862CD}
487278.9161,4759827.1592,8495,106,329 Hudson Dr,School,Baseball Diamond,2021,Holy Family Separate School Baseball Diamond 1,Other,,School,{A936EB34-A292-4CF2-BA4D-A73F842DAEF8}
481224.4649,4757151.6855,8496,107,268 Herkimer St,School,Baseball Diamond,2021,Holy Rosary Separate School Baseball Diamond 1,Other,,School,{F43104B6-65E3-4D64-87A0-12D7A4E90118}
482282.4619,4762148.4781,8498,110,1150 Landor St,School,Baseball Diamond,2021,Sir John A. MacDonald Public School Baseball Diamond 1,Other,,School,{5CF91B34-AAFA-4EA7-91FC-E73C008E2BF1}
473141.4161,4757075.3287,8499,111,555 Sanatorium Rd,School,Baseball Diamond,2021,John Dearness Public School Baseball Diamond 2,Other,,School,{B0D76A94-3AE7-422D-ACE8-F342FE8C69A9}
487093.1763,4759628.1306,8500,112,84 Bow St,School,Baseball Diamond,2021,John P. Robarts Public School Baseball Diamond 1,Other,,School,{7326A3ED-AF67-41C5-9385-771031E88594}
484468.134,4762036.1662,8501,113,560 Second St,School,Baseball Diamond,2021,F.D. Roosevelt Public School Baseball Diamond 2,Other,,School,{A7C4D2CB-E766-475B-B649-EABFFC241751}
477398.9244,4757426.1065,8502,114,328 Springbank Dr,School,Baseball Diamond,2021,Kensal Park French Immersion Public School Baseball Diamond 1,Other,,School,{45C4F0C6-74BA-463A-8535-5F4C4C930B85}
481644.1339,4762419.6546,8503,115,1100 Victoria Dr,School,Baseball Diamond,2021,Lord Elgin Public School Baseball Diamond 1,Other,,School,{6247D4BC-34BF-4063-A9DC-6A04655A4B96}
486429.926,4760773.445,8504,116,1990 Royal Cres,School,Baseball Diamond,2021,Lord Nelson Public School Baseball Diamond 2,Other,,School,{55BF59C6-0FBE-4F41-8666-B96D98935DB6}
476711.0723,4763604.1911,8505,117,25 Hillview Blvd,School,Baseball Diamond,2021,Masonville Public School Baseball Diamond 1,Other,,School,{DC4B86DA-474F-4E00-BB9D-C2DF2A7C13AA}
480109.0514,4756383.0187,8506,118,8 Mountsfield Dr,School,Baseball Diamond,2021,Mountsfield Public School Baseball Diamond 2,Other,,School,{D395DB4D-23E9-4BEC-AAD5-68919A0A33F8}
482268.4464,4753989.1518,8507,119,927 Osgoode Dr,School,Baseball Diamond,2021,Nicholas Wilson Public School Baseball Diamond 1,Other,,School,{B3B17443-FE52-4B7E-A447-C9300B0A97B4}
480286.5265,4762681.0004,8508,120,335 Belfield St,School,Baseball Diamond,2021,Northbrae Public School Baseball Diamond 1,Other,,School,{03EFC67A-896B-4796-A0E5-5589077DFD8A}
480817.0272,4764881.0023,8509,122,25 Mclean Dr,School,Baseball Diamond,2021,Northridge Public School Baseball Diamond 1,Other,,School,{B1AB2D2B-FE88-42DF-9613-A0A775A2B95A}
475441.5531,4758247.5503,8510,123,767 Valetta St,School,Baseball Diamond,2021,Notre Dame Separate School Baseball Diamond 1,Other,,School,{677B52F4-95E7-442C-8871-9AAFA8A2F96E}
476123.534,4760995.4131,8511,124,50 Wychwood Pk,School,Baseball Diamond,2021,Orchard Park Public School Baseball Diamond 2,Other,,School,{7344BBCC-9E0B-43AD-958C-353A75C1DB83}
483357.0861,4763682.6154,8512,125,35 Fallons Lane,School,Baseball Diamond,2021,Ecole Ste Jeanne d Arc (FFL) Separate School Baseball Diamond 1,Other,,School,{B3F16D65-02C6-409A-8B98-435DB1A7DD46}
484752.7646,4760192.5213,8513,126,1601 Wavell St,School,Baseball Diamond,2021,Prince Charles Public School Baseball Diamond 1,Other,,School,{A3388AA9-F05B-4590-B0EF-F8EA5C4F4C17}
481933.0135,4757155.8731,8514,127,247 Thompson Rd,School,Baseball Diamond,2021,Princess Elizabeth Public School Baseball Diamond 1,Other,,School,{316BFDDD-66BD-4FEF-9E98-2ABDBEB6C8EC}
475193.2594,4758047.7949,8515,128,550 Pinetree Dr,School,Baseball Diamond,2021,Riverside Public School Baseball Diamond 1,Other,,School,{8A5A9E7B-CD0E-4B0A-A8E2-A23B0CE7D120}
479625.4244,4761311.1466,8516,129,940 Waterloo St,School,Baseball Diamond,2021,Ryerson Public School Baseball Diamond 1,Other,,School,{D187CF2B-2AB0-4878-8D2F-EDCD59055877}
482583.5436,4763311.2053,8517,130,1366 Huron St,School,Baseball Diamond,2021,St. Anne Separate School Baseball Diamond 1,Other,,School,{92071C4A-3128-4347-BCCD-7118E7528D10}
480894.0318,4753200.7845,8518,131,1380 Ernest Ave,School,Baseball Diamond,2021,St. Anthony Separate School Baseball Diamond 1,Other,,School,{E704A013-7333-4AB6-914C-BA8B767439DC}
473996.3798,4758478.3491,8519,132,1090 Guildwood Blvd,School,Baseball Diamond,2021,St. Paul Separate School Baseball Diamond 1,Other,,School,{6CC00E3A-88F9-4781-9669-1246E1C09BE8}
476465.5072,4760716.8883,8520,133,18 Wychwood Pk,School,Baseball Diamond,2021,St. Thomas More Separate School Baseball Diamond 1,Other,,School,{90F5BDC7-803B-44E7-A3AE-A84C06BE2BAB}
478611.168,4754702.6524,8521,135,80 St Lawrence Blvd,School,Baseball Diamond,2021,Sir Isaac Brock Public School Baseball Diamond 1,Other,,School,{547E7104-770A-4557-8283-5BB9EA1C9921}
478663.1485,4763891.965,8522,136,1460 Stoneybrook Cres,School,Baseball Diamond,2021,Stoneybrook Public School Baseball Diamond 1,Other,,School,{99876D78-FF60-4C36-AA25-38EA1C3BEC3B}
485342.8185,4758810.0315,8523,138,349 Tweedsmuir Ave,School,Baseball Diamond,2021,Tweedsmuir Public School Baseball Diamond 1,Other,,School,{0463EA06-FDD6-41B6-B859-B16EAA7386CB}
474507.1232,4757787.6225,8524,139,1050 Plantation Rd,School,Baseball Diamond,2021,Westdale Public School Baseball Diamond 1,Other,,School,{06D52F15-BA56-43F7-B486-38BF262512B0}
476699.3874,4756853.7595,8525,140,474 Springbank Dr,School,Baseball Diamond,2021,Woodland Heights Public School Baseball Diamond 2,Other,,School,{E8515F9B-D45A-47B9-AA13-46A26DC1E41B}
475767.4499,4751263.1256,8526,141,6820 Duffield St,School,Baseball Diamond,2021,A.E. Duffield Public School Baseball Diamond 1,Other,,School,{A7FBD3B9-9C25-495E-B8A9-0CD09418ADF9}
475777.8076,4751326.2985,8527,142,6820 Duffield St,School,Baseball Diamond,2021,A.E. Duffield Public School Baseball Diamond 2,Other,,School,{6DF57F99-4D47-43A6-A77D-BF68B3E327BA}
481210.8461,4758847.2079,8528,143,580 Grey St,School,Baseball Diamond,2021,Aberdeen Public School Baseball Diamond 1,Other,,School,{522D6145-D98F-4427-9F83-17C672F9178C}
483268.4074,4760668.0147,8529,144,1260 Dundas St,School,Baseball Diamond,2021,Academie de la Tamise Baseball Diamond 1,Other,,School,{909647C2-5022-49DF-84DB-429F5173294D}
478042.949,4755502.0981,8530,145,617 Viscount Rd,School,Baseball Diamond,2021,Arthur Ford Public School Baseball Diamond 2,Other,,School,{6D8BCB31-667B-437B-9A79-85EA0D96D072}
481824.9865,4761188.1166,8531,146,814 Quebec St,School,Baseball Diamond,2021,Bishop Townshend Public School Baseball Diamond 1,Other,,School,{1358F2B0-6B83-4B94-94F9-AC6155BAD5BD}
481840.1581,4761140.4431,8532,147,814 Quebec St,School,Baseball Diamond,2021,Bishop Townshend Public School Baseball Diamond 2,Other,,School,{C069A2B6-507E-46C5-B4FC-457B3E8DE3BF}
478501.0005,4763551.6638,8533,148,220 Sunnyside Dr,School,Baseball Diamond,2021,Blessed Kateri Separate School Baseball Diamond 1,Other,,School,{070C4982-DB3E-4F7A-9F11-FE8A165703C6}
472464.1182,4756425.7926,8535,150,1370 Commissioners Rd W,School,Baseball Diamond,2021,Byron Northview Public School Baseball Diamond 2,Other,,School,{6EE19E01-2FF9-48AF-8634-FD279F010D34}
472845.6245,4755419.2662,8536,151,1379 Lola St,School,Baseball Diamond,2021,Byron Southwood Public School Baseball Diamond 1,Other,,School,{A16C9370-C738-4FE7-AD3B-1DF1CB22BBFF}
472829.8264,4755485.7246,8537,152,1379 Lola St,School,Baseball Diamond,2021,Byron Southwood Public School Baseball Diamond 2,Other,,School,{F04A83A6-E844-40A8-982C-7B2BEA8F9D3D}
472901.6179,4755493.5333,8538,153,1379 Lola St,School,Baseball Diamond,2021,Byron Southwood Public School Baseball Diamond 3,Other,,School,{1D8B828F-9C8B-49E3-9749-BE511E8FCED7}
472918.3681,4755422.9078,8539,154,1379 Lola St,School,Baseball Diamond,2021,Byron Southwood Public School Baseball Diamond 4,Other,,School,{AEA765DF-0E1C-4BCB-8A5C-92CE63D08E41}
482892.1538,4756625.5095,8540,155,360 Chippendale Cres,School,Baseball Diamond,2021,C.C. Carrothers Public School Baseball Diamond 1,Other,,School,{B3FF91C8-F304-4C42-A3CA-8AB30FD39BF5}
484079.7668,4763916.0815,8541,156,1035 Chippewa Dr,School,Baseball Diamond,2021,Chippewa Public School Baseball Diamond 1,Other,,School,{7A1626C0-B53C-41BA-A1C4-C4667C1F6BC1}
480397.9122,4754703.8238,8542,157,780 Dulaney Dr,School,Baseball Diamond,2021,Cleardale Public School Baseball Diamond 1,Other,,School,{7B7175AC-15F7-4630-BA0A-FB5095F35570}
483658.9936,4758582.8337,8543,158,840 Hamilton Rd,School,Baseball Diamond,2021,Ealing Public School Baseball Diamond 1,Other,,School,{81CA26EB-CED3-4E77-A551-85F2BC484B0E}
483642.365,4758628.6335,8544,159,840 Hamilton Rd,School,Baseball Diamond,2021,Ealing Public School Baseball Diamond 2,Other,,School,{E3CE437E-F238-4BB5-8386-B51B2D775B73}
473214.4317,4757959.9021,8545,160,40 Hunt Club Dr,School,Baseball Diamond,2021,Ecole Marie-Curie Baseball Diamond 1,Other,,School,{89CDF50A-E8CA-4195-B7D5-798E0FF5868F}
484086.7843,4763484.0128,8546,161,50 Tewksbury Cres,School,Baseball Diamond,2021,Evelyn Harrison Public School Baseball Diamond 2,Other,,School,{1B60E20A-367F-4BA1-BEF7-8C249E3AF674}
484117.7116,4763472.0076,8547,162,50 Tewksbury Cres,School,Baseball Diamond,2021,Evelyn Harrison Public School Baseball Diamond 3,Other,,School,{42A69760-76E1-4962-AA32-DF8987DC3A0E}
484381.757,4762003.8345,8548,163,560 Second St,School,Baseball Diamond,2021,F.D. Roosevelt Public School Baseball Diamond 1,Other,,School,{C12EAF8F-C41C-4346-BBEC-8ED210A787F3}
483513.578,4762564.3137,8549,164,1460 Oxford St E,School,Baseball Diamond,2021,Fanshawe College Baseball Diamond 1,Other,,School,{5B44C426-2142-4ABF-BE1C-407E95FD933F}
483356.0495,4755972.3835,8550,165,53 Frontenac Rd,School,Baseball Diamond,2021,Glen Cairn Public School Baseball Diamond 1,Other,,School,{EA8F6177-669B-48D1-BDB8-9A1A45CE0ADC}
481827.0665,4763264.7844,8551,166,1231 Fuller St,School,Baseball Diamond,2021,Hillcrest Public School Baseball Diamond 2,Other,,School,{B0366363-C7AE-4EDE-8295-2ECDF602C685}
473091.1973,4757110.502,8553,169,555 Sanatorium Rd,School,Baseball Diamond,2021,John Dearness Public School Baseball Diamond 1,Other,,School,{7819F5E3-5827-4735-B857-F36399887BF6}
482950.9679,4761876.0507,8554,170,1300 Oxford St E,School,Baseball Diamond,2021,John Paul II Secondary School Baseball Diamond 1,Other,,School,{163B1098-4AEA-4B4E-BA58-8B3A509A0D81}
481184.1005,4761769.3602,8555,171,70 Gammage St,School,Baseball Diamond,2021,Knollwood Public School Baseball Diamond 1,Other,,School,{E47F477B-2A25-45B5-83B6-5209CFC9A73A}
481251.7209,4761802.0738,8556,172,70 Gammage St,School,Baseball Diamond,2021,Knollwood Public School Baseball Diamond 2,Other,,School,{9E989548-E6BF-4460-B96E-92A3C919517A}
486323.3642,4760794.6069,8557,173,1990 Royal Cres,School,Baseball Diamond,2021,Lord Nelson Public School Baseball Diamond 1,Other,,School,{36FFFF4B-E325-4221-8AFD-40EEC1EBC8D2}
480389.7103,4759926.9833,8558,174,440 Princess Ave,School,Baseball Diamond,2021,Lord Roberts Public School Baseball Diamond 1,Other,,School,{0FBB00E2-E5DF-4335-B677-0F006E6A9D2C}
476686.346,4763645.0549,8561,178,25 Hillview Blvd,School,Baseball Diamond,2021,Masonville Public School Baseball Diamond 2,Other,,School,{9478E259-452E-4EF8-97E7-75270FBA9E8E}
482424.2989,4763690.9981,8562,179,1350 Highbury Ave N,School,Baseball Diamond,2021,Montcalm Secondary School Baseball Diamond 1,Other,,School,{E1728F47-1778-4C8D-9173-B9F765243191}
480036.5568,4756338.1601,8563,180,8 Mountsfield Dr,School,Baseball Diamond,2021,Mountsfield Public School Baseball Diamond 1,Other,,School,{7D09D046-ADC8-4DAB-B267-0627B91E8B95}
480900.78,4764759.7957,8564,181,25 Mclean Dr,School,Baseball Diamond,2021,Northridge Public School Baseball Diamond 2,Other,,School,{1B34B19D-9C78-44CB-8DEB-883AC1492AAD}
476174.3281,4760919.1122,8565,182,50 Wychwood Pk,School,Baseball Diamond,2021,Orchard Park Public School Baseball Diamond 1,Other,,School,{251C0685-34BF-43EB-8586-E2DA926EE874}
477595.5756,4759418.36,8566,183,284 Oxford St W,School,Baseball Diamond,2021,Eagle Heights Public School Baseball Diamond 1,Other,,School,{0E616ABD-5C75-4F90-AD19-53B594825F34}
484637.0625,4759966.5124,8567,184,1601 Wavell St,School,Baseball Diamond,2021,Prince Charles Public School Baseball Diamond 2,Other,,School,{ECE8D6DA-E89F-4C93-A433-B09BE5DFAF2A}
485143.6117,4759925.8651,8568,185,191 Dawn Dr,School,Baseball Diamond,2021,Princess Anne French Immersion Public School Baseball Diamond 1,Other,,School,{EADFB143-8629-43CC-B6F0-633F7213C226}
482055.3182,4757151.9825,8569,186,247 Thompson Rd,School,Baseball Diamond,2021,Princess Elizabeth Public School Baseball Diamond 2,Other,,School,{79219ED3-C0C2-4126-A888-29D594544BE8}
482821.3409,4762299.6767,8570,187,1090 Highbury Ave N,School,Baseball Diamond,2021,Robarts School for the Deaf Baseball Diamond 1,Other,,School,{E71D3BCB-F8BD-48F7-8F71-C5BBF300B971}
483030.1746,4762423.9084,8571,188,1090 Highbury Ave N,School,Baseball Diamond,2021,Robarts School for the Deaf Baseball Diamond 2,Other,,School,{8844EE85-46BE-4190-A4C0-30F82D3E707D}
480426.1255,4753854.2734,8572,190,1655 Ernest Ave,School,Baseball Diamond,2021,Sir Arthur Carty Separate School Baseball Diamond 1,Other,,School,{8741722D-F84A-4629-BB73-AB628E379B4D}
480792.6606,4755777.9484,8573,191,695 Chiddington Ave,School,Baseball Diamond,2021,Sir Georges Etienne Cartier Public School Baseball Diamond 1,Other,,School,{87333043-ACCC-43E9-91C7-4E3EDBBEA986}
478677.0756,4754726.0109,8574,192,80 St Lawrence Blvd,School,Baseball Diamond,2021,Sir Isaac Brock Public School Baseball Diamond 2,Other,,School,{9ADBF5E0-9EF3-4AF4-B861-FCBBC1D03C34}
482351.3451,4762149.5627,8575,193,1150 Landor St,School,Baseball Diamond,2021,Sir John A. MacDonald Public School Baseball Diamond 2,Other,,School,{E631F302-7093-4211-BDE2-D9B412970F5A}
485385.7123,4760672.634,8576,194,1837 Churchill Ave,School,Baseball Diamond,2021,Sir Winston Churchill Public School Baseball Diamond 1,Other,,School,{EC75C9AB-B796-4537-A725-2C26AB293935}
485046.2315,4758762.7,8577,195,155 Tweedsmuir Ave,School,Baseball Diamond,2021,St. Bernadette Separate School Baseball Diamond 1,Other,,School,{8A70CD75-9BE9-45A5-A841-E236304C6B8A}
485110.5237,4758761.0494,8578,196,155 Tweedsmuir Ave,School,Baseball Diamond,2021,St. Bernadette Separate School Baseball Diamond 2,Other,,School,{A738E2C8-FE88-477C-B211-CA28FE170A5E}
479876.7234,4760650.0288,8579,197,782 Waterloo St,School,Baseball Diamond,2021,St. Georges Public School Baseball Diamond 1,Other,,School,{60340A37-3375-44B5-83EE-6332690FFE61}
478053.3613,4755099.4442,8580,198,690 Viscount Rd,School,Baseball Diamond,2021,St. Jude Separate School Baseball Diamond 1,Other,,School,{A1B254BA-1010-46C9-9207-2327B8512C04}
478080.007,4755055.6827,8581,199,690 Viscount Rd,School,Baseball Diamond,2021,St. Jude Separate School Baseball Diamond 4,Other,,School,{B613CBBC-C8C6-420C-AE37-78AE3BA91224}
478180.1487,4755089.3697,8582,200,690 Viscount Rd,School,Baseball Diamond,2021,St. Jude Separate School Baseball Diamond 3,Other,,School,{6DD35F46-6B05-4B62-B268-69D9DFBCC7EB}
478133.602,4755154.0147,8583,201,690 Viscount Rd,School,Baseball Diamond,2021,St. Jude Separate School Baseball Diamond 2,Other,,School,{9C6949CC-C05F-4D04-98CA-80AD8DA31C83}
473862.2769,4761691.3069,8584,202,170 Hawthorne Rd,School,Baseball Diamond,2021,St. Marguerite d'Youville Separate School Baseball Diamond 1,Other,,School,{44BE8D04-3658-4677-BB23-723C354077F5}
480800.6865,4764686.2706,8585,203,1440 Glenora Dr,School,Baseball Diamond,2021,St. Mark Separate School Baseball Diamond 1,Other,,School,{849BF436-0DEE-4260-B69D-C6CEAB788BAF}
484933.921,4760007.2675,8586,204,255 Vancouver St,School,Baseball Diamond,2021,St. Pius X Separate School Baseball Diamond 1,Other,,School,{17F86FA1-2177-4244-AD7F-35E548C65E9E}
486357.9853,4760274.0055,8587,205,1958 Duluth Cres,School,Baseball Diamond,2021,St. Robert Separate School Baseball Diamond 1,Other,,School,{72C0297C-4FDC-47AB-9E6A-D92A5BBB9D93}
483253.5183,4756906.8806,8588,206,225 Cairn St,School,Baseball Diamond,2021,St. Sebastian Separate School Baseball Diamond 1,Other,,School,{C5AEB9B2-17C9-4691-82B1-8F8CD9E8DF04}
482658.8429,4758477.5216,8589,207,919 Trafalgar St,School,Baseball Diamond,2021,Trafalgar Public School Baseball Diamond 2,Other,,School,{11568E2D-2FE7-462B-B543-EE6649C13C14}
482614.4312,4758513.5245,8590,208,919 Trafalgar St,School,Baseball Diamond,2021,Trafalgar Public School Baseball Diamond 1,Other,,School,{78F4D273-2D74-4457-8290-745E86B79607}
485440.6596,4758778.7096,8591,209,349 Tweedsmuir Ave,School,Baseball Diamond,2021,Tweedsmuir Public School Baseball Diamond 2,Other,,School,{00C91F71-55E2-4450-90C9-5BD5A3966B28}
477350.6961,4760671.1722,8592,210,27 Ford Cres,School,Baseball Diamond,2021,University Heights Public School Baseball Diamond 1,Other,,School,{BA3EAF48-98B0-40E4-987D-EAB932AA081D}
477409.8751,4760691.5583,8593,211,27 Ford Cres,School,Baseball Diamond,2021,University Heights Public School Baseball Diamond 2,Other,,School,{DAEEABC7-397B-4D8A-8B80-AE28115DAE2E}
476755.7536,4755316.888,8594,212,660 Steeplechase Dr,School,Baseball Diamond,2021,W. Sherwood Fox Public School Baseball Diamond 1,Other,,School,{4A299BF3-7402-4DB3-903F-73634BDF779F}
483696.7544,4749834.0121,8595,213,2835 Westminster Dr,School,Baseball Diamond,2021,Westminster Central Public School Baseball Diamond 1,Other,,School,{E93C1970-9690-4D53-B3EE-FBCE31C790BB}
483821.2542,4749868.5828,8596,214,2835 Westminster Dr,School,Baseball Diamond,2021,Westminster Central Public School Baseball Diamond 2,Other,,School,{44F365CC-2869-424C-9F21-E4A1F14EF246}
483205.2294,4754239.4959,8597,215,626 Osgoode Dr,School,Baseball Diamond,2021,Wilton Grove Public School Baseball Diamond 2,Other,,School,{DFAE2FEF-015A-4238-A06B-A09B98BE4736}
476553.2267,4756876.0121,8598,216,474 Springbank Dr,School,Baseball Diamond,2021,Woodland Heights Public School Baseball Diamond 1,Other,,School,{12A660BA-55A0-4107-9C93-AB26182C770E}
479540.3374,4757063.3358,8599,217,301 Wortley Rd,School,Baseball Diamond,2021,Wortley Road Public School Baseball Diamond 1,Other,,School,{193B80B3-C5FA-4AB4-8A63-D2B737AF23A7}
483061.6975,4758077.3186,8600,218,54 Price St,City,Baseball Diamond,2002,Forest City Slow Pitch Baseball Diamond 5 - T-Ball,Other,,Sports Park,{D2877236-B325-4FA9-A2E1-434259BCABB6}
474629.2322,4761957.4565,8601,219,44 Hawthorne Rd,School,Baseball Diamond,2021,Emily Carr Public School Baseball Diamond 2 - Slow Pitch,Other,,School,{211466A6-700D-4268-8417-0D73A444F50C}
481046.6492,4753790.3279,8602,220,70 Ponderosa Cres,School,Baseball Diamond,2021,Rick Hansen Public School Baseball Diamond 1,Other,,School,{D90DC867-8748-4365-BE15-EFEB9FDFAF95}
472981.7455,4754280.8305,8603,236,651 Boler Rd,Private,Baseball Diamond,2021,Byron Optimist Sports Park Baseball Diamond 3,Other,,Private,{56D22E2C-0264-47A7-9840-C3B4F18F29C7}
473086.9751,4754289.8341,8604,237,651 Boler Rd,Private,Baseball Diamond,2021,Byron Optimist Sports Park Baseball Diamond 2,Other,,Private,{36365B12-72F4-4643-9659-A31FA6DA8373}
473183.2011,4754302.7768,8605,238,651 Boler Rd,Private,Baseball Diamond,2021,Byron Optimist Sports Park Baseball Diamond 1,Other,,Private,{CB5A9EC0-769B-40A0-B658-750F4959EFF8}
482394.4448,4761272.8625,8606,239,800 High Holborn St,City,Baseball Diamond,2012,Mornington Park Baseball Diamond 3 - Fastball,Other,,Sports Park,{5B7AE952-9A94-48CA-8077-F06C422D5F46}
479261.629,4753478.7833,8607,240,2895 Bateman Trail,City,Baseball Diamond,2011,Baseball Diamond 1 - Mosquito,Other,,Neighbourhood Park,{4A20B161-BE16-4A16-AB4E-267EFAD79F6A}
470229.9465,4757714.2261,8608,241,1585 Riverbend Rd,City,Baseball Diamond,2015,Riverbend Park  Baseball Diamond 1 - Peewee,Peewee,Y,District Park,{5B816C1B-1DC8-442C-8EBC-4B9B898149EC}
480007.2361,4763488.0247,8609,242,815 Windermere Rd,City,Baseball Diamond,1999,Stoneybrook Recreation Field Baseball Diamond 2,Other,,Sports Park,{D0B7A8DB-C193-4FA5-80D2-495804F052FD}
482315.7504,4758187.703,8610,243,2 Homan St,City,Baseball Diamond,1996,South Branch Baseball Diamond 1 - Peewee,PeeWee,,Open Space Park,{E3C6248F-CD68-4631-B309-67E8FD12279F}
480799.7699,4761346.3167,8611,246,675 Grosvenor St,City,Basketball Court,2018,Carling Park Basketball Court 2 - Half,Half,,Neighbourhood Park,{6FC1342C-B995-43E7-8CDB-13F02A63242B}
480793.0351,4761362.8099,8612,247,675 Grosvenor St,City,Basketball Court,2017,Carling Park Basketball Court 1 - Full,Full,,Neighbourhood Park,{6289C9E5-319D-4964-AC15-79F21D2A1462}
479422.6306,4760986.9881,8613,248,300 Cromwell St,City,Basketball Court,1996,Doidge Park Basketball Court 1 - Full,Full,,Neighbourhood Park,{D984F64D-935E-4EAB-916B-D5D9AA826E82}
484074.2226,4755960.5112,8614,249,237 Deveron Cres,City,Basketball Court,2008,Southeast Optimist Park Basketball Court 1 - Full,Half,,District Park,{223D980E-3706-40E2-A8B3-08F2B1C651CD}
481777.4668,4753673.4848,8615,250,1030 Mitchell St,City,Basketball Court,1999,St. Stephen's Park Basketball Court 1 - Half,Half,,Neighbourhood Park,{669E43AF-531E-4843-AC6C-3DFB28C73F01}
483116.0329,4754421.7355,8616,251,650 Osgoode Dr,City,Basketball Court,2013,Westminster Optimist Park Basketball Court 1 - Full,Full,,District Park,{9A159922-DFC7-4204-A3F2-BB2EF911742B}
481821.5678,4762198.0375,8617,252,185 McNay St,City,Basketball Court,2000,Huron Heights Park Basketball Court 1 - Full,Full,,Neighbourhood Park,{CBA4BC62-74B3-4A2B-B38A-2633F40CDE0F}
485117.3092,4761905.2335,8618,253,1735 Culver Dr,City,Basketball Court,1996,Culver Park Basketball Court 1 - Full,Full,,Neighbourhood Park,{98457FA5-D128-479A-BFB3-3D6064325DAF}
486305.7509,4758067.9213,8619,254,55 Danielle Cres,City,Basketball Court,1996,River East Optimist Park Basketball Court 1 - Full,Full,,Neighbourhood Park,{DB453989-E7AB-4653-8438-2C8B4AAF71EA}
482683.2632,4761853.1231,8620,255,145 Rhine Ave,City,Basketball Court,2003,Flanders Park Basketball Court 1 - Half,Half,,Neighbourhood Park,{BD98AFB7-E390-4053-B01D-46B6FCECE543}
482179.2192,4760546.7656,8621,256,1010 Princess Ave,City,Basketball Court,1996,Boyle Park Basketball Court 1 - Full,Full,,Neighbourhood Park,{9A75E624-5008-4280-9E72-247BF4525803}
482199.8298,4760548.0409,8622,257,1010 Princess Ave,City,Basketball Court,1996,Boyle Park Basketball Court 2 - Half,Half,,Neighbourhood Park,{07A13746-0D16-4C9C-9797-A886CBD23EF8}
476500.7543,4760321.2481,8623,258,328 Castlegrove Blvd,City,Basketball Court,2002,Chesham Heights Park Basketball Court 1 - Full,Full,,Neighbourhood Park,{678FA8F7-DAAA-47EA-BF33-E66DAE054438}
479385.9413,4754759.2723,8624,259,799 Homeview Rd,City,Basketball Court,1996,Earl Nichols Park and Arena Basketball Court 1 - Half,Half,,Neighbourhood Park,{6480F5A2-B709-44D5-8F96-788909F1803F}
479777.9991,4760217.5726,8625,261,695 Waterloo St,City,Basketball Court,1996,Piccadilly Park Basketball Court 1 - Half,Half,,Urban Park,{4E608AE0-50AE-48F7-8E95-4CC6A7E993DF}
484148.682,4757193.3606,8626,262,828 Deveron Cres,City,Basketball Court,2002,Naiomi Almeida Park Basketball Court 1 - Half,Half,,Neighbourhood Park,{24E6BBA4-0E35-47D5-A517-1FA7056C8603}
474780.9971,4759055.3657,8628,264,63 Meadowridge Rd,City,Basketball Court,1996,Huntington Park Basketball Court 1 - Full,Full,,Neighbourhood Park,{2FFEF527-2C0A-46AF-903F-463F95C585D9}
487983.6767,4759850.9559,8629,265,265 Bournemouth Dr,City,Basketball Court,1996,Grampian Woods Basketball Court 1 - Half,Half,,Neighbourhood Park,{762B6206-ABCC-4AAF-B34B-52F7E1944B72}
474763.4483,4755038.7225,8630,266,104 Parks Edge Cres,City,Basketball Court,2003,Cresthaven Park Basketball Court 1 - Half,Half,,Neighbourhood Park,{B2B0C2E5-9ECD-4B22-A9C6-144809E7D7AF}
476078.0237,4762830.988,8631,268,257 Ambleside Dr,City,Basketball Court,1996,Ambleside Park Basketball Court 1 - Half,Half,,Neighbourhood Park,{C81C31F5-F4B5-4680-A2CA-07BF344E9F0A}
485487.6183,4756283.6882,8632,269,270 Ellerslie Rd,City,Basketball Court,1996,Carroll Park Basketball Court 1 - Full,Full,,Neighbourhood Park,{77E5FA43-49AB-4959-A4AC-7C2450BDD1C9}
483683.8376,4754380.4356,8633,270,150 Bexhill Dr,City,Basketball Court,2007,Heritage Park Basketball Court 1 - Half,Half,,Neighbourhood Park,{1607907D-2BEB-45D3-9AC0-696CFF6C89EF}
483831.4329,4758113.0596,8634,271,15 Tommy Hunter Way,City,Basketball Court,1996,St. Julien Park Basketball Court 1 - Full,Full,,Sports Park,{C6CF3337-445E-4D06-B979-1CC480841EEE}
479228.3667,4755259.7746,8636,273,324 Highview Ave E,City,Basketball Court,1996,Highland Woods Basketball Court 1 - Half,Half,,Woodland Park,{C49ED11C-6453-4EBD-9E22-C86BF2F14D0A}
480233.2825,4757969.2178,8637,274,205 South St,City,Basketball Court,2003,Richard B. Harrison Park Basketball Court 1 - Half,Half,,Neighbourhood Park,{F460FC6D-9A89-42CE-A030-AE10791050D3}
482315.8386,4759131.2034,8638,275,325 Egerton St,City,Basketball Court,2007,CNRA Park Basketball Court 1 - Full,Full,,Neighbourhood Park,{4B10835D-C996-4197-811B-3363812F6F63}
477143.6461,4765334.6016,8639,276,204 Skyline Ave,City,Basketball Court,2009,Heron Haven Park Basketball Court 1 - Half,Half,,Neighbourhood Park,{E46ECD24-B3FC-4666-B5BD-8C0130335669}
475667.5645,4759290.206,8640,277,40 Capulet Lane,City,Basketball Court,2010,Capulet Park Basketball Court 1 - Full,Full,,Neighbourhood Park,{4E571D38-D294-41A3-98B8-285D582AF14B}
481051.9687,4762705.3343,8641,278,449 Barker St,City,Basketball Court,2011,Ed Blake Park Basketball Court 1 - Full,Full,,District Park,{8D011F24-92B0-4E83-85FB-85EC4628336C}
475215.4086,4759540.9977,8642,279,780 Mapelridge St,City,Basketball Court,2011,Beaverbrook Woods Basketball Court 1 - Half,Half,,Woodland Park,{4D4D6C68-4C1A-4138-9655-FEAB732B7E3F}
470279.2602,4757778.4521,8643,280,1585 Riverbend Rd,City,Basketball Court,2011,Riverbend Park Basketball Court 1,Full,,District Park,{A624EBEC-92E5-4C5D-9A43-6F4B9BA499B9}
477014.9361,4758951.6897,8644,281,460 Sugarcreek Trail,City,Basketball Court,2011,Sugarcreek Park Basketball Court 1 - Full,Full,,Urban Park,{8E594EE2-B580-4FBF-A0A7-1DC80FF3A9E4}
479822.3003,4765188.9762,8645,282,725 Grenfell Dr,City,Basketball Court,2013,Constitution Park Basketball Court 1 - Full,Full,,District Park,{114ED639-363E-4318-AD26-6C13AD833298}
478296.1202,4760068.357,8646,283,16 Fernley Ave,City,Basketball Court,2014,Kensington Park Basketball Court 1 - Full,Full,,Neighbourhood Park,{7724D5D4-7C54-4AA6-9CCE-EDA046D03F00}
473481.975,4763881.1903,8647,284,2384 Buroak Dr,City,Basketball Court,2013,Foxfield District Park Basketball Court 1 - Full,Full,,District Park,{BDD2EF6E-64BC-408D-831F-2604B9CB758B}
473490.6924,4761878.9885,8648,285,595 Blackacres Park,City,Basketball Court,2014,Blackacres Park Basketball Court 1,Full,,Neighbourhood Park,{18567BBF-31BC-42D1-929D-86D14FA7FBF2}
481008.8618,4753310.377,8649,286,1394 Ernest Ave,City,Basketball Court,2003,White Oaks Park Basketball Court 1 - Full,Full,,District Park,{74F94467-3EF6-4B47-B67C-0FD3BAA20636}
480988.8531,4753314.2162,8650,287,1394 Ernest Ave,City,Basketball Court,2003,White Oaks Park Basketball Court 2 - Full,Full,,District Park,{779D2D16-D69C-46DC-A351-D0C5143612C6}
478695.8466,4758908.5256,8651,288,78 Riverside Dr,City,Community Centre,1967,Kiwanis Seniors' Community Centre,,,Open Space Park,{D70ABB57-D04E-4B2F-AF86-D2936A51F120}
475083.2419,4750908.6097,8652,289,7112 Beattie St,City,Community Centre,1986,Lambeth Community Centre,,,District Park,{E3618016-D333-452F-9BB9-7B297408E589}
481342.8827,4753267.9988,8653,290,1119 Jalna Blvd,City,Community Centre,1987,South London Community Centre,,,District Park,{FA7C3627-4DE8-4ECC-A130-2AC553D776CB}
482817.4943,4762370.8398,8654,291,1345 Cheapside St,City,Community Centre,1976,North London Optimist Community Centre,,,Facility Park,{C879E166-CE85-479F-A35B-2B04EFDCF316}
483260.6393,4763070.3971,8655,292,1221 Sandford St,City,Community Centre,1965,Stronach Community Recreation Centre,,,Sports Park,{64B342D2-19E1-4D20-8C87-62BC832058B4}
475242.0294,4761160.7399,8656,293,119 Sherwood Forest Sq,City,Community Centre,1978,Medway Community Centre,,,Facility Park,{D5EFBC06-768E-4431-B2B8-CE2921ACC4D8}
482185.3936,4760496.8442,8657,294,530 Charlotte St,City,Community Centre,1981,Boyle Memorial Community Centre,,,Neighbourhood Park,{838A8B38-B08D-49CC-B8FD-DDFB51F83EE2}
482455.4131,4758641.3706,8658,295,525 Hamilton Rd,City,Community Centre,1930,Hamilton Road Seniors' Centre & Community Centre,,,Facility Park,{31BB1F6E-49E7-4AE0-AD84-1BA621B29D6B}
472703.904,4756001.0332,8659,296,1306 Norman Ave,City,Community Centre,1951,Byron Optimist Community Centre,,,District Park,{81EC056B-95BF-454B-BB8C-76557278C1D9}
475920.5847,4757068.4975,8660,298,285 Wonderland Rd S,City,Community Centre,1983,Springbank Gardens Community Centre,,,Regional Park,{0B371204-9890-4A16-87C8-EE961FAFD967}
479350.0587,4754646.2634,8661,299,799 Homeview Rd,City,Community Centre,1984,Earl Nichols Recreation Centre,,,Neighbourhood Park,{D551DA91-09A5-4B68-AF68-E94CFA31E50D}
481349.1,4760658.6,8662,300,656 Elizabeth Street,City,Community Centre,1955,Carling Heights Optimist Community Centre,,,District Park,{F766BCA9-51C1-44D7-A558-5FA59D611F21}
479021.8173,4766213.1875,8663,301,920 Sunningdale Rd E,City,Community Centre,2010,Stoneycreek Community Centre,,,Facility Park,{5906433C-1744-4C0F-8FE4-E85E8875ACB0}
478352.0717,4759470.7042,8664,302,20 Granville St,City,Community Centre,1973,Kinsmen Recreation Centre,,,District Park,{DE565EDE-885C-46DE-9087-A01A5AD243E4}
475786.3288,4756675.1278,8665,303,625 Springbank Dr,City,Community Centre,1981,Civic Gardens Complex,,,City Wide Park,{F53F8A3A-53F3-4C4C-B916-787AE0559A0C}
475307.2739,4761024.9365,8666,304,1045 Wonderland Rd N,City,Community Centre,1991,Canada Games Aquatic Centre,,,Facility Park,{90820C22-B90F-4854-8BD0-FA3AF4A344BC}
480944.8105,4758283.2093,8667,305,450 Nelson St,City,Community Garden,2012,Meredith Park Community Garden,,,Neighbourhood Park,{D7B92A39-DCC5-4495-B96F-326734F106BF}
482334.8554,4758287.7615,8668,306,2 Homan St,City,Community Garden,2009,Dillabough Community Garden,,,Open Space Park,{45C483EE-85A0-4007-840A-95200FFF2070}
479381.3716,4758077.282,8669,307,15 Ridout St,City,Community Garden,2000,Thames Park Community Garden,,,District Park,{D3531FF5-7E64-4D4D-BA9D-AF66422DBA07}
477149.035,4760118.6719,8670,308,290 Trott Dr,City,Community Garden,2002,University Heights Park Community Garden,,,Neighbourhood Park,{BF8EFD6C-3BF6-4BE4-A663-C6652D949E0E}
474782.4523,4755407.9654,8671,309,552 Crestwood Dr,City,Community Garden,1996,Reservoir Community Garden,,,Open Space Park,{769E9202-8E3A-4CE6-A4DF-A9D16036A80E}
482417.8944,4754159.2178,8672,310,16 Fitzroy Pl,City,Community Garden,2001,Nicholas Wilson Park Community Garden,,,Neighbourhood Park,{8A31E624-14BB-41BB-B83E-31E4B0241F24}
481217.8475,4760607.8572,8673,311,656 Elizabeth St,City,Community Garden,2007,Carling Heights Optimist Community Centre Community Garden,,,District Park,{9A787B09-2E06-497E-931D-18835C52D25A}
485246.6647,4757042.3379,8674,312,1510 Commissioners Rd E,City,Community Garden,2002,Meadowlily Community Garden,,,Sports Park,{AC328A91-6CDE-4462-84AE-0DC23489CFB7}
482909.1176,4757283.2048,8675,313,410 Scenic Dr,City,Community Garden,2002,Glen Cairn Community Garden,,,Open Space Park,{1A6DDA51-BC58-469C-AD23-132E713C93ED}
478888.9463,4759926.1254,8676,314,65 Ann St,City,Community Garden,2005,Ann Street Park Community Garden,,,Open Space Park,{4E254919-2CBE-4956-88DD-E8A77C4A8210}
478768.7518,4759853.8723,8677,315,2 St Patrick St,City,Community Garden,2021,Blackfriars Park - North Community Garden,,,Open Space Park,{37325F18-D0D1-491D-B8AC-E190A27CDEA6}
476748.8502,4756570.4072,8678,316,510 Berkshire Dr,City,Community Garden,2011,Berkshire Park Community Garden,,,Neighbourhood Park,{CDDAE0D5-39A5-4BEB-AAE1-898C222C3A5C}
478869.3511,4758706.9011,8679,317,17 Becher St,City,Community Garden,2010,River Forks Park Community Garden,,,Neighbourhood Park,{337308F2-612B-4D19-BD85-A4975FDBBE2C}
476229.3271,4759614.8585,8680,318,693 Proudfoot Lane,City,Community Garden,1996,Proudfoot Park - West Community Garden,,,Open Space Park,{172C906E-DD0E-443A-949E-DF5EDA72680A}
479606.9557,4762581.9427,8681,319,1225 Adelaide St N,City,Cricket Pitch,2013,North London Athletic Fields Cricket Pitch 1,,,Sports Park,{44C7E2F8-56DF-42CA-98B8-01C8C26A6EDF}
485367.8642,4756929.6735,8682,320,1510 Commissioners Rd E,City,Football Field,2011,City Wide Sports Park Football Field 1,Full,Y,Sports Park,{65955E0A-5805-44E7-9F2B-B86B1B33A178}
485458.8392,4756944.3141,8683,321,1510 Commissioners Rd E,City,Football Field,2011,City Wide Sports Park Football Field 2,Full,Y,Sports Park,{1BB04442-1962-4AF0-B5C7-3967A32DEC00}
477683.4555,4760835.2161,8684,322,100 Philip Aziz Ave,School,Football Field,2021,University of Western Ontario Football Field 1,Full,,School,{CA9F07A9-F7E4-4534-89BE-3102CB666C66}
477817.901,4761313.526,8685,323,Huron Dr (pvt),School,Football Field,2021,University of Western Ontario Football Field 2,Full,,School,{A87FD662-6C58-4F2A-849E-1D52610819F6}
477866.6412,4761455.2751,8686,324,Huron Dr (pvt),School,Football Field,2021,University of Western Ontario Football Field 3,Full,,School,{054D6C56-077D-4BCC-8F83-23B4C47824F9}
473575.3969,4754945.4838,8687,325,211 Whisperwood Ave,City,Multi Use Pad,2001,Whisperwood Park Multi Use Pad 1,,,Neighbourhood Park,{81AAB617-0DE8-4059-AF59-215737234F08}
477767.9023,4763197.7498,8688,326,139 Pinebrook Pl,City,Multi Use Pad,2001,Carriage Hill Park Multi Use Pad 1,,,Neighbourhood Park,{CB300D47-C481-4837-AA7B-865E9309BD4E}
480819.05,4761367.0498,8689,327,675 Grosvenor St,City,Multi Use Pad,2001,Carling Park Multi Use Pad 1,,,Neighbourhood Park,{F173D9E6-ED20-4521-A4E7-32228A979145}
481052.2468,4762696.851,8690,328,449 Barker St,City,Multi Use Pad,2011,Ed Blake Park Multi Use Pad 1,,,District Park,{EB0194D2-A53F-45D1-8BD3-AA267457F6C6}
480998.0701,4758232.4645,8691,329,450 Nelson St,City,Multi Use Pad,2011,Meredith Park Multi Use Pad 1,,,Neighbourhood Park,{27CB232B-EBB1-47FF-A964-348EA5151DCF}
480978.6269,4758224.5261,8692,330,450 Nelson St,City,Basketball Court,2011,Meredith Park Basketball Court 1 - Full,Full,,Neighbourhood Park,{C6131E89-8EE7-4A79-AB4D-1972D6E96030}
470275.4102,4757774.9485,8693,331,1585 Riverbend Rd,City,Multi Use Pad,2011,Riverbend Park Multi Use Pad 1,,,District Park,{76021ACD-1BB9-40C7-98D0-13A9A9E8196B}
479820.756,4765182.6983,8694,332,725 Grenfell Dr,City,Multi Use Pad,2013,Constitution Park Multi Use Pad 1,,,District Park,{4F76C63E-4DFC-4A9A-A6E4-9F38B623D032}
483100.6419,4754417.3044,8695,333,650 Osgoode Dr,City,Multi Use Pad,2013,Westminster Optimist Park Multi Use Pad 1,,,District Park,{2D535D01-3107-45B6-A201-96DE3A633FF5}
482399.9685,4761188.9836,8697,335,800 High Holborn St,City,Multi Use Pad,2014,Mornington Park Multi Use Pad 1,,,Sports Park,{F97A8E88-3F02-491B-8C95-A32C8C0CF7CB}
476057.209,4765163.7672,8698,336,160 Villagewalk Blvd,City,Multi Use Pad,2014,Villagewalk Commons Multi Use Pad 1,,,Urban Park,{9AE0910F-6C30-4F4A-A92F-7730870947B1}
482225.9207,4760551.645,8699,337,1010 Princess Ave,City,Multi Use Pad,2016,Boyle Park Multi Use Pad 1,,,Neighbourhood Park,{23D52BE4-66E5-4537-893F-41AC248FAAEA}
485228.8013,4757850.5049,8700,338,1139 Hamilton Rd,City,Off-leash Park,2006,Pottersburg - FIDO Off-Leash Dog Park,,,Off-Leash Dog Park,{0E8C501F-9576-4E61-A04E-41047B99FEF0}
479546.1745,4763544.2218,8701,339,1343 Adelaide St N,City,Off-leash Park,2006,Stoney Creek - Off-Leash Dog Park,,,Open Space Park,{A0C95056-280B-4715-95C0-D6DC588AF0E3}
476706.2082,4757940.5984,8702,340,50 Greenside Ave,City,Off-leash Park,2008,Greenway - Off-Leash Dog Park,,,Off-Leash Dog Park,{FFF2E278-2834-4A81-8172-F233B8332055}
480342.4535,4759386.8858,8703,341,380 Dundas St,City,Off-leash Park,2016,Campbell Memorial - Off-Leash Dog Park,,,Urban Park,{90C66CA1-2A4D-4880-9854-C815703B46B4}
482704.6075,4756263.1978,8704,342,941 Commissioners Rd E,City,Off-leash Park,2016,Caesar's Park - Off-Leash Dog Park,,,Open Space Park,{D693C98F-8E6E-4CDC-A30A-223A25F69F25}
479689.5206,4759623.9114,8705,343,580 Clarence St,City,Outdoor Ice Pad,1996,Victoria Park Out Door Ice Rink,Outdoor,,City Wide Park,{00F10870-DE91-4DFC-8DCE-5031FBDE689A}
479525.0084,4758884.4295,8706,344,128 King St,City,Outdoor Ice Pad,2000,Covent Market Plaza Out Door Ice Rink,Outdoor,,Civic Space Park,{F2C79F43-7D20-4D2E-9D6E-6ECE041447FA}
474212.735,4756158.4534,8707,345,1958 Storeybook Lane,City,Outdoor Ice Pad,2003,Storeybook Gardens Out Door Skating Path,Outdoor,,Regional Park,{34C6121F-647C-41B2-8D09-184D14A4E456}
473494.9702,4763895.1604,8708,346,2384 Buroak Dr,City,Pickleball Court,2013,Foxfield District Park Pickleball Court 1,,,District Park,{94D27513-3CA7-4413-945F-7700965B8E94}
473500.7435,4763879.9173,8709,347,2384 Buroak Dr,City,Pickleball Court,2013,Foxfield District Park Pickleball Court 2,,,District Park,{97A47594-05E0-433B-84DB-A77A95039D0C}
482410.8165,4761201.0221,8710,348,800 High Holborn St,City,Pickleball Court,2014,Mornington Park Pickleball Court 1,,,Sports Park,{9322CA6A-A233-4C14-A80F-F2F4D9CAAEA2}
482416.1082,4761184.0888,8711,349,800 High Holborn St,City,Pickleball Court,2014,Mornington Park Pickleball Court 2,,,Sports Park,{54CC554A-1B31-456E-B71B-C8F937A9C6A0}
482208.6892,4760573.9239,8712,350,1010 Princess Ave,City,Pickleball Court,2016,Boyle Park Pickleball Court 1,,,Neighbourhood Park,{DD935DBC-4311-4882-BDE9-3D4B8DD755C6}
482224.5019,4760579.6793,8713,351,1010 Princess Ave,City,Pickleball Court,2016,Boyle Park Pickleball Court 2,,,Neighbourhood Park,{BC51F0AB-452B-4DA2-B5AB-4FEAF967D81C}
478631.725,4760729.1461,8714,352,2a Grosvenor St,City,Play Structure,2004,Gibbons Park Play Structure 1,,,District Park,{45F8F9CE-07D1-4C9F-9DD3-AA58C3CF6B09}
478682.2732,4760737.9089,8715,353,2a Grosvenor St,City,Play Structure,2003,Gibbons Park Play Structure 2,,,District Park,{6A4387DB-894B-494D-B13F-902CE3E3B231}
478443.042,4759352.1706,8716,354,20 Granville St,City,Play Structure,1996,West Lions Park Play Structure 1,,,District Park,{D653EC70-8104-4163-BBBF-05BF79396B48}
483190.5735,4758988.2571,8717,355,50 Sycamore St,City,Play Structure,1996,Silverwoods Park Play Structure 1,,,District Park,{58226730-CD3B-46EA-8CCD-AF6CA8AA4E06}
480840.3331,4761334.7011,8718,356,675 Grosvenor St,City,Play Structure,2018,Carling Park Play Structure 1,,,Neighbourhood Park,{2ACA3A2E-0E13-4C02-926A-8A8A141B14C9}
480874.3333,4760455.4116,8719,357,640 Adelaide St N,City,Play Structure,2003,McMahen Park Play Structure 1,,,Neighbourhood Park,{3FF7CA19-A178-4208-8B22-F0ADC1818C38}
481342.9064,4757076.1117,8720,358,750 Whetter Ave,City,Play Structure,2004,Rowntree Park Play Structure 1,,,Neighbourhood Park,{3E0B4820-D945-4E9F-AAF6-2BC7036C5662}
480898.775,4761879.4136,8721,360,194 Brampton Rd,City,Play Structure,2001,Smith Park Play Structure 1,,,Neighbourhood Park,{8D41F85D-E3A4-454F-B7E9-D1E8270EF02D}
481075.3375,4758243.6556,8722,361,450 Nelson St,City,Play Structure,2000,Meredith Park Play Structure 1,,,Neighbourhood Park,{CBD7403A-6D3D-4BC7-80AA-6E164DC7A867}
479390.4448,4760971.5689,8723,362,300 Cromwell St,City,Play Structure,2011,Doidge Park Play Structure 1,,,Neighbourhood Park,{FFF2C53B-A550-4F9D-9211-3A009FCAB2EA}
478248.0981,4757230.3483,8724,363,75 Cliftonvale Ave,City,Play Structure,1999,Murray Park Play Structure 1,,,Neighbourhood Park,{C062E36F-0E22-4F9D-80B1-78E10E0F2408}
482318.9701,4757133.0377,8725,364,150 Helena Ave,City,Play Structure,1999,Glen Cairn Park - North Play Structure 1,,,District Park,{9FFD2714-39C5-4E55-AE79-3827C133E95D}
482329.2971,4761344.9087,8726,365,800 High Holborn St,City,Play Structure,2018,Mornington Park Play Structure 1,,,Sports Park,{6E6A6BD4-99B0-4757-AA03-8FF6FD1994F1}
472685.417,4756067.4965,8727,366,1308 Norman Ave,City,Play Structure,1996,Jorgenson Park Play Structure 1,,,District Park,{E65DDCCA-530E-4226-9F02-1B8ACB191B80}
478766.8201,4757425.2972,8728,367,26 Duchess Ave,City,Play Structure,2000,Duchess Avenue Park Play Structure 1,,,Neighbourhood Park,{2EA9FA28-C75E-4F34-9B28-39CF7CDAA294}
477336.9801,4756646.7957,8729,368,10 Hazelwood Ave,City,Play Structure,2011,Southcrest Park Play Structure 1,,,Neighbourhood Park,{19CB353B-42FF-44BE-B386-B25ED1646FD9}
477137.931,4760169.1157,8730,369,290 Trott Dr,City,Play Structure,2005,University Heights Park Play Structure 1,,,Neighbourhood Park,{6A7970AF-CF63-4E86-89CB-CC7B519121DD}
483235.3204,4762962.9902,8731,370,1221 Sanford St,City,Play Structure,2006,Stronach Park Play Structure 1,,,Sports Park,{07E73A5C-2B30-4545-B481-04D853E6971B}
481249.7522,4754726.7567,8732,371,640 Winblest Ave,City,Play Structure,2008,Winblest Park Play Structure 1,,,Neighbourhood Park,{9395B8CD-CBCC-46C0-8F49-815684E30536}
477955.0047,4755444.7386,8733,372,671 Viscount Rd,City,Play Structure,2001,Arthur Ford Park Play Structure 1,,,Neighbourhood Park,{1C0BBBAA-A70A-495C-94AA-F9A2E48DF14F}
484115.7258,4755930.8753,8734,373,237 Deveron Cres,City,Play Structure,2003,Southeast Optimist Park Play Structure 1,,,District Park,{15FA934C-7027-42B3-98E5-F92E17821E8E}
482003.5561,4752777.0227,8735,374,41 Greenfield Dr,City,Play Structure,2006,Wilton Grove Park Play Structure 1,,,Neighbourhood Park,{2BA612EE-BD3A-40E6-AB0D-06A8A5AA7922}
482625.5923,4755044.0637,8736,375,112 Ebury Cres,City,Play Structure,2002,Ebury Park Play Structure 1,,,Neighbourhood Park,{88B2EAF7-6A00-49A2-AE5F-A5EF847B56EB}
476626.7205,4756396.9849,8737,376,510 Berkshire Dr,City,Play Structure,2004,Berkshire Park Play Structure 1,,,Neighbourhood Park,{39CB0399-EC23-486F-952F-B0118A2B8C39}
473433.5708,4758237.1822,8738,377,1207 Royal York Rd,City,Play Structure,2002,Oak Park Play Structure 1,,,Neighbourhood Park,{D461B1A3-E0CD-41E2-A856-CC39C992C723}
476804.5435,4755542.2669,8739,378,429 Village Green Ave,City,Play Structure,2001,Village Green Park Play Structure 1,,,Neighbourhood Park,{B420C601-8F64-4A25-8334-013B3976936B}
481801.0052,4753727.4079,8740,379,1030 Mitchel St,City,Swing Set,2013,St. Stephen's Park Swing Set 1,,,Neighbourhood Park,{1B3FDE55-D20C-4B90-AB7D-1BE62A7CFC82}
481996.1426,4754074.6034,8741,380,955 Willow Dr,City,Play Structure,1996,Wellingsboro Park Play Structure 1,,,Neighbourhood Park,{CC576C5B-674D-4EAC-85C6-3A223CC5486B}
475943.0685,4758648.9636,8742,381,699 Thornwood Dr,City,Play Structure,2003,Thornwood Park Play Structure 1,,,Neighbourhood Park,{2DE90222-169A-4F12-B087-3F8BA5DFA671}
477203.7239,4757847.4136,8743,382,150 Chelsea Ave,City,Play Structure,2011,Kensal Park Play Structure 1,,,Neighbourhood Park,{ADE4BCB7-E13C-4936-B8A2-E7331280DE4E}
482437.8596,4762461.7548,8744,383,70 Genevive Cres,City,Play Structure,1999,Genevive Park Play Structure 1,,,Neighbourhood Park,{54990DBA-ECF6-4871-96E1-45856D05DCEC}
478955.5348,4758132.0801,8745,384,65 Victor St,City,Play Structure,2002,Belvedere Park Play Structure 1,,,Neighbourhood Park,{FF6BD012-6D99-4220-B3B1-1CA16B661E1D}
476477.244,4757836.1909,8746,385,50 Greenside Ave,City,Play Structure,1999,Greenway Park Play Structure 1,,,Off-Leash Dog Park,{8AE2461B-4C62-4E67-ABB2-5A5F6E1FC0EF}
478820.6538,4762109.2283,8747,386,246 Epworth Ave,City,Play Structure,2000,Broughdale Park Play Structure 1,,,Neighbourhood Park,{4FC25BFF-14EE-4E2A-919F-2F7610015BFF}
478410.5088,4754874.4086,8748,387,5 St. Lawrence Blvd,City,Play Structure,2000,St. Lawrence Park Play Structure 1,,,Neighbourhood Park,{ABADE433-E637-4EA3-B640-443E490BAB69}
484347.0458,4759580.872,8749,388,12 Glass Ave,City,Play Structure,1996,Glass Avenue Park Play Structure 1,,,Neighbourhood Park,{D6ADC504-4798-4DA1-8AA5-9C0BC6C165F8}
483064.0715,4754476.861,8750,389,650 Osgoode Dr,City,Play Structure,2013,Westminster Optimist Park Play Structure 1,,,District Park,{216ECF19-0CDF-416A-B011-173D998DBC26}
477191.4528,4755402.2169,8751,390,784 Viscount Rd,City,Play Structure,1999,Westmount Lions Park Play Structure 1,,,Neighbourhood Park,{E790FA84-63D8-4A88-BB57-DB9981F9750F}
480501.7656,4755212.4785,8752,391,640 Upper Queen St,City,Play Structure,2003,Mitches Park Play Structure 1,,,District Park,{B2344880-B165-48E0-8BD5-A47FC6238EB4}
471905.1333,4756147.8008,8753,392,385 Grandview Ave,City,Play Structure,1996,Grand View Park Play Structure 1,,,Neighbourhood Park,{574B33C1-7132-4A17-A6C3-AD036AC68116}
487168.5913,4759850.3974,8754,393,323 Hudson Dr,City,Play Structure,1996,Forest View Park Play Structure 1,,,Neighbourhood Park,{CFC35267-AD8E-47C2-BE20-9FD24567EA4F}
472417.961,4755004.5229,8755,394,561 Griffith St,City,Play Structure,1999,Griffith Street Park Play Structure 1,,,Neighbourhood Park,{45C7A2DF-8987-4A75-99DA-73D6FA603DE5}
479849.8078,4765254.6713,8756,395,725 Grenfell Dr,City,Play Structure,2013,Constitution Park Play Structure 1,,,District Park,{ABDA75F8-DD20-4733-B3AF-B77EECBFB18B}
481858.174,4762121.442,8757,396,185 McNay St,City,Play Structure,2000,Huron Heights Park Play Structure 1,,,Neighbourhood Park,{56AFBA72-A465-4BCB-97A6-3C491FDA163F}
482326.4133,4759088.7697,8758,397,325 Egerton St,City,Play Structure,2007,CNRA Park Play Structure 1,,,Neighbourhood Park,{4E64D84C-A6C9-4984-A9DA-F0300E00D1AA}
481347.4019,4753175.4477,8759,398,1119 Jalna Blvd,City,Play Structure,2003,White Oaks Park Play Structure 3,,,District Park,{7C05CE41-7FCF-400A-AB96-CFBCC9444DF0}
481326.0623,4753179.9032,8760,399,1119 Jalna Blvd,City,Play Structure,2004,White Oaks Park Play Structure 2,,,District Park,{DCFF1902-1317-494B-B49A-D6C2ACE82FE7}
485099.0376,4761934.4869,8761,400,1735 Culver Dr,City,Play Structure,1996,Culver Park Play Structure 1,,,Neighbourhood Park,{105E0D11-47CC-41E0-BB2F-8D100AB06EC8}
473697.287,4754514.5417,8762,401,25 Fourwinds Rd,City,Play Structure,2001,Somerset Woods Play Structure 1,,,Woodland Park,{7BF3D440-90E6-4092-82D4-495979796E83}
474344.9076,4760739.5654,8763,402,102 Brandy Lane Rd,City,Play Structure,2013,Gainsborough Meadows Play Structure 1,,,Neighbourhood Park,{197105F1-6D40-43FC-9640-03095AF3BC56}
474545.6069,4760609.512,8764,403,102 Brandy Lane Rd,City,Play Structure,1999,Gainsborough Meadows Play Structure 2,,,Neighbourhood Park,{577D3E07-1386-4828-808B-E4E463F319F6}
486293.9714,4758102.8155,8765,404,55 Danielle Cres,City,Play Structure,2017,River East Optimist Park Play Structure 1,,,Neighbourhood Park,{CE19F5E5-DE96-4CF8-9BD5-6918BDB08156}
474191.6809,4757129.3888,8766,405,430 Hyde Park Rd,City,Play Structure,2003,Hazelden Park Play Structure 1,,,Neighbourhood Park,{78983E92-15A5-4F8B-A579-740102791FAC}
482685.7448,4761927.8596,8767,406,145 Rhine Ave,City,Play Structure,2003,Flanders Park Play Structure 1,,,Neighbourhood Park,{E963F812-2353-4341-98A7-7DEAFC52FB3A}
480869.8744,4762885.1323,8768,407,449 Barker St,City,Play Structure,2010,Ed Blake Park Play Structure 1,,,District Park,{E297A81B-1DA2-47CF-9645-DC09D6FE8E1E}
482209.4884,4760436.1336,8769,408,530 Charlotte St,City,Play Structure,2005,Boyle Community Centre / Park Play Structure 2,,,Neighbourhood Park,{E6BDC0F6-0CD0-4398-BA55-5D0DF163E895}
482243.1575,4760523.6994,8770,409,530 Charlotte St,City,Play Structure,2017,Boyle Community Centre / Park Play Structure 1,,,Neighbourhood Park,{BB010225-32B0-41C6-AF4B-04B3DFEAFA13}
480330.1589,4753978.3686,8771,410,65 Elvira Cres,City,Play Structure,2010,Ashley Oaks Park Play Structure 1,,,Neighbourhood Park,{0A1C602C-C96E-441B-83F2-C34142E1BC2E}
480985.6081,4753714.1816,8772,411,560 Bradley Ave,City,Play Structure,2009,White Oaks Optimist Park Play Structure 1,,,District Park,{D055417C-5480-4511-AA0E-1002E9EA873A}
476606.2272,4760289.3432,8773,412,328 Castlegrove Blvd,City,Play Structure,2001,Chesham Heights Park Play Structure 1,,,Neighbourhood Park,{0F363E14-2261-4586-A1E7-84B1D7E78C9B}
479374.812,4754723.6933,8774,413,799 Homeview Rd,City,Play Structure,2012,Earl Nichols Park and Arena Play Structure 1,,,Neighbourhood Park,{31991578-6FDE-4EFD-9306-19F2FC0BAA5D}
475656.8011,4755153.4131,8775,414,69 Lynngate Grove,City,Play Structure,2000,Lynngate Grove Park Play Structure 1,,,Neighbourhood Park,{23348242-BACD-4694-B289-28393EC2C559}
480254.2726,4757961.2706,8776,415,205 South St,City,Play Structure,2011,Richard B. Harrison Park Play Structure 1,,,Neighbourhood Park,{B156E4F4-EDF3-41C4-A096-60A85727FA79}
479680.2547,4760198.4998,8777,416,695 Waterloo St,City,Play Structure,2009,Piccadilly Park Play Structure 1,,,Urban Park,{9A55FE6D-9A32-4D44-A0FF-71450E4519FD}
479428.9922,4756809.3732,8778,417,15 Dunkirk Pl,City,Play Structure,2002,Dunkirk Place Park Play Structure 1,,,Neighbourhood Park,{06740A6E-386C-461C-8C49-0C37E8D03653}
484157.8503,4757175.5534,8779,418,828 Deveron Cres,City,Play Structure,2002,Naiomi Almeida Park Play Structure 1,,,Neighbourhood Park,{750EE0B4-EDAE-4E9E-AC3F-C298AF003817}
475814.9609,4756425.4321,8780,419,35 Quinella Dr,City,Play Structure,1996,Rosecliffe Park Play Structure 1,,,Neighbourhood Park,{5A73666F-1DE1-46A9-AC94-DC087AF5FDD6}
477264.9688,4754782.7644,8781,420,731 Viscount Rd,City,Play Structure,2003,Jesse Davidson Park Play Structure 1,,,District Park,{6B993FFA-E467-4114-AA07-0EFFDE2CB0B2}
473607.8583,4755039.7541,8782,421,211 Whisperwood Ave,City,Play Structure,2013,Whisperwood Park Play Structure 1,,,Neighbourhood Park,{272043F5-1727-4ECD-9684-48906F65764D}
483125.8635,4763674.0646,8783,422,1345 Bentley Dr,City,Play Structure,1996,Huronview Park Play Structure 1,,,Neighbourhood Park,{B60E759A-159D-4D71-9312-D48D7F2A4DD9}
474917.3466,4759024.5299,8784,423,63 Meadowridge Rd,City,Play Structure,2011,Huntington Park Play Structure 1,,,Neighbourhood Park,{C4F89CAA-4F23-48A5-9986-C5300EA8D1C2}
477754.2072,4763220.5406,8785,424,139 Pinebrook Pl,City,Play Structure,2023,Carriage Hill Park Play Structure 1,,,Neighbourhood Park,{6E405500-9F60-4A68-9517-C0F8F06042E1}
487962.2391,4759843.3217,8786,425,265 Bournemouth Dr,City,Play Structure,1996,Grampian Woods Play Structure 1,,,Neighbourhood Park,{B4D51902-D3F7-41DD-B16C-19A0CCAE2419}
483325.0501,4759914.2054,8787,426,235 Oakland Ave,City,Play Structure,2014,Oakland Avenue Park Play Structure 1,,,Neighbourhood Park,{C1DF5127-27FD-4C95-BEF0-260CCE08B12A}
473906.9444,4751729.1028,8788,427,3982 West Graham Pl,City,Play Structure,2003,Southwinds Park Play Structure 1,,,Neighbourhood Park,{27E5D763-912C-44C2-AFD4-97EDD5F43CA3}
474833.9046,4754927.9677,8789,428,104 Parks Edge Cres,City,Play Structure,2001,Cresthaven Park Play Structure 1,,,Neighbourhood Park,{1DB170F0-B49A-4F50-835B-20ECDEDC4DD3}
480471.3462,4752967.6049,8790,429,88 Lacey Cres,City,Play Structure,2001,Cheswick Park Play Structure 1,,,Neighbourhood Park,{CADF728D-76DE-43AA-8E23-3C1F66BECD4A}
474396.2317,4761841.1804,8791,430,48 Hawthorne Rd,City,Play Structure,2014,Norwest Optimist Park Play Structure 1,,,Neighbourhood Park,{7F324ADA-A7F9-4F49-A358-5A8838760F7A}
474416.5802,4761835.3843,8792,431,48 Hawthorne Rd,City,Play Structure,2014,Norwest Optimist Park Play Structure 2,,,Neighbourhood Park,{DB791313-590D-427F-823F-5F30CE7D9478}
474178.755,4762319.9354,8793,432,1830 Aldersbrook Rd,City,Play Structure,2008,Jaycee Park Play Structure 2,,,Neighbourhood Park,{59DB9B07-EB85-4C50-B768-A769838A0116}
474035.0573,4762475.2795,8794,433,1830 Aldersbrook Rd,City,Play Structure,2000,Jaycee Park Play Structure 1,,,Neighbourhood Park,{7CB76694-9258-4961-92D6-4B5CF2BEB6B6}
478135.5649,4759679.7746,8795,434,161 Empress Ave,City,Play Structure,1996,Empress Avenue Park Play Structure 1,,,Neighbourhood Park,{1515E981-C5BF-4EB7-BE9F-5C706C2135A4}
482984.9047,4755477.1552,8796,435,280 Millbank Dr,City,Play Structure,2001,Past Presidents Park Play Structure 1,,,Neighbourhood Park,{969FE482-5936-4222-B9D5-69749AECB231}
478830.4785,4758680.3873,8797,436,17 Becher St,City,Play Structure,2003,River Forks Park Play Structure 1,,,Neighbourhood Park,{BC506454-ACFF-4AB2-BDB7-392FA9698875}
486926.4008,4760637.846,8798,437,142 Kipling Ave,City,Play Structure,1996,Nelson Park Play Structure 1,,,Neighbourhood Park,{3C0727AF-F8A4-44BC-8F95-F85330C4A175}
476562.543,4750639.254,8799,438,83 Dennis Ave,City,Play Structure,2007,Ralph Hamlyn Park Play Structure 1,,,Neighbourhood Park,{0375CEAF-DCD2-4E40-86D4-C4A779D74710}
476181.2619,4762800.8639,8800,439,257 Ambleside Dr,City,Play Structure,1996,Ambleside Park Play Structure 1,,,Neighbourhood Park,{02EFF9A8-D760-4210-A87E-15BDFDBA00A3}
484164.9643,4764306.2923,8801,440,64 Cayuga Cres,City,Play Structure,2023,Cayuga Park Play Structure 1,,,Neighbourhood Park,{B6CF6EAF-7767-4684-B5C5-59219163560D}
482393.2479,4754124.7323,8802,441,16 Fitzroy Pl,City,Play Structure,2001,Nicholas Wilson Park Play Structure 1,,,Neighbourhood Park,{E6B4F0CC-24A6-4044-9853-911B8BB54A79}
485447.1467,4756564.3358,8803,442,270 Ellerslie Rd,City,Play Structure,1996,Carroll Park Play Structure 1,,,Neighbourhood Park,{1971E5DB-EC51-48F6-B798-F9DFD7F8D1BC}
483727.2091,4754414.7512,8804,443,150 Bexhill Dr,City,Play Structure,2007,Heritage Park Play Structure 1,,,Neighbourhood Park,{026856FB-3DB8-49B8-8E18-7A7B9482C9BE}
479417.9524,4758146.7825,8805,444,15 Ridout St S,City,Play Structure,2003,Thames Park Play Structure 1,,,District Park,{CEF7F2AB-1189-49FF-938A-2706FF2C24D3}
483767.6857,4758098.6433,8806,445,15 Tommy Hunter Way,City,Play Structure,1999,St. Julien Park Play Structure 1,,,Sports Park,{F21C1F82-A6F2-46A9-B1C4-B0C29B404852}
483795.3915,4758093.6046,8807,446,15 Tommy Hunter Way,City,Play Structure,1999,St. Julien Park Play Structure 2,,,Sports Park,{5FEBB4EE-0F37-441E-9E0E-5250E9B170C0}
479110.7365,4758805.6465,8808,447,331 Thames St,City,Play Structure,2003,Ivey Park Play Structure 1,,,City Wide Park,{178E5D75-C628-4DB4-904B-79750419A950}
479104.8307,4758791.9539,8809,448,331 Thames St,City,Play Structure,2003,Ivey Park Play Structure 2,,,City Wide Park,{D85EE900-CBE2-46C7-9B36-B0B6A920E6CB}
475159.8232,4750805.7682,8810,449,7112 Beattie St,City,Play Structure,2008,Lambeth Centennial Park Play Structure 1,,,District Park,{39575848-8871-4827-BA07-63900A883EEB}
476770.6716,4762924.668,8811,450,71 Grasmere Cres,City,Play Structure,2003,Helen Mott Shaw Park Play Structure 1,,,Neighbourhood Park,{995B58C6-AF91-4336-9F86-E10DD9ED722E}
481258.3973,4760651.4338,8812,451,656 Elizabeth St,City,Play Structure,1999,Carling Heights Optimist Community Centre Play Structure 1,,,District Park,{9F806A46-B269-4911-834A-55BC2D63A21B}
479213.5116,4755265.6103,8813,452,324 Highview Ave E,City,Play Structure,2017,Highland Woods Play Structure 1,,,Woodland Park,{D371B77E-1E50-414D-9728-8E366FCCDE55}
478892.2716,4759542.8244,8814,453,2 Cummings Ave,City,Play Structure,1999,Blackfriars Park Play Structure 1,,,Open Space Park,{87093250-4F31-4A36-9B93-A9EB1FCF24FA}
483083.2239,4758029.3448,8815,454,54 Price St,City,Play Structure,2003,Vauxhall Park Play Structure 1,,,Sports Park,{52DA02B2-BF3E-40D7-978E-D69B911D767D}
478296.2837,4764890.2571,8816,455,225 Chambers Ave,City,Play Structure,2012,Virginia Park Play Structure 1,,,Neighbourhood Park,{A3A96EBC-8FF1-4B25-94EC-669BB200096D}
472560.6674,4753956.2398,8817,456,30 Alomar Dr,City,Play Structure,2002,Summercrest Park Play Structure 1,,,Neighbourhood Park,{783E2BD1-C778-41A9-9C3A-EBE9244D7177}
484059.8965,4745844.2747,8818,457,6536 Bradish Rd,City,Play Structure,1996,Glanworth Park Play Structure 1,,,Sports Park,{C2A8A13F-10C0-4946-9CFE-C1B5EEB5193E}
478711.7103,4755849.0261,8819,459,555 Wharncliffe Rd S,City,Play Structure,2001,Basil Grover Park Play Structure 1,,,District Park,{D65A7018-2823-4F38-8D34-CB1B785B05F1}
481076.206,4763868.578,8820,460,905 Blackmaple Crt,City,Play Structure,2005,Meander Creek Park Play Structure 1,,,Neighbourhood Park,{DA27C221-B44E-4235-A706-4B9BEE757364}
477981.3164,4765003.4838,8821,461,225 Chambers Ave,City,Play Structure,2006,Virginia Park Play Structure 2,,,Neighbourhood Park,{3748BAE9-A3B2-4AE8-8005-CDFC081F335D}
471223.2466,4757519.7979,8822,462,1605 Shore Rd,City,Play Structure,2003,Thamesridge Park Play Structure 1,,,Neighbourhood Park,{FB5B6E2A-54B0-4768-AF03-1AF87915A4AA}
474980.9925,4758159.4993,8823,463,825 Valetta St,City,Play Structure,2010,Oakridge Optimist Community Park Play Structure 1,,,District Park,{8C50552E-D19A-4300-993B-BDAE500E8639}
473246.2526,4759012.4816,8824,464,43 Cheltenham Rd,City,Play Structure,2006,Cheltenham Park Play Structure  1,,,Neighbourhood Park,{936C5EA3-CC56-4731-8BE0-768C10490AD6}
472986.8046,4760125.5172,8825,465,99 Prince Of Wales Gate,City,Play Structure,2004,Cantebury Park Play Stucture 1,,,Neighbourhood Park,{EEFE13B8-E74D-47AE-9C6C-B372EBA9E1A0}
480404.61,4764921.9224,8826,466,806 Dalkeith Ave,City,Play Structure,2005,Dalkeith Park Play Structure 1,,,Neighbourhood Park,{FDDD804A-0535-45F3-9725-6ACC9C147C64}
478702.1343,4755878.7179,8827,467,555 Wharncliffe Rd S,City,Play Structure,2007,Basil Grover Park Play Structure 2,,,District Park,{708A4984-A02C-4B3D-BDB9-999EEE9F289F}
476130.8698,4764080.4327,8828,468,214 Plane Tree Dr,City,Play Structure,2007,Plane Tree Park Play Structure 1,,,District Park,{49407677-B122-47A7-852E-D4800648AB86}
476133.5931,4764095.164,8829,469,214 Plane Tree Dr,City,Play Structure,2007,Plane Tree Park Play Structure 2,,,District Park,{B069E144-4E30-451E-AF6A-DC6138778B71}
478487.8569,4765585.82,8830,470,2135 Blackwater Rd,City,Play Structure,2007,Northbrook Park Play Structure 1,,,Neighbourhood Park,{AB5BB5E1-85F9-4421-A71A-B940B0384762}
471800.1293,4755212.2956,8831,471,80 Chalet Cres,City,Play Structure,2009,Scenic View Park Play Structure 1,,,Neighbourhood Park,{BF7922E2-EB6C-4010-ABBF-7F8769FFCAC7}
477129.6552,4765282.4538,8832,472,204 Skyline Ave,City,Play Structure,2009,Heron Haven Park Play Structure 1,,,Neighbourhood Park,{6659242D-180C-4E86-A302-8507293DC15F}
475134.4726,4750802.1633,8833,473,7112 Beattie St,City,Play Structure,2009,Lambeth Centennial Park Play Structure 2,,,District Park,{5899D983-D58F-492F-8606-E95BF3072540}
480042.4837,4765969.8849,8834,474,1251 South Wenige Dr,City,Play Structure,2006,Wenige Park Play Structure 1,,,Neighbourhood Park,{845EDDB6-95A0-4022-A0DF-3633109EF5B7}
475686.0453,4759257.3027,8835,475,40 Capulet Lane,City,Play Structure,2010,Capulet Park Play Structure 1,,,Neighbourhood Park,{6742C10A-C4A6-4354-B5F3-20573F6AF895}
479416.0149,4766053.1507,8836,476,887 South wenige Dr,City,Play Structure,2010,Stephens Farm Park Play Structure 1,,,Neighbourhood Park,{CB50EC81-46E5-47D7-B9D3-984AAD600005}
479699.9566,4760210.6427,8837,477,695 Waterloo St,City,Play Structure,2009,Piccadilly Park Play Structure 1,,,Urban Park,{9B549E5C-623B-417A-86D4-D4D522B24643}
479172.3958,4753533.7101,8838,478,2875 Bateman Trail,City,Play Structure,2011,Play Structure 1,,,Neighbourhood Park,{0A594557-2111-4879-8746-72FE9A7485D6}
480867.9274,4762927.4101,8839,479,449 Barker St,City,Play Structure,2010,Ed Blake Park Play Structure 2,,,District Park,{808E33A8-428A-4AFD-9B67-824E70975433}
473913.4705,4753854.8728,8840,480,955 Byronmanor Rd,City,Play Structure,2011,Byron Hill Park Play structure 1,,,Neighbourhood Park,{A5262FF9-6F5A-4145-A1EC-C9215248B33E}
475187.0672,4759588.402,8841,481,780 Mapleridge St,City,Play Structure,2011,Beaverbrook Woods Structure 1,,,Woodland Park,{D626EC97-5952-4B08-8D5F-307AC80F4EE6}
476818.507,4757832.3115,8842,482,150 Chelsea Ave,City,Play Structure,2011,Kensal Park Structure 1,,,Neighbourhood Park,{75913699-490F-4472-850B-B342126EA017}
474977.2747,4758177.883,8843,483,825 Valetta St,City,Play Structure,2010,Oakridge Optimist Community Park Play Structure 2,,,District Park,{C18D1198-AD0E-4020-85DF-DA3F1EDA1D1F}
479690.7129,4760204.7608,8844,484,695 Waterloo St,City,Play Structure,2011,Piccadilly Park Play Structure 3,,,Urban Park,{F1D293ED-137E-4D01-AA8F-BB07F3762C43}
475280.1457,4761161.8,8845,485,1051 Wonderland Rd N,City,Play Structure,2011,Medway Park Play Structure 1,,,District Park,{61681557-1E5C-48F4-80C2-5401880992A4}
475297.8229,4761157.3807,8846,486,1051 Wonderland Rd N,City,Play Structure,2011,Medway Park Play structure 2,,,District Park,{68A130DE-523C-4316-AAF0-EBE8B11307D1}
470329.7822,4757878.93,8847,487,1585 Riverbend Rd,City,Play Structure,2011,Riverbend Park Play Structure 1,,,District Park,{756C57F0-7D5C-446A-BBC4-6BF29AF1C4EC}
470303.5883,4757889.6456,8848,488,1585 Riverbend Rd,City,Play Structure,2011,Riverbend Park Play Structure 2,,,District Park,{7509BCA3-EA0A-4FCD-B7AD-37C99EDCED80}
478947.9333,4766283.9395,8849,489,920 Sunningdale Rd E,City,Play Structure,2011,Stoney Creek Community Centre Play Structure 1,,,Facility Park,{7B7E049E-9193-4D48-A433-1B9894D45F87}
477083.9812,4758901.5313,8850,490,460 Sugarcreek Trail,City,Play Structure,2011,Sugarcreek Park Play Structure 1,,,Urban Park,{133D8C82-122F-45AB-AC2E-0F883A28898F}
473321.8954,4761419.777,8851,491,1965 Coronation Dr,City,Play Structure,2011,Coronation Park North Play Structure 1,,,Neighbourhood Park,{39E4DE6E-B257-4DFB-A798-A163920667C0}
474658.3844,4753540.665,8852,492,6760 Raleigh Blvd,City,Play Structure,2011,Raleigh Parkette Play Structure 1,,,Urban Park,{8EF933B0-BD14-45B4-B220-D53A4660DF93}
479425.0691,4766687.4274,8853,493,1955 Rollingacres Dr,City,Play Structure,2012,Forest Hill Park Play Structure 1,,,Neighbourhood Park,{7A532298-35F2-4853-A25F-B2E625F2FF62}
482283.3296,4765420.6583,8854,494,564 Killarney Rd,City,Play Structure,2012,Cedar Hollow Park Play Structure 1,,,Neighbourhood Park,{D09D9E7B-0D5E-43C2-993E-10909D0A7A9E}
473719.8009,4760390.6123,8855,495,1260 Coronation Dr,City,Play Structure,2012,Maple Grove Park Play Structure 1,,,Neighbourhood Park,{980202B1-DA92-4BE5-80EE-8CFC8FC88609}
474996.3493,4753425.151,8856,496,3470 Settlement Trail,City,Play Structure,2012,Talbot Park Play Structure 1,,,Neighbourhood Park,{BDE6AA45-5890-4BD5-8EB0-85200A5F9661}
476102.4225,4751419.8889,8857,497,4200 Campbell St N,City,Play Structure,2013,Lambeth Optimist Park Play Structure 1,,,Neighbourhood Park,{360A2FE9-05D0-43C6-82A7-D8CA228414D9}
485978.0978,4755824.9565,8858,498,3155 Meadowgate Blvd,City,Play Structure,2011,Meadowgate Park Play Structure 1,,,District Park,{B2F03288-A686-4B6E-BACB-C0A7808B0942}
485996.1666,4755814.5694,8859,499,3155 Meadowgate Blvd,City,Play Structure,2011,Meadowgate Park Play Structure 2,,,District Park,{B27C09C6-6A4B-4C3D-9DD7-5149D0C967DB}
481504.6914,4766346.0786,8860,500,1480 Privet Pl,City,Play Structure,2012,Creekside Park Play Structure 1,,,Neighbourhood Park,{A81CC93F-A0C7-4D4A-9B62-BD6A43782CFF}
474802.5246,4759201.1414,8861,501,1115 Whetherfield St,City,Play Structure,2012,Whetherfield Park Play Structure 1,,,Neighbourhood Park,{C8BBB1E3-7E2D-46D0-BF2F-8C111A0E5B83}
476091.8878,4765376.3698,8862,502,125 Pebblecreek Walk,City,Play Structure,2013,Pebble Creek Park Play Structure 1,,,Neighbourhood Park,{44A42ADD-1CA2-4F00-AD72-58103E0DF290}
478190.784,4753779.5031,8863,503,3350 Singleton Ave,City,Play Structure,2013,Westbury Park Play Structure 1,,,Neighbourhood Park,{AB3442D4-FF29-41BA-8344-2F4B816C3D4F}
474459.8874,4764037.0466,8864,504,2070 Wallingford Ave,City,Play Structure,2013,Trooper Mark Wilson Park Play Structure 1,,,Neighbourhood Park,{E9BC702B-19F0-4009-ACE3-11FEEC1FBFE2}
487297.319,4757875.5181,8865,505,1940 Frederick Cres,City,Play Structure,2013,Frederick Park Play Structure 1,,,Neighbourhood Park,{B8921A53-15FB-457A-8D83-DF3C8FBF1F80}
473496.6481,4763757.0906,8866,506,2384 Buroak Dr,City,Play Structure,2013,Foxfield District Park Play Structure 1,,,District Park,{90E6F3C7-1466-49D1-A72D-B43BD1CC9F39}
473511.3186,4763742.1576,8867,507,2384 Buroak Dr,City,Play Structure,2013,Foxfield District Park Play Structure 2,,,District Park,{81740052-DBFC-4AA6-97B8-26229A7EC21F}
483047.7233,4754474.008,8868,508,650 Osgoode Dr,City,Play Structure,2013,Westminster Optimist Park Play Structure 2,,,District Park,{2EA733ED-C05A-4887-BD53-DD79DB0B250C}
482551.388,4756935.7591,8869,509,220 Arlington Cres,City,Play Structure,2015,Glen Cairn Park - East Play Structure 1,,,District Park,{35C5325B-51E3-49B8-AC29-F66B8C1DFA95}
478000.7221,4766207.1142,8870,510,800 Superior Dr,City,Play Structure,2015,Powell Park Play Structure 1,,,Neighbourhood Park,{B12662D1-0E1B-4094-A54B-48E3A494CFF5}
473375.0334,4756376.134,8871,511,1085 Commissioners Rd W,City,Play Structure,2000,Springbank Park Play Structure 1,,,Regional Park,{0F4B6A90-B011-4B9D-B46C-358BA87CA934}
484300.8372,4760273.2024,8872,512,612 Hale St,City,Play Structure,2023,Kiwanis Park - North Play Structure 1,,,District Park,{63C4122C-7158-4E1F-8651-70AE57FF5A78}
478575.7392,4760731.0047,8873,513,2a Grosvenor St,City,Outdoor Pool,1975,Gibbons Park Community Pool,Outdoor,,District Park,{ABA41399-D92C-40B8-A64A-E3526D2E470E}
483124.3794,4758998.2733,8874,514,36 Sycamore St,City,Outdoor Pool,1945,Silverwoods Park Community Pool,Outdoor,,District Park,{2281AC66-972D-41CB-9F13-1ECE758BEBE0}
475019.4239,4758216.9397,8875,516,825 Valetta St,City,Outdoor Pool,2007,Oakridge Optimist Community Park Community Pool,Outdoor,,District Park,{5CD740E7-5809-4E55-B01F-520E5A240AF1}
472728.7303,4755859.3485,8876,517,1330 Brock Lane,City,Outdoor Pool,1965,Byron Community Pool,Outdoor,,District Park,{AAAE88C3-93A2-44DB-A492-3343B1BCFACF}
477340.8345,4756690.3845,8877,518,10 Hazelwood Ave,City,Outdoor Pool,1970,Southcrest Park Community Pool,Outdoor,,Neighbourhood Park,{6652C1F7-42BF-4097-9C7D-11E2CAFDAF08}
483287.0998,4763024.7742,8878,519,1221 Sandford Ave,City,Outdoor Pool,2003,Stronach Park Community Pool,Outdoor,,Sports Park,{58AA331F-3F0B-4CDD-A234-AD0031B8DB22}
483035.5702,4754438.783,8879,520,650 Osgoode Dr,City,Outdoor Pool,2013,Westminster Optimist Park Community Pool,Outdoor,,District Park,{B137545C-AA1B-40CE-92B1-E5C04205346A}
481612.4586,4762323.6493,8880,521,1050 Victoria Dr,City,Outdoor Pool,1968,Northeast Recreation Centre Community Pool,Outdoor,,Neighbourhood Park,{D6694004-7939-4869-8456-8614665E025E}
480816.8925,4764912.189,8881,522,15 Mclean Dr,City,Outdoor Pool,1968,Northridge Community Pool,Outdoor,,Facility Park,{95DF0137-52FC-43A2-89E8-889F1EE93E3E}
475321.0629,4761034.3715,8883,524,1045 Wonderland Rd N,City,Indoor Pool,1991,Canada Games Aquatic Centre Community Pool - Indoor,Indoor,,Facility Park,{FFFCF3DC-1BF0-4FC8-9711-940F699BC761}
482832.9653,4756700.1388,8884,525,370 Chippendale Cres,City,Outdoor Pool,1963,Glen Cairn Arena Community Pool,Outdoor,,Facility Park,{05FC1CFB-D154-41EF-AE0C-A1BE30BAAB8A}
481318.2512,4760629.0468,8885,526,656 Elizabeth St,City,Indoor Pool,1957,Carling Heights Optimist Community Centre Community Pool - Indoor,Indoor,,District Park,{F3B56D1F-E7A3-4ADE-88F0-63B4530DCAD5}
481067.8799,4753454.1923,8886,527,565 Bradley Ave,City,Indoor Pool,1998,South London Community Pool - Indoor,Indoor,,,{332FBB01-6C1E-4C28-AC6F-4D44F9A22EBB}
479700.2611,4759628.4203,8887,528,580 Clarence St,City,Skateboard Park,2002,Victoria Park Skateboard Park 1,,,City Wide Park,{EC6697DD-335D-4000-8A7A-D0A76128C834}
478290.1842,4759345.7448,8888,529,20 Granville St,City,Skateboard Park,2003,West Lions Park Skateboard Park 1,,,District Park,{276FAE17-2077-4C8C-AAC5-73F19821A788}
481012.587,4753592.7899,8889,530,560 Bradley Ave,City,Skateboard Park,2004,White Oaks Optimist Park Skateboard Park 1,,,District Park,{E2FE8C5F-7EB4-4C26-BFEC-A41046C9C8ED}
481147.1151,4760571.7259,8890,531,656 Elizabeth St,City,Skateboard Park,1999,Carling Heights Optimist Community Centre Skateboard Park 1,,,District Park,{3279AF08-5717-4E2C-8ABB-7542CF4EB73B}
478736.2762,4755955.3299,8891,532,555 Wharncliffe Rd S,City,Skateboard Park,2009,Basil Grove Skateboard Park 1,,,District Park,{072F86AA-5C04-4250-AE69-B7340D74A5DD}
484170.7407,4757224.6326,8892,533,828 Deveron Cres,City,Skateboard Park,2009,Naiomi Almeida Skateboard Park 1,,,Neighbourhood Park,{580D6571-5FF8-4E47-8DF4-2D1453394716}
484443.2898,4759960.4815,8893,534,1475 Brydges St,City,Skateboard Park,2010,Kiwanis Park - Central North Skateboard Park 1,,,District Park,{AD160BA6-5680-4247-B70F-785CA369BF4D}
483196.2074,4763151.5303,8894,535,1221 Sanford St,City,Skateboard Park,2008,Stronach Park Skateboard Park 1,,,Sports Park,{3536B7FF-A8B3-47D4-BF2F-65D6E321B952}
475307.352,4761197.1544,8895,536,1051 Wonderland Rd N,City,Skateboard Park,2011,Medway Park Skateboard Park 1,,,District Park,{0AD98E9B-0CFF-4D45-9192-278A0008B4BF}
479057.6511,4766183.4517,8896,537,920 Sunningdale Rd E,City,Skateboard Park,2011,Stoney Creek Community Centre Skateboard Park 1,,,Facility Park,{828AE002-F1ED-4441-839F-AB9A3477A739}
473181.526,4756323.102,8897,538,1205 Commissioners Rd W,City,Skateboard Park,2013,Springbank Park Skateboard Park 1,,,Regional Park,{7BA2A635-7AFA-4B00-8708-4A91306FC59A}
479807.2968,4765175.9694,8898,539,725 Grenfell Dr,City,Skateboard Park,2013,Constitution Park Skateboard Park 1,,,District Park,{0882BAE1-E86C-4233-A5CC-54AAC23D6487}
475221.3878,4760967.7023,8900,541,125 Sherwood Forest Sq,School,Soccer Field,,Banting Secondary School Soccer Field 1,Other,,School,{4E5A29E2-FA20-4034-BD87-33DD2A7F1050}
474935.3282,4761025.322,8901,542,125 Sherwood Forest Sq,School,Soccer Field,,Banting Secondary School Soccer Field 2,Other,,School,{30FC0062-92FC-4E2A-B84D-D9DC9857024C}
474909.7491,4760916.7858,8902,543,125 Sherwood Forest Sq,School,Soccer Field,,Banting Secondary School Soccer Field 3,Other,,School,{7235B983-DBB5-4E55-8732-54753DC2F0B4}
472756.5152,4755497.0265,8904,545,1379 Lola St,School,Soccer Field,,Byron Southwood Public School Soccer Field 2,Other,,School,{AFB27355-5807-493C-A886-E0E1669A0B32}
485339.4579,4760687.7999,8905,546,1837 Churchill Ave,School,Soccer Field,,Sir Winston Churchill Public School Soccer Field 1,Other,,School,{C30D114A-EF6B-48D7-B8AE-BEF18A2482B8}
474205.7014,4758641.6511,8906,547,1025 St Croix Ave,School,Soccer Field,,Clara Brenton Public School Soccer Field 2,Other,,School,{D480E849-2E50-40D8-8DEB-59F53EA5C620}
486214.193,4760946.3168,8907,548,300 Clarke Rd,School,Soccer Field,,Clarke Road Secondary School Soccer Field 2,Other,,School,{92E59069-9972-43F9-9159-4B0A15CFB1B3}
475631.752,4751244.0776,8908,549,6820 Duffield St,School,Soccer Field,,A.E. Duffield Public School Soccer Field 1,Other,,School,{3CCE31E3-D944-4ED0-9729-49F30A77BDB1}
474478.7566,4761953.3028,8909,550,44 Hawthorne Rd,School,Soccer Field,,Emily Carr Public School Soccer Field 1,Other,,School,{998F1DAB-A83A-43C9-B4F4-A28B61E29CAD}
484808.605,4758405.8844,8910,551,1040 Hamilton Rd,School,Soccer Field,,Fairmont Public School Soccer Field 1,Other,,School,{3879C722-F61C-4B8C-AA05-A47AD602883B}
477264.1846,4757405.0448,8911,552,328 Springbank Dr,School,Soccer Field,,Kensal Park French Immersion Public School Soccer Field 1,Other,,School,{C5C93AD8-4A57-42E9-98FD-712F68D3AF69}
477246.5199,4757429.9932,8912,553,328 Springbank Dr,School,Soccer Field,,Kensal Park French Immersion Public School Soccer Field 2,Other,,School,{1AC8E6EC-6E39-4567-BFB4-E70DB091577B}
481225.36,4761767.2978,8913,554,70 Gammage St,School,Soccer Field,,Knollwood Public School Soccer Field 1,Other,,School,{19E84CD6-5A8F-49FF-837D-6D3A16C32FE6}
483197.4636,4755079.1598,8914,555,450 Millbank Dr,School,Soccer Field,,Laurier Secondary School Soccer Field 1,Other,,School,{EEE0E165-1B0D-4BA6-924C-520F7CEAD881}
479777.9273,4764296.1472,8915,556,656 Tennent Ave,School,Soccer Field,,Lucas Secondary School Soccer Field 2,Other,,School,{F42EABB1-0663-4A73-BA7C-0DD857F7E078}
479927.5372,4764361.2007,8916,557,656 Tennent Ave,School,Soccer Field,,Lucas Secondary School Soccer Field 1,Other,,School,{ACE56DA3-3E37-4125-9B8F-3D70DE789ED7}
482302.1875,4762182.8949,8917,558,1150 Landor St,School,Soccer Field,,Sir John A. MacDonald Public School Soccer Field 1,Other,,School,{7D7B512F-E303-4697-8526-ED7852744916}
479532.6715,4757503.9413,8919,560,165 Elmwood Ave E,City,Soccer Field,1999,The Green Soccer Field 1 - Mini,Mini,,Urban Park,{37A5151A-A521-4379-B973-C0BDBB34578F}
480040.41,4756388.5075,8920,561,8 Mountsfield Dr,School,Soccer Field,,Mountsfield Public School Soccer Field 1,Other,,School,{F4BCF7F7-AEED-4FD2-B76D-346094A3E26E}
482525.4488,4763578.3314,8921,562,1350 Highbury Ave N,School,Soccer Field,,Montcalm Secondary School Soccer Field 1,Other,,School,{C92E630B-3576-447B-AA9B-CF19632D3A4F}
480920.0961,4764807.2385,8922,563,25 Mclean Dr,School,Soccer Field,,Northridge Public School Soccer Field 1,Other,,School,{230F8D71-ACE5-4DB5-88BC-85F0B0C6DE46}
474272.7509,4758130.37,8923,564,1040 Oxford St W,School,Soccer Field,,Oakridge Secondary School Soccer Field 1,Other,,School,{3BC6B5C1-262A-496B-9821-76FE1D8F6DAF}
474217.9992,4758243.638,8924,565,1040 Oxford St W,School,Soccer Field,,Oakridge Secondary School Soccer Field 2,Other,,School,{8D38A300-1FB5-432B-A041-1FFB54F2E5A8}
474260.8135,4758261.053,8925,566,1040 Oxford St W,School,Soccer Field,,Oakridge Secondary School Soccer Field 3,Other,,School,{C2B65176-5777-4386-AAA1-8367010EC4EC}
477673.3567,4759266.7651,8926,567,284 Oxford St W,School,Soccer Field,,Eagle Heights Public School School Soccer Field 3,Other,,School,{D31B7CA1-FE52-4989-A1DD-93580A04A386}
477620.6986,4759266.7336,8927,568,284 Oxford St W,School,Soccer Field,,Eagle Heights Public School School Soccer Field 2,Other,,School,{FB72302B-F540-4AE0-B8F7-BBA22BCC7338}
477605.8116,4759306.7979,8928,569,284 Oxford St W,School,Soccer Field,,Eagle Heights Public School School Soccer Field 1,Other,,School,{FF556403-1DBE-48F5-9B5D-195E50F50D8D}
484756.513,4760021.351,8929,570,1601 Wavell St,School,Soccer Field,,Prince Charles Public School Soccer Field 2,Other,,School,{0DE7A61A-892E-4EDE-807B-0C4FE547965C}
484732.7077,4760076.6511,8930,571,1601 Wavell St,School,Soccer Field,,Prince Charles Public School Soccer Field 1,Other,,School,{3B5B9935-9219-42B3-95AC-298935110561}
485184.4117,4759848.1068,8931,572,191 Dawn Dr,School,Soccer Field,,Princess Anne French Immersion Public School Soccer Field 1,Other,,School,{5C7E4830-790F-4D77-B2C1-16CB714962DD}
483660.8278,4749314.1605,8932,573,5250 Wellington Rd S,School,Soccer Field,,Regina Mundi Secondary School Soccer Field 1,Other,,School,{0B0C36D9-6238-4124-89AB-C7E03C16A6F3}
483529.0453,4749315.8686,8933,574,5250 Wellington Rd S,School,Soccer Field,,Regina Mundi Secondary School Soccer Field 2,Other,,School,{1A3FAB1A-EB00-4127-90F3-21099CCDFBFA}
480230.6441,4762749.3222,8934,575,365 Belfield St,School,Soccer Field,,Sir George Ross Secondary School Soccer Field 1,Other,,School,{C9DD600A-CA86-42E8-828F-68A434F7C2E8}
480400.1217,4753907.2775,8935,576,1655 Ernest Ave,School,Soccer Field,,Sir Arthur Carty Separate School Soccer Field 1,Other,,School,{3F975746-CA13-4E43-8BB4-2C610C77940D}
478701.8424,4754577.0851,8936,577,80 St Lawrence Blvd,School,Soccer Field,,Sir Isaac Brock Public School Soccer Field 1,Other,,School,{50B84AD1-F99B-4AC9-8E3E-6835AF749027}
473786.5979,4761672.9417,8937,578,170 Hawthorne Rd,School,Soccer Field,,St. Marguerite d'Youville Separate School Soccer Field 1,Other,,School,{DA8C225F-1A6E-4291-AC36-3DDF3AF20118}
472704.8807,4757583.1983,8938,579,1360 Oxford St W,School,Soccer Field,,St. Thomas Aquinas Secondary School Soccer Field 1,Other,,School,{A40CB880-884A-4988-B092-C6BBB66AC1EB}
478591.2076,4763971.5835,8939,580,1460 Stoneybrook Cres,School,Soccer Field,,Stoneybrook Public School Soccer Field 1,Other,,School,{8365C3E3-2AD0-4729-AEF3-7A4725740370}
482229.3649,4758272.7252,8940,581,785 Trafalgar St,School,Soccer Field,,Thames Secondary School Soccer Field 1,Other,,School,{A5B071E3-F14A-45A6-A5B3-3BC60456F177}
477393.0521,4760634.7192,8941,582,27 Ford Cres,School,Soccer Field,,University Heights Public School Soccer Field 1,Other,,School,{F1B2A0CA-A600-4872-8BFE-B600CF87E8F0}
474436.367,4757838.7678,8942,583,1070 Quinton Rd,City,Soccer Field,1999,Westdale Park Soccer Field 2 - Mini,Mini,,Neighbourhood Park,{806B317E-6E0A-47ED-803C-4568F9AFB515}
474388.6058,4757843.2644,8943,584,1070 Quinton Rd,City,Soccer Field,1999,Westdale Park Soccer Field 1 - Mini,Mini,,Neighbourhood Park,{23C8CD42-C62D-47D1-BD2F-B09DDB90F784}
477395.8233,4756496.9901,8944,585,230 Base Line Rd W,School,Soccer Field,,Westminster Secondary School Soccer Field 3,Other,,School,{FBCA24AD-F829-4D72-B0FC-609307D5FFE4}
477347.0263,4756417.9688,8945,586,230 Base Line Rd W,School,Soccer Field,,Westminster Secondary School Soccer Field 1,Other,,School,{40E129C7-8245-4B1B-A27A-74F0E93B41F6}
476272.7679,4754656.0526,8946,587,941 Viscount Rd,School,Soccer Field,,Saunders Secondary School Soccer Field 1,Other,,School,{938D0CDD-5F0F-4120-94F3-3C9C14B3994E}
482183.6221,4757485.2195,8947,588,70 Jacqueline St,School,Soccer Field,,G.A. Wheable Secondary School Soccer Field 2,Other,,School,{A51E2829-4498-451B-950E-7FF4F80755DD}
482128.3486,4757604.4452,8948,589,70 Jacqueline St,School,Soccer Field,,G.A. Wheable Secondary School Soccer Field 1,Other,,School,{023F5AF9-2B20-41AE-A4EA-92B00B296146}
476559.9056,4756914.1736,8949,590,474 Springbank Dr,School,Soccer Field,,Woodland Heights Public School Soccer Field 1,Other,,School,{3EC5E909-A9C1-4A69-9B1A-D88567A2D11E}
477975.1295,4755578.0182,8950,591,617 Viscount Rd,School,Soccer Field,,Arthur Ford Public School Soccer Field 1,Other,,School,{84C19CDF-1C04-4706-AAC4-3C882069E3A1}
483077.6713,4755044.8508,8951,592,43 Shaftesbury Ave,School,Soccer Field,,Arthur Stringer Public School Soccer Field 1,Other,,School,{D41053B5-D3AD-4ED9-999C-BD9BD41AE08C}
480862.2581,4759252.0173,8952,593,475 King St,School,Soccer Field,,Beal Secondary School Soccer Field 1,Other,,School,{7EA15E5C-DFA6-4A1C-BF9B-74D9483EFF42}
481817.3138,4761159.2048,8953,594,814 Quebec St,School,Soccer Field,,Bishop Townshend Public School Soccer Field 1,Other,,School,{AECB2658-15C2-4056-9FF2-15C9823CB035}
478544.6791,4763571.0787,8954,595,220 Sunnyside Dr,School,Soccer Field,,Blessed Kateri Separate School Soccer Field 1,Other,,School,{5E20277E-7585-4784-9277-914E9E752E4B}
487261.49,4761344.669,8955,596,141 Bonaventure Dr,School,Soccer Field,,Bonaventure Meadows Public School Soccer Field 1,Other,,School,{631EE0C6-AC73-4AA2-91BA-791BD29A4558}
472427.4314,4756444.4432,8956,597,1370 Commissioners Rd W,School,Soccer Field,,Byron Northview Public School Soccer Field 1,Other,,School,{F26D56D0-CCF8-4EF4-957A-3892021766F9}
472874.5802,4755462.7575,8957,598,1379 Lola St,School,Soccer Field,,Byron Southwood Public School Soccer Field 1,Other,,School,{5E5713C2-4098-4AF6-A95C-D016A0E34040}
482973.8314,4756722.1822,8958,599,360 Chippendale Cres,School,Soccer Field,,C.C. Carrothers Public School Soccer Field 1,Other,,School,{A3D80A56-54ED-4468-BAE7-404EDC9CF929}
480590.768,4759497.6568,8959,600,439 Queens Ave,School,Soccer Field,,Catholic Central Secondary School Soccer Field 1,Other,,School,{23AE0CC0-AF81-4095-9B82-296BDF78C665}
484025.6013,4763835.9418,8960,601,1035 Chippewa Dr,School,Soccer Field,,Chippewa Public School Soccer Field 1,Other,,School,{390724D2-BD22-4065-BCF0-DF8CC89F475F}
474200.3086,4758663.1926,8961,602,1025 St Croix Ave,School,Soccer Field,,Clara Brenton Public School Soccer Field 3,Other,,School,{FD6C077D-1754-4788-AB7C-76397D371E25}
474211.8083,4758619.7596,8962,603,1025 St Croix Ave,School,Soccer Field,,Clara Brenton Public School Soccer Field 1,Other,,School,{1AE0E881-A712-4C5E-A918-0BE8810213FE}
486216.6453,4760871.2537,8963,604,300 Clarke Rd,School,Soccer Field,,Clarke Road Secondary School Soccer Field 1,Other,,School,{EC5E432E-D688-460D-AA2E-195E1DD9ED89}
473349.6024,4758019.6801,8964,605,40 Hunt Club Dr,School,Soccer Field,,Ecole Marie-Curie Soccer Field 1,Other,,School,{0B1D3ECB-92EF-443D-A30E-AFB00C512CF6}
484188.1954,4763405.7263,8965,606,50 Tewksbury Cres,School,Soccer Field,,Evelyn Harrison Public School Soccer Field 1,Other,,School,{9C116241-7697-4D9A-9BB9-1F9A8CB49122}
484292.3392,4762011.1673,8966,607,560 Second St,School,Soccer Field,,F.D. Roosevelt Public School Soccer Field 1,Other,,School,{52D65F17-580E-43CC-B33B-7D888DD23F0B}
483418.4797,4762475.3995,8967,608,1460 Oxford St E,School,Soccer Field,,Fanshawe College Soccer Field 1,Other,,School,{C2B78A6C-EFBC-40F5-AE1E-AC4009D958AE}
483313.795,4762406.0345,8968,609,1460 Oxford St E,School,Soccer Field,,Fanshawe College Soccer Field 3,Other,,School,{3DAF9FCF-518E-41C5-84E3-A71598A031D8}
483294.3324,4762409.2255,8969,610,1460 Oxford St E,School,Soccer Field,,Fanshawe College Soccer Field 4,Other,,School,{2F3ED6BB-B36A-4817-AAF1-C2018A576EFA}
483330.6442,4762403.8043,8970,611,1460 Oxford St E,School,Soccer Field,,Fanshawe College Soccer Field 2,Other,,School,{EBE9DF15-8A32-4825-8CAA-D4FE124B5568}
483301.2043,4755984.3411,8971,612,53 Frontenac Rd,School,Soccer Field,,Glen Cairn Public School Soccer Field 1,Other,,School,{3180E369-2668-4026-A35E-45F0A2A11122}
481822.9147,4763176.4389,8972,613,1231 Fuller St,School,Soccer Field,,Hillcrest Public School Soccer Field 1,Other,,School,{9922EB75-65E8-4430-B38A-A90C1FF84A6F}
481196.7528,4757193.0599,8973,615,268 Herkimer St,School,Soccer Field,,Holy Rosary Separate School Soccer Field 1,Other,,School,{E44E9160-BC5E-49DD-84C2-1B48DFFE1036}
473170.9203,4757045.7183,8974,616,555 Sanatorium Rd,School,Soccer Field,,John Dearness Public School Soccer Field 1,Other,,School,{630342EB-4E53-490C-9F5E-1F86B649DD47}
487002.6965,4759597.3409,8975,617,84 Bow St,School,Soccer Field,,John P. Robarts Public School Soccer Field 2,Other,,School,{5518294E-0A1C-45BA-A25D-2BB320CD972A}
487055.6334,4759710.2068,8976,618,84 Bow St,School,Soccer Field,,John P. Robarts Public School Soccer Field 1,Other,,School,{48E2808C-574E-4B1A-B6CD-AE346BAAE631}
483175.7563,4761936.3074,8977,619,1300 Oxford St E,School,Soccer Field,,John Paul II Secondary School Soccer Field 1,Other,,School,{FB2A8559-D427-4003-9DC9-23710AB6D9D0}
481655.5795,4762456.0807,8978,620,1100 Victoria Dr,School,Soccer Field,,Lord Elgin Public School Soccer Field 1,Other,,School,{A6D6BBED-457A-434C-8D3D-45F6587AA317}
486427.0633,4760828.2296,8979,621,1990 Royal Cres,School,Soccer Field,,Lord Nelson Public School Soccer Field 1,Other,,School,{4B494AE8-AD12-4121-9CD7-AEA02D7BDAC9}
476755.3942,4763631.6265,8980,623,25 Hillview Blvd,School,Soccer Field,,Masonville Public School Soccer Field 1,Other,,School,{B9BAB2F4-C738-438C-8A81-6437EEDB48D8}
482580.7797,4763482.1148,8981,624,1350 Highbury Ave N,School,Soccer Field,,Montcalm Secondary School Soccer Field 2,Other,,School,{BE3197B4-1697-4B89-888A-5B3335C1565A}
482325.1827,4754042.2743,8982,625,927 Osgoode Dr,School,Soccer Field,,Nicholas Wilson Public School Soccer Field 2,Other,,School,{303C9F62-8DED-4FDC-9397-45674E3C969B}
482318.3742,4754067.18,8983,626,927 Osgoode Dr,School,Soccer Field,,Nicholas Wilson Public School Soccer Field 3,Other,,School,{C0A2903A-C684-49F8-8F92-680FF9E16BA8}
482324.7569,4753990.5122,8984,627,927 Osgoode Dr,School,Soccer Field,,Nicholas Wilson Public School Soccer Field 1,Other,,School,{A2C6BC7C-DBDF-4B82-918E-15B676C39921}
474398.0128,4758118.5534,8985,628,1040 Oxford St W,School,Soccer Field,,Oakridge Secondary School Soccer Field 4,Other,,School,{F22764FA-4A33-485E-81EB-F66375AFCF85}
481965.28,4757147.8188,8986,629,247 Thompson Rd,School,Soccer Field,,Princess Elizabeth Public School Soccer Field 1,Other,,School,{CE417602-F7CD-4A08-8821-E3ACBC8F88E6}
481098.0364,4753837.6686,8987,630,70 Ponderosa Cres,School,Soccer Field,,Rick Hansen Public School Soccer Field 1,Other,,School,{D2B709E3-58E3-4702-9221-35081E5ADA32}
475154.054,4758069.1936,8988,631,550 Pinetree Dr,School,Soccer Field,,Riverside Public School Soccer Field 1,Other,,School,{FA098616-85A7-4EC4-9990-59E8AA11DC9D}
482940.7863,4762093.6444,8989,632,1090 Highbury Ave N,School,Soccer Field,,Robarts School for the Deaf Soccer Field 1,Other,,School,{6F11B677-FD34-47B0-9A29-4D518E4EC8DD}
479572.5529,4761313.6352,8990,633,940 Waterloo St,School,Soccer Field,,Ryerson Public School Soccer Field 1,Other,,School,{7BC40360-D6FC-48ED-A80C-2E7FCAFDD79D}
480926.1073,4755739.8711,8991,635,695 Chiddington Ave,School,Soccer Field,,Sir Georges Etienne Cartier Public School Soccer Field 2,Other,,School,{62094881-2A0F-405C-9A1F-AB53B88D719E}
480865.1359,4755775.3435,8992,636,695 Chiddington Ave,School,Soccer Field,,Sir Georges Etienne Cartier Public School Soccer Field 1,Other,,School,{C9885660-A852-4BDE-8CF4-5D8CBA2C86D7}
480234.778,4757319.2637,8993,637,371 Tecumseh Ave e,School,Soccer Field,,South Secondary School Soccer Field 1,Other,,School,{5845782A-8436-44A4-B47F-4601435DBF8D}
482700.8586,4763286.8706,8994,638,1366 Huron St,School,Soccer Field,,St. Anne Separate School Soccer Field 1,Other,,School,{DAD4C4A0-68A4-464C-9F92-CD55BDB20E3F}
480950.4175,4753209.0963,8995,639,1380 Ernest Ave,School,Soccer Field,,St. Anthony Separate School Soccer Field 1,Other,,School,{5A46BEEF-3F3F-443F-A85A-8CB0E0EC9980}
485022.7404,4758744.0171,8996,640,155 Tweedsmuir Ave,School,Soccer Field,,St. Bernadette Separate School Soccer Field 1,Other,,School,{04BE38A9-60A2-421E-83CB-0F930163B6C9}
483038.5143,4754641.5619,8997,641,690 Osgoode Dr,School,Soccer Field,,St. Francis Separate School Soccer Field 1,Other,,School,{D2665155-BCC9-4ADC-8227-B4507D2DBDCC}
478112.6714,4755097.0838,8998,642,690 Viscount Rd,School,Soccer Field,,St. Jude Separate School Soccer Field 1,Other,,School,{42BC9B97-8516-40EE-8074-54DBB2A675BF}
480808.7056,4764777.3825,8999,643,1440 Glenora Dr,School,Soccer Field,,St. Mark Separate School Soccer Field 1,Other,,School,{3772C107-1129-4D81-9372-E447D97CC6E5}
480842.385,4764705.6113,9000,644,1440 Glenora Dr,School,Soccer Field,,St. Mark Separate School Soccer Field 2,Other,,School,{5C8DAC48-AF49-4BCF-A9EA-BB6119DF7C9A}
480150.0433,4761247.016,9001,645,926 Maitland St,School,Soccer Field,,St. Michael Separate School Soccer Field 1,Other,,School,{80CC1669-C72B-4F68-8232-CF40A827756E}
473959.2276,4758359.0598,9002,646,1090 Guildwood Blvd,School,Soccer Field,,St. Paul Separate School Soccer Field 2,Other,,School,{AE92EC06-113B-4918-BD9F-264323B20BAC}
473938.4908,4758413.0812,9003,647,1090 Guildwood Blvd,School,Soccer Field,,St. Paul Separate School Soccer Field 1,Other,,School,{D12154DD-BF92-4853-BF24-8E068662EDB2}
484910.5885,4760022.4645,9004,648,255 Vancouver St,School,Soccer Field,,St. Pius X Separate School Soccer Field 1,Other,,School,{E99CFF2F-B801-419B-97BA-79116AF19908}
486381.7739,4760242.3743,9005,649,1958 Duluth Cres,School,Soccer Field,,St. Robert Separate School Soccer Field 1,Other,,School,{C89025EA-4267-4E64-BE75-D621D0A220E1}
483254.1938,4756860.218,9006,650,225 Cairn St,School,Soccer Field,,St. Sebastian Separate School Soccer Field 1,Other,,School,{576B6057-8F55-4D4F-923C-E73D28916008}
476463.4182,4760762.3695,9007,651,18 Wychwood Pk,School,Soccer Field,,St. Thomas More Separate School Soccer Field 1,Other,,School,{703E43FC-9406-4C04-9B56-AB334D77A364}
485381.8042,4758759.2637,9008,652,349 Tweedsmuir Ave,School,Soccer Field,,Tweedsmuir Public School Soccer Field 1,Other,,School,{A3D408A8-0420-48F7-9A16-0BB0C9FF96F9}
477684.5367,4760832.0542,9009,653,Huron Dr (pvt),School,Soccer Field,,University of Western Ontario Soccer Field 1,Other,,School,{75701085-498B-44F6-9149-1C1190D3196D}
483150.4798,4760608.9422,9010,654,1250 Dundas St,School,Soccer Field,,W.D. Sutton Public School Soccer Field 1,Other,,School,{5960A5C5-9ED6-4F1A-9AB1-CE1497AE0DA8}
483772.1512,4749807.9853,9011,655,2835 Westminster Dr,School,Soccer Field,,Westminster Central Public School Soccer Field 1,Other,,School,{419F9052-64D1-4AD6-9802-DD23855F6D0A}
477310.7262,4756505.3756,9012,656,230 Base Line Rd W,School,Soccer Field,,Westminster Secondary School Soccer Field 2,Other,,School,{E64FA451-FCD5-4C5A-BAD8-FDD3B704F78A}
476016.3494,4754642.814,9013,657,1011 Viscount Rd,School,Soccer Field,,Westmount Public School Soccer Field 1,Other,,School,{FA32DA8B-908E-4057-9F0E-312F52C7BF27}
473391.813,4756272.6808,9014,658,1085 Commissioners Rd W,City,Soccer Field,2001,Springbank Park Soccer Field 4 - Mini,Mini,,Regional Park,{4E90388C-DFE5-408A-B49E-57CD7E6CF211}
473025.9806,4756369.756,9015,659,1085 Commissioners Rd W,City,Soccer Field,1996,Springbank Park Soccer Field 1 - Mini,Mini,,Regional Park,{18257684-78A1-40ED-937B-FA01A6135A98}
473017.8885,4756421.8008,9016,660,1085 Commissioners Rd W,City,Soccer Field,1996,Springbank Park Soccer Field 2 - Mini,Mini,,Regional Park,{391B3268-9DAD-4C6A-A13B-5BC2FD6AFB51}
472937.0326,4756457.8002,9017,661,1085 Commissioners Rd W,City,Soccer Field,1996,Springbank Park Soccer Field 3 - Mini,Mini,,Regional Park,{78242CEE-B1D6-4A66-AD01-87B82CCDD256}
478213.7369,4759323.515,9018,662,20 Granville St,City,Soccer Field,2003,West Lions Park Soccer Field 1 - Full,Full,Y,District Park,{404A7A82-F088-4D1A-8E39-BBE1F8D5BBE6}
480928.7441,4761311.4809,9020,664,675 Grosvenor St,City,Soccer Field,1996,Carling Park Soccer Field 1 - Mini,Mini,,Neighbourhood Park,{5D2AE378-F668-4C5E-8A15-CA16A50C76EA}
480798.3323,4761310.8872,9021,665,675 Grosvenor St,City,Soccer Field,1996,Carling Park Soccer Field 3 - Mini,Mini,,Neighbourhood Park,{F30F23B0-C22C-41DA-AA17-2933F9C40043}
480868.2215,4761286.574,9022,666,675 Grosvenor St,City,Soccer Field,1996,Carling Park Soccer Field 2 - Mini,Mini,,Neighbourhood Park,{2981E11F-BE3C-4398-A7FB-58DB25E7F98A}
485080.4968,4760450.8562,9023,667,1731 Churchill Ave,City,Soccer Field,2003,East Lions Park Soccer Field 1 - Mini,Mini,Y,District Park,{B95E5BED-2F22-4EB0-BEFA-0E7BF0956861}
472704.9554,4755913.018,9024,668,1308 Norman Ave,City,Soccer Field,2000,Jorgenson Park Soccer Field 1 - Mini,Mini,,District Park,{308B39D7-A00B-4854-9204-0BA34E7B335A}
477083.849,4760153.4103,9025,669,290 Trott Dr,City,Soccer Field,2005,University Heights Park Soccer Field 1 - Mini,Mini,,Neighbourhood Park,{BF6E175D-3211-4D85-A183-5640F701CE1F}
473368.2454,4758279.5111,9026,670,1207 Royal York Rd,City,Soccer Field,2003,Oak Park Soccer Field 1 - Full,Full,Y,Neighbourhood Park,{C37B729A-C841-4BC9-AC54-917D0AEE1FEA}
481846.8964,4753692.9439,9027,671,1030 Mitchel St,City,Soccer Field,2003,St. Stephen's Park Soccer Field 1 - Mini,Mini,,Neighbourhood Park,{B24C6E6F-071D-48E8-B3A6-636CB01CCD8D}
477053.9107,4757923.8886,9028,672,150 Chelsea Ave,City,Soccer Field,2011,Kensal Park Soccer Field 1 - Mini,Mini,,Neighbourhood Park,{04C47142-8383-4B73-BE72-80D10E7F8F9A}
476889.005,4757870.2309,9029,673,150 Chelsea Ave,City,Soccer Field,2011,Kensal Park Soccer Field 2 - Mini,Mini,,Neighbourhood Park,{B7220DB2-5A45-4A8A-8B68-867D29DFC07F}
481427.3055,4757966.6747,9030,674,1 Adelaide St S,City,Soccer Field,1996,Chelsea Green Park Soccer Field 1 - Full,Full,Y,Neighbourhood Park,{6D06F386-EBD1-4A85-ABD7-6A151532FEB2}
477779.8435,4758200.2259,9031,675,50 Greenside Ave,City,Soccer Field,1996,Greenway Park Soccer Field 5 - Full,Full,,Off-Leash Dog Park,{05D77492-F2C7-4B47-A21D-BBA0ED80C948}
477858.0663,4758295.8669,9032,676,50 Greenside Ave,City,Soccer Field,1996,Greenway Park Soccer Field 1 - Mini,Mini,,Off-Leash Dog Park,{AD822737-13EE-4E74-9D8F-7CF3EA2461D1}
476687.3189,4758076.9302,9033,677,50 Greenside Ave,City,Soccer Field,2009,Greenway Park Soccer Field 4 - Mini,Mini,,Off-Leash Dog Park,{B664BE9E-DE8D-4860-BC4B-7C2DB241A51A}
476575.8116,4758045.3578,9034,678,50 Greenside Ave,City,Soccer Field,2001,Greenway Park Soccer Field 3 - Full,Full,Y,Off-Leash Dog Park,{3C483978-DE7F-444C-86F6-90D3AFFB9728}
477709.8556,4758282.6456,9035,679,50 Greenside Ave,City,Soccer Field,1996,Greenway Park Soccer Field 2 - Full,Full,Y,Off-Leash Dog Park,{15BC25DB-36A5-4350-A91A-E9387920BB53}
478400.9624,4754798.0224,9036,680,5 St. Lawrence Blvd,City,Soccer Field,1996,St. Lawrence Park Soccer Field 1 - Mini,Mini,,Neighbourhood Park,{0D040B8B-8825-4B99-A286-44F27149AB9C}
483110.6158,4754474.1402,9037,681,650 Osgoode Dr,City,Soccer Field,1996,Westminster Optimist Park Soccer Field 1 - Mini,Mini,,District Park,{622432FC-188B-40CB-864F-0AF59B039DB2}
477170.1343,4755247.2182,9038,682,784 Viscount Rd,City,Soccer Field,1996,Westmount Lions Park Soccer Field 1 - Full,Full,Y,Neighbourhood Park,{BD2127E4-55C0-4F76-96C7-75F7CF97A1CC}
471858.8111,4756141.6716,9039,683, 385 Grandview Ave,City,Soccer Field,1996,Grand View Park Soccer Field 1 - Mini,Mini,,Neighbourhood Park,{9FE85361-E5B7-4A7A-AC07-3594C013AD37}
484256.0999,4764421.0168,9040,684,1375 Clarke Rd,City,Soccer Field,2002,Ted Early Sports Complex Soccer Field 3 - Full,Full,Y,Sports Park,{04DAFC1D-98FF-44AF-BEB3-1267B030E393}
484338.5121,4764448.589,9041,685,1375 Clarke Rd,City,Soccer Field,2002,Ted Early Sports Complex Soccer Field 2 - Full,Full,Y,Sports Park,{12FFE782-77A4-4A48-8823-880819B484AC}
484420.5982,4764486.419,9042,686,1375 Clarke Rd,City,Soccer Field,2002,Ted Early Sports Complex Soccer Field 1 - Full,Full,Y,Sports Park,{42FF338D-0B15-4990-ACEB-AC36C998AF85}
480510.5788,4754648.0003,9043,687,817 Nixon Ave,City,Soccer Field,2013,Cleardale Park Soccer Field 2 - Full,Full,,Neighbourhood Park,{8556E0C3-7577-4A6A-81B4-E75CDE9B53F7}
479886.7915,4765311.9798,9044,688,725 Grenfell Dr,City,Soccer Field,2007,Constitution Park Soccer Field 1 - Full,Full,,District Park,{44B3EBFE-2D59-44A8-91A4-A9F4FBE30618}
479906.3239,4763317.3938,9045,689,815 Windermere Rd,City,Soccer Field,1996,Stoneybrook Recreation Field Soccer Field 1 - Full,Full,Y,Sports Park,{9EA22421-F003-4626-893F-801764D12B6C}
481113.5552,4753224.7273,9046,690,1119 Jalna Blvd,City,Soccer Field,2001,White Oaks Park Soccer Field 1 - Full,Full,Y,District Park,{B1B3C447-0E7B-4BE6-A9B7-546B6CB0128E}
480758.6784,4753299.5912,9047,691,1394 Ernest Ave,City,Soccer Field,2003,White Oaks Park Soccer Field 3 - Mini,Mini,,District Park,{7F23BDD1-6726-4A53-973C-114C91811F34}
474392.5725,4760671.7532,9048,693,102 Brandy Lane Rd,City,Soccer Field,2006,Gainsborough Meadows Soccer Field 1 - Full,Full,,Neighbourhood Park,{1EB3A805-1C9B-4FAC-94C0-6AD11C907718}
474198.7279,4757042.9898,9049,694,430 Hyde Park Rd,City,Soccer Field,2003,Hazelden Park Soccer Field 1 - Full,Full,Y,Neighbourhood Park,{CB176526-73C0-4461-8A73-5A939049CE5C}
480983.5589,4762726.8115,9050,695,449 Barker St,City,Soccer Field,2013,Ed Blake Park Soccer Field 1 - Full,Full,,District Park,{612533A8-86ED-4BD4-827E-DD0E4313131F}
481037.561,4753652.0164,9051,696,560 Bradley Ave,City,Soccer Field,1996,White Oaks Optimist Park Soccer Field 1 - Full,Full,Y,District Park,{5E07D316-C7A2-41E5-986E-8D6068122605}
476476.981,4760364.2097,9052,697,328 Castlegrove Blvd,City,Soccer Field,1996,Chesham Heights Park Soccer Field 1 - Mini,Mini,,Neighbourhood Park,{765BE14D-A9D6-4BDD-94E0-87FF76A97DA7}
478645.7122,4754775.3219,9053,698,741 Lenore St,City,Soccer Field,1999,Belmont Park Soccer Field 1 - Mini,Mini,,Neighbourhood Park,{0BBF9122-C145-4AB9-8ECF-0B5FC8BCF2B1}
479431.1178,4754731.2777,9054,699,799 Homeview Rd,City,Soccer Field,1996,Earl Nichols Park And Arena Soccer Field 1 - Mini,Mini,,Neighbourhood Park,{D96CD12C-5570-43A8-BAD5-A7AE6A761E99}
479578.0413,4762900.7903,9055,700,1225 Adelaide St N,City,Soccer Field,2002,North London Athletic Fields Soccer Field 2 - Full,Full,Y,Sports Park,{A69BEECF-3067-493E-8B3D-1C3E62DAE5A0}
479342.5427,4762748.7682,9056,701,1225 Adelaide St N,City,Soccer Field,2003,North London Athletic Fields Soccer Field 4 - Full,Full,Y,Sports Park,{D47C34AA-B424-433E-8289-65281C0B1A9B}
479444.9695,4762874.001,9057,702,1225 Adelaide St N,City,Soccer Field,2003,North London Athletic Fields Soccer Field 3 - Full,Full,Y,Sports Park,{82713539-5B39-4683-859B-1FCECD4CFE63}
479616.5893,4762805.6726,9058,703,1225 Adelaide St N,City,Soccer Field,2002,North London Athletic Fields Soccer Field 1 - Full,Full,Y,Sports Park,{F6205785-7A55-4149-8B9B-D4A2FF0C535C}
484200.6512,4757219.0576,9059,704,828 Deveron Cres,City,Soccer Field,2003,Naiomi Almeida Park Soccer Field 1 - Mini,Mini,,Neighbourhood Park,{CC9F313B-17E9-4DBD-898E-4B9D21BC92E0}
477414.1871,4754730.272,9060,705,731 Viscount Rd,City,Soccer Field,2001,Jesse Davidson Park Soccer Field 1 - Full,Full,Y,District Park,{C7A9D381-BDAE-4D10-97F9-3B1BB73758FF}
477274.5805,4754731.9301,9061,706,731 Viscount Rd,City,Soccer Field,2003,Jesse Davidson Park Soccer Field 2 - Full,Full,Y,District Park,{11A233BF-E53B-4BCD-B23A-1D7E682BBF1F}
475601.6071,4754081.571,9062,707,682 Southdale Rd W,City,Soccer Field,1993,Southwest Optimist Park Soccer Field 1 - Full,Full,Y,District Park,{C4A3DD21-E203-46A2-A092-0BB483016D9F}
475588.1156,4754159.9332,9063,708,682 Southdale Rd W,City,Soccer Field,1993,Southwest Optimist Park Soccer Field 2 - Full,Full,Y,District Park,{0F8B09A0-2A24-4E73-8B04-2386A8FD9CB6}
473555.0342,4754998.8854,9064,709,211 Whisperwood Ave,City,Soccer Field,1999,Whisperwood Park Soccer Field  1 - Mini,Mini,,Neighbourhood Park,{5903BE6A-697B-426E-88F8-A3EC921D3704}
474851.4908,4755005.2974,9065,710,104 Parks Edge Cres,City,Soccer Field,2005,Cresthaven Park Soccer Field 1 - Full,Full,,Neighbourhood Park,{5B2A041F-C1E2-4353-B20D-85C7608B8400}
480423.8225,4752933.4198,9066,711,88 Lacey Cres,City,Soccer Field,1996,Cheswick Park Soccer Field 1 - Mini,Mini,,Neighbourhood Park,{F844E3FB-020F-4726-A8A2-D34C341FE084}
479697.4796,4763239.2368,9067,712,745 Windermere Rd,City,Soccer Field,1996,Windermere Fields Soccer Field 2 - Full,Full,Y,Sports Park,{B037961E-0DF8-4CF2-A6A5-A336E0F3CB6F}
479723.138,4763168.0357,9068,713,745 Windermere Rd,City,Soccer Field,1996,Windermere Fields Soccer Field 3 - Full,Full,Y,Sports Park,{BA5F16ED-1753-4B20-A207-2E790B30DBA8}
479661.9772,4763322.1087,9069,714,745 Windermere Rd,City,Soccer Field,1996,Windermere Fields Soccer Field 1 - Full,Full,Y,Sports Park,{97B46E32-D88C-478D-B602-54122DDD1494}
473982.6539,4762338.8458,9070,715,1830 Aldersbrook Rd,City,Soccer Field,1996,Jaycee Park Soccer Field 1 - Mini,Mini,,Neighbourhood Park,{7B8201C3-C8A1-4126-84D6-288F5A3FE5F4}
476620.596,4750623.4958,9071,716,83 Dennis Ave,City,Soccer Field,1996,Ralph Hamlyn Park Soccer Field 1 - Mini,Mini,,Neighbourhood Park,{7478EB4A-A237-492D-A7C5-7330B955F56B}
482454.4953,4754101.4635,9072,717,16 Fitzroy Pl,City,Soccer Field,2012,Nicholas Wilson Park Soccer Field 1 - Mini,Mini,,Neighbourhood Park,{531CE065-D56A-46AB-84E7-AF46100D81A0}
483668.4662,4754432.2412,9073,718,150 Bexhill Dr,City,Soccer Field,1996,Heritage Park Soccer Field 1 - Mini,Mini,,Neighbourhood Park,{B968DCF2-1E10-499C-A4E4-A7524912A43D}
478190.4029,4758195.0109,9074,719,67 Springbank Dr,City,Soccer Field,2003,Springbank Flats Soccer Field 1 - Full,Full,Y,Neighbourhood Park,{7FCDB10F-BCD7-45C8-99EF-891A0A554367}
483917.0123,4758102.2489,9075,720,15 Tommy Hunter Way,City,Soccer Field,1996,St. Julien Park Soccer Field 1 - Full,Full,Y,Sports Park,{F6B8A3B0-11EA-485C-A8B6-D10EBCAA19BE}
474705.3141,4755753.7355,9076,721,869 Commissioners Rd W,City,Soccer Field,1996,Reservoir Park Soccer Field 1 - Mini,Mini,,Neighbourhood Park,{6868DB69-173C-438F-9061-5ECE2D9A757F}
474745.5792,4755740.7887,9077,722,869 Commissioners Rd W,City,Soccer Field,1996,Reservoir Park Soccer Field 2 - Mini,Mini,,Neighbourhood Park,{D1C774FB-12DC-4EC9-AB2E-2BA89097727A}
475039.4472,4750961.3666,9078,723,7112 Beattie St,City,Soccer Field,1996,Lambeth Centennial Park Soccer Field 3 - Mini,Mini,,District Park,{7CBEC7F5-79F3-4C25-AEEF-92780175A6A2}
474901.4718,4751009.6959,9079,724,7112 Beattie St,City,Soccer Field,1996,Lambeth Centennial Park Soccer Field 2 - Mini,Mini,Y,District Park,{FCB32504-B459-4830-B22A-F3C2C1798BF6}
474998.0328,4751022.7212,9080,725,7112 Beattie St,City,Soccer Field,1996,Lambeth Centennial Park Soccer Field 1 - Full,Full,Y,District Park,{F237837C-2C41-42CB-9F15-208A1B3C832F}
478196.9513,4764874.6954,9081,726,225 Chambers Ave,City,Soccer Field,2007,Virginia Park Soccer Field 1 - Mini,Mini,,Neighbourhood Park,{6C0FB93D-2BAA-4708-B30C-4ECFC05D258C}
485370.2187,4756913.579,9082,727,1510 Commissioners Rd E,City,Soccer Field,2011,City Wide Sports Park Soccer Field 1 - Full,Full,Y,Sports Park,{014DC8D8-A00A-44F4-858B-6F1AC4BFF6EE}
485462.1056,4756923.2853,9083,728,1510 Commissioners Rd E,City,Soccer Field,2011,City Wide Sports Park Soccer Field 2 - Full,Full,Y,Sports Park,{2C5F8AC5-C1E2-454A-9CE9-EEBB71F7DD55}
483909.8439,4758124.4169,9084,729,15 Tommy Hunter Way,City,Soccer Field,2006,St. Julien Park Soccer Field 2 - Mini,Mini,,Sports Park,{72617D49-4298-4E52-8FBE-03818332F576}
483922.529,4758080.5475,9085,730,15 Tommy Hunter Way,City,Soccer Field,2006,St. Julien Park Soccer Field 3 - Mini,Mini,,Sports Park,{91B110C7-8D86-4F40-A7F9-027A1C2E3AE5}
483743.8495,4758036.6028,9086,731,15 Tommy Hunter Way,City,Soccer Field,2006,St. Julien Park Soccer Field 4 - Mini,Mini,,Sports Park,{180E0A21-A90B-42F7-8D55-F9D87C2E884D}
483788.3812,4758038.2877,9087,732,15 Tommy Hunter Way,City,Soccer Field,2006,St. Julien Park Soccer Field 5 - Mini,Mini,,Sports Park,{52B0E495-B37E-4B48-897C-BD46FE3CE4B4}
477819.0775,4761312.7153,9088,733,Huron Dr (pvt),School,Soccer Field,,University of Western Ontario Soccer Field 2,Other,,School,{23BBF378-AD50-4175-8C8D-C873BB548526}
477864.6449,4761456.0857,9089,734,Huron Dr (pvt),School,Soccer Field,,University of Western Ontario Soccer Field 3,Other,,School,{6897CFCB-5596-45ED-9030-68B45ADFE6DE}
472905.7202,4760090.3544,9090,735,99 Prince Of Wales Gate,City,Soccer Field,2006,Cantebury Park Soccer Field 1 - Full,Full,,Neighbourhood Park,{F9FF4AE4-C301-46EF-9252-BFD42A809DA3}
476007.2529,4764090.0739,9091,736,214 Plane Tree Dr,City,Soccer Field,2005,Plane Tree Park Soccer Field 1 - Mini,Mini,,District Park,{C6B6A200-85A5-496A-8782-D29B149E0AB0}
476050.3945,4764122.0529,9092,737,214 Plane Tree Dr,City,Soccer Field,2005,Plane Tree Park Soccer Field 2 - Mini,Mini,,District Park,{9119FA9C-A624-4A12-AD1F-47C94DD9998A}
474342.7234,4761985.3515,9093,738,48 Hawthorne Rd,City,Soccer Field,2005,Northwest Optimist Park Soccer Field 1 - Mini,Mini,,Neighbourhood Park,{EA27291C-E509-4705-92D7-0DAB8969DB56}
476858.445,4755345.1306,9094,739,660 Steeplechase Dr,School,Soccer Field,,W. Sherwood Fox Public School Soccer Field 1,Other,,School,{806AAE60-D16A-488B-8E3F-3B3D72881206}
479352.5105,4766025.686,9095,740,887 South Wenige Dr,City,Soccer Field,2010,Stephens Farm Park Soccer Field 1 - Mini,Mini,,Neighbourhood Park,{FC81F1F1-3F10-4614-9A11-232E6DB3FD8A}
479092.8701,4753433.0137,9096,741,2875 Bateman Trail,City,Soccer Field,2015,Soccer Field 1 - Mini,Mini,,Neighbourhood Park,{2F9EFF45-3A48-4BD1-B874-85194B95308B}
485904.0156,4755728.6206,9097,742,3155 Meadowgate Blvd,City,Soccer Field,2010,Meadowgate Fields Soccer Field 1 - Full,Full,Y,District Park,{100D2B6C-54F6-49BC-9FCB-DC0FE5555C6B}
485919.3028,4755657.3432,9098,743,3155 Meadowgate Blvd,City,Soccer Field,2010,Meadowgate Fields Soccer Field 2 - Full,Full,Y,District Park,{AE8315E5-BA23-49E6-B827-80325541D181}
478133.6738,4757241.3904,9100,745,75 Cliftonvale Ave,City,Soccer Field,2012,Murray Park Soccer Field 2 - Mini,Mini,,Neighbourhood Park,{8F1AEC0B-CF61-4499-A837-DD24194BE94C}
470382.4384,4757701.2154,9101,746,1585 Riverbend Rd,City,Soccer Field,2009,Riverbend Park Soccer Field 1 - Full,Full,Y,District Park,{B15253F6-566E-4851-A765-A26B07F4E629}
470440.1176,4757634.5403,9102,747,1585 Riverbend Rd,City,Soccer Field,2009,Riverbend Park Soccer Field 2 - Full,Full,Y,District Park,{43A23A6C-DC40-421F-85D6-08784D749007}
476114.6892,4751517.6503,9103,748,4200 Campbell St N,City,Soccer Field,2011,Lambeth Optimist Park Soccer Field 1 - Full,Full,,Neighbourhood Park,{C78A855F-053A-49DE-B72A-A4100EF51B50}
480422.5012,4754642.4272,9104,749,817 Nixon Ave,City,Soccer Field,2013,Cleardale Park Soccer Field 1 - Mini,Mini,,Neighbourhood Park,{B54F70F5-9B3C-421D-BAB6-E7C77992B9F4}
478506.1781,4763721.6729,9105,750,1428 Hastings Dr,City,Soccer Field,1996,Hastings Park Soccer Field 1 - Micro,Micro,,Neighbourhood Park,{D70E084E-4E88-4349-80A8-460FE92891FB}
478466.917,4763701.0135,9106,751,1428 Hastings Dr,City,Soccer Field,1996,Hastings Park Soccer Field 2 - Micro,Micro,,Neighbourhood Park,{57623E16-2EC9-4F6D-85ED-B79DF1124A31}
480631.0982,4755201.9872,9107,752,640 Upper Queen St,City,Soccer Field,2006,Mitches Park Soccer Field 1 - Mid,Mid,Y,District Park,{1D04DC8B-3E74-4C57-9A1B-E7244B4436F0}
479452.3245,4762734.4157,9108,753,1225 Adelaide St N,City,Soccer Field,2003,North London Athletic Fields Soccer Field Stadium,Full,Y,Sports Park,{2D79F1D6-97BD-4365-9ACA-4A10F62AC4EA}
479468.4367,4762615.4761,9109,754,1225 Adelaide St N,City,Soccer Field,2005,North London Athletic Fields Soccer Field 5A - Mid,Mid,Y,Sports Park,{2B1DC171-8592-42A3-A060-80802A108083}
479472.152,4762556.4781,9110,755,1225 Adelaide St N,City,Soccer Field,2005,North London Athletic Fields Soccer Field 5B - Mid,Mid,Y,Sports Park,{8722508B-E135-459D-9BA1-26DB84DB66CE}
475069.5369,4753493.8314,9111,756,3470 Settlement Trail,City,Soccer Field,2012,Settlement Trail Soccer Field - Full,Full,,Neighbourhood Park,{3B9E27B0-A7F7-4B15-BA67-5C32DCDFEA9B}
478438.3419,4763689.5835,9112,757,1428 Hastings Dr,City,Soccer Field,1996,Hastings Park Soccer Field 3 - Micro,Micro,,Neighbourhood Park,{17E4636A-8B4E-4D8B-A704-9FB435C53ACB}
478489.777,4763711.1735,9113,758,1428 Hastings Dr,City,Soccer Field,1996,Hastings Park Soccer Field 3 - Micro,Micro,,Neighbourhood Park,{8C9D2D53-2452-46D6-80CD-C8CC90D41DE3}
476131.754,4764169.2811,9114,759,214 Plane Tree Dr,City,Soccer Field,2016,Plane Tree Park Soccer Field 3 - Mid,Mid,,District Park,{A6627CF0-9081-4611-89ED-76AE31FE52D3}
478247.7514,4764976.6925,9115,760,225 Chambers Ave,City,Soccer Field,2007,Virginia Park Soccer Field 2 - Mini,Mini,,Neighbourhood Park,{7E3E01FE-AFD8-4A9B-8065-ACA46A9EA8E8}
479475.327,4762587.0375,9116,761,1225 Adelaide St N,City,Soccer Field,2003,North London Athletic Fields Soccer Field 5 - Mini,Mini,Y,Sports Park,{6AB06183-20F2-4695-BA5A-80C079867EF3}
473048.6725,4756549.5545,9117,762,1085 Commissioners Rd W,City,Swing Set,1996,Springbank Park Swing Set 1,,,Regional Park,{95401700-535A-42A4-8221-3CFA5FE520FB}
473332.3468,4756403.0673,9118,763,1085 Commissioners Rd W,City,Swing Set,1996,Springbank Park Swing Set 2,,,Regional Park,{DB585BC7-80D8-4820-B7E0-5BE359DD6A03}
478639.962,4760741.6423,9119,764,2a Grosvenor St,City,Swing Set,2004,Gibbons Park Swing Set 1,,,District Park,{98D83DB5-886E-492B-8D86-F16E40C156F8}
478434.4514,4759413.1099,9120,765,20 Granville St,City,Swing Set,1996,West Lions Park Swing Set 1,,,District Park,{B3D75E65-250F-4FDD-B2F5-ED0F84A5E46F}
478445.6246,4759324.0217,9121,766,20 Granville St,City,Swing Set,1996,West Lions Park Swing Set 2,,,District Park,{6BCCF1CC-0923-42A8-A310-F460FEFDA5B3}
480870.8865,4760460.6802,9122,767,640 Adelaide St N,City,Swing Set,2003,McMahen Park Swing Set 1,,,Neighbourhood Park,{D22D4EB4-559F-4D3A-B401-12DD6F5E1E19}
484120.556,4760332.2195,9124,769,612 Hale St,City,Swing Set,1996,Kiwanis Park - North Swing Set 1,,,District Park,{C2D98821-818C-468E-B298-1CC85F47CB82}
484307.3212,4760257.3259,9126,771,612 Hale St,City,Swing Set,2003,Kiwanis Park - North Swing Set 4,,,District Park,{DDF78970-EC82-47B7-B896-D2AC812ADB4A}
481315.1492,4757092.5804,9127,772,750 Whetter Ave,City,Swing Set,1999,Rowntree Park Swing Set 1,,,Neighbourhood Park,{98535922-85C4-44C1-A1D9-0C48788766C6}
481326.3488,4757084.1488,9128,773,750 Whetter Ave,City,Swing Set,1999,Rowntree Park Swing Set 2,,,Neighbourhood Park,{A36D42BA-ACF6-4C1A-AD93-BCFC50EAF958}
480902.9987,4761874.9653,9129,775,194 Brampton Rd,City,Swing Set,2001,Smith Park Swing Set 1,,,Neighbourhood Park,{4449363C-01C0-4F7C-BCE8-F9CF682D9A75}
474982.1187,4758192.5703,9130,776,825 Valetta St,City,Swing Set,2010,Oakridge Optimist Community Park Swing Set 1,,,District Park,{C0BFF382-8B92-4D81-9CD3-5F2ACF0F16DD}
481068.6878,4758240.2524,9131,777,450 Nelson St,City,Swing Set,2000,Meredith Park Swing Set 1,,,Neighbourhood Park,{C55C52BB-F346-4F74-B411-9DD5873FBF0B}
478730.294,4755855.5919,9132,778,555 Wharncliffe Rd S,City,Swing Set,2006,Basil Grover Park Swing Set 1,,,District Park,{E13F4BB6-D480-4257-AA0E-29D940F76539}
479373.5882,4760963.8765,9133,779,300 Cromwell St,City,Swing Set,2011,Doidge Park Swing Set 1,,,Neighbourhood Park,{EC466E75-62E4-4BB8-B44D-3274496D74CE}
478225.7888,4757225.2825,9134,780,75 Cliftonvale Ave,City,Swing Set,2011,Murray Park Swing Set 1,,,Neighbourhood Park,{A5A4AA1F-1492-42B4-9BEF-5BFE14299CC5}
472701.8767,4756075.4473,9135,781,1308 Norman Ave,City,Swing Set,1996,Jorgenson Park Swing Set 1,,,District Park,{CCD9FE24-9383-4145-8785-EAF685807873}
473177.2719,4755913.555,9136,782,360 Colville Blvd,City,Swing Set,2004,Colville Park Swing Set 1,,,Neighbourhood Park,{B823BCF5-5129-4E6F-8922-30623C643D91}
478760.796,4757424.2215,9137,783,26 Duchess Ave,City,Swing Set,2000,Duchess Avenue Park Swing Set 1,,,Neighbourhood Park,{5CD700C5-FAFB-4C14-87E7-A4B01A45967A}
477161.6601,4760165.657,9138,784,290 Trott Dr,City,Swing Set,1996,University Heights Park Swing Set 1,,,Neighbourhood Park,{62E21561-3B56-4B76-A0FF-9C91B4FBE38B}
483214.2928,4762962.7564,9139,785,1221 Sanford St,City,Swing Set,2006,Stronach Park Swing Set 1,,,Sports Park,{3FEA8D9C-0453-4EB7-ABEE-1CBA12942F72}
481253.6037,4754736.6346,9140,786,640 Winblest Ave,City,Swing Set,2008,Winblest Park Swing Set 1,,,Neighbourhood Park,{7C9351F3-D191-43AD-88E9-5D341308A973}
477960.3149,4755448.5907,9141,787,671 Viscount Rd,City,Swing Set,2001,Arthur Ford Park Swing Set 1,,,Neighbourhood Park,{2B8BC706-1A0C-4C85-A1CD-2B5231D354C6}
484122.1246,4755932.435,9142,788,237 Deveron Cres,City,Swing Set,2003,Southeast Optimist Park Swing Set 1,,,District Park,{4E044CAB-37ED-4158-9276-1B48B68E9778}
482017.3722,4752778.3568,9143,789,41 Greenfield Dr,City,Swing Set,2006,Wilton Grove Park Swing Set 1,,,Neighbourhood Park,{7EF88B83-E1F2-4389-8177-FD4C5200F293}
482623.8796,4755050.8715,9144,790,112 Ebury Cres,City,Swing Set,2002,Ebury Park Swing Set 1,,,Neighbourhood Park,{4882DDF1-4DA1-42C0-9433-65BE54BDAC9C}
476634.244,4756394.5181,9145,791,510 Berkshire Dr,City,Swing Set,2004,Berkshire Park Swing Set 1,,,Neighbourhood Park,{5F9D3255-6204-44AA-9FA5-554E55AA0237}
473440.3806,4758234.8538,9146,792,1207 Royal York Rd,City,Swing Set,2002,Oak Park Swing Set 1,,,Neighbourhood Park,{EC28D390-DB76-4967-BA62-D7B69BB5A9DE}
476802.6667,4755550.3271,9147,793,429 Village Green Ave,City,Swing Set,2001,Village Green Park Swing Set 1,,,Neighbourhood Park,{6C086E5E-2466-43F1-AD44-8B2457D3261A}
475947.919,4758645.1664,9148,794,699 Thornwood Dr,City,Swing Set,2003,Thornwood Park Swing Set 1,,,Neighbourhood Park,{A93C1EFB-E800-4E85-965B-0EDBD5ADB588}
477198.4911,4757843.1507,9149,795,150 Chelsea Ave,City,Swing Set,2011,Kensal Park Swing Set 1,,,Neighbourhood Park,{AA2CF3FC-419F-42A9-A4C4-3ABBA1C95B95}
482453.1363,4762466.36,9150,797,70 Genevive Cres,City,Swing Set,1999,Genevive Park Swing Set 1,,,Neighbourhood Park,{33308BDB-D83B-4ADB-AE06-664A6329B2D1}
478959.5421,4758126.8138,9151,798,65 Victor St,City,Swing Set,2002,Belvedere Park Swing Set 1,,,Neighbourhood Park,{530E95B5-8341-40D7-8206-F41A947AC8DC}
476095.2336,4760117.2638,9152,800,427A Castlegrove Blvd,City,Swing Set,2001,Peppertree Park Swing Set 1,,,Neighbourhood Park,{D06F3C29-5872-4098-9451-5E8576F96FD5}
478820.7058,4762102.6481,9153,801,246 Epworth Ave,City,Swing Set,2000,Broughdale Park Swing Set 1,,,Neighbourhood Park,{4ADC37E5-F573-4E9E-8BB3-D751E480C82E}
478412.8191,4754869.9909,9154,802,5 St. Lawrence Blvd,City,Swing Set,2000,St. Lawrence Park Swing Set 1,,,Neighbourhood Park,{EA65F1C7-380A-42C6-B52F-79A4093B57B5}
483074.6187,4754462.2723,9155,803,650 Osgoode Dr,City,Swing Set,2013,Westminster Optimist Park Swing Set 1,,,District Park,{746008B4-1EE4-4042-AC1B-BED747D55D25}
480502.2248,4755220.1678,9156,804,640 Upper Queen St,City,Swing Set,2003,Mitches Park Swing Set 1,,,District Park,{338AF573-992D-4171-A568-82C50D720926}
479816.2685,4765262.3812,9157,805,725 Grenfell Dr,City,Swing Set,1996,Constitution Park Swing Set 1,,,District Park,{47FB4FA1-8F92-4636-AF89-79928176C456}
481863.6878,4762119.1891,9158,806,185 McNay St,City,Swing Set,2000,Huron Heights Park Swing Set 1,,,Neighbourhood Park,{1C49EDFC-AAAF-4E83-B4D0-0B9AE76323C7}
482321.0504,4759090.023,9159,807,325 Egerton St,City,Swing Set,2007,CNRA Park Swing Set 1,,,Neighbourhood Park,{5975FE21-0F7B-4C06-A955-43D124222DAD}
481053.1679,4753161.4718,9160,808,1119 Jalna Blvd,City,Swing Set,2004,White Oaks Park Swing Set 1,,,District Park,{07D2FA5B-E2F2-4108-A596-22EE13121675}
481326.1974,4753189.1969,9161,809,1119 Jalna Blvd,City,Swing Set,2004,White Oaks Park Swing Set 3,,,District Park,{5C24C8A0-81AB-4496-8164-4F4DDAFD1E5D}
481344.1251,4753183.0343,9162,810,1119 Jalna Blvd,City,Swing Set,2003,White Oaks Park Swing Set 4,,,District Park,{4A345796-F038-4CF9-A181-25B7D9E5DFEB}
481045.5154,4753143.8172,9163,811,1119 Jalna Blvd,City,Swing Set,2004,White Oaks Park Swing Set 2,,,District Park,{407B9054-D82A-4F02-AAF7-1A2160D95978}
485125.0657,4761927.2895,9164,812,1735 Culver Dr,City,Swing Set,1996,Culver Park Swing Set 1,,,Neighbourhood Park,{BE9C93DE-14F7-478F-9A39-E319646E01F0}
473690.6834,4754515.1616,9165,813,25 Fourwinds Rd,City,Swing Set,2001,Somerset Woods Swing Set 1,,,Woodland Park,{CC281808-21B4-442F-AB57-6056EC1BC306}
474349.7846,4760736.3285,9166,814,102 Brandy Lane Rd,City,Swing Set,2013,Gainsborough Meadows Swing Set 1,,,Neighbourhood Park,{FA56830C-5ADE-49DA-B4BE-7A1EF1780EE6}
474198.1307,4757129.537,9167,815,430 Hyde Park Rd,City,Swing Set,2003,Hazelden Park Swing Set 1,,,Neighbourhood Park,{EFA83813-5C23-4834-A4E2-C17EAB909521}
482684.4044,4761934.2563,9168,816,145 Rhine Ave,City,Swing Set,2003,Flanders Park Swing Set 1,,,Neighbourhood Park,{88467636-01ED-41DB-AFB0-1C3CB1C9ED32}
480866.9043,4762907.0838,9169,817,449 Barker St,City,Swing Set,2010,Ed Blake Park Swing Set 1,,,District Park,{5A3B5FCC-58AA-4CA3-A2EE-A29A72C2EB8C}
482221.0036,4760449.218,9170,818,530 Charlotte St,City,Swing Set,2005,Boyle Community Centre / Park Swing Set 2,,,Neighbourhood Park,{E1122857-2C8C-4DCB-B8D1-F0A362D0F7E2}
482242.4447,4760508.8831,9171,819,530 Charlotte St,City,Swing Set,1996,Boyle Community Centre / Park Swing Set 1,,,Neighbourhood Park,{DDC745A2-73BF-44C4-8FF3-EFFB532552C6}
480334.5671,4753961.5188,9172,820,65 Elvira Cres,City,Swing Set,2010,Ashley Oaks Park Swing Set 1,,,Neighbourhood Park,{D4688E2D-F855-495E-B0BA-821DB4506B99}
480989.9795,4753709.5167,9173,821,560 Bradley Ave,City,Swing Set,2009,White Oaks optimist Park Swing Set 1,,,District Park,{ABBC8651-8BB3-48AE-87B7-712761CA3A0B}
476600.8077,4760289.013,9174,822,328 Castlegrove Blvd,City,Swing Set,2001,Chesham Heights Park Swing Set 1,,,Neighbourhood Park,{F401AD88-22E9-4713-9C9F-9412A000D3A4}
475661.7547,4755149.9687,9175,823,69 Lynngate Grove,City,Swing Set,2000,Lynngate Grove Park Swing Set 1,,,Neighbourhood Park,{CA570D85-B869-4141-AA38-94BE72333EEA}
479664.641,4760197.4372,9176,824,695 Waterloo St,City,Swing Set,2003,Piccadilly Park Swing Set 1,,,Urban Park,{6F54A669-B738-4FCF-ACE6-549DEAD4C726}
479426.6934,4756815.0311,9177,825,15 Dunkirk Pl,City,Swing Set,2002,Dunkirk Place Park Swing Set 1,,,Neighbourhood Park,{3BEBD249-353D-4FEB-B3A3-51DAEC71E449}
484164.8664,4757173.3553,9178,826,828 Deveron Cres,City,Swing Set,2002,Naiomi Almeida Park Swing Set 1,,,Neighbourhood Park,{5680BDB7-3A7B-414C-8FE1-591BAA749F8D}
477264.8958,4754776.6617,9179,827,731 Viscount Rd,City,Swing Set,2003,Jesse Davidson Park Swing Set 1,,,District Park,{86F28F32-DBDE-4B2F-8836-95F245D52246}
477349.0613,4754588.1702,9180,828,731 Viscount Rd,City,Swing Set,2003,Jesse Davidson Park Swing Set 2,,,District Park,{9D3B2042-F020-4289-8A01-5A6878D8915E}
473905.7828,4751723.0961,9182,830,3982 West Graham Pl,City,Swing Set,2003,Southwinds Park Swing Set 1,,,Neighbourhood Park,{32148909-3AE7-4E5D-BEFE-15E4D8877095}
474830.9242,4754921.4885,9183,831,104 Parks Edge Cres,City,Swing Set,2001,Cresthaven Park Swing Set 1,,,Neighbourhood Park,{4D3B2363-1376-4BDB-94E9-E19F0FFE0C92}
484064.1916,4745847.1975,9184,832,6536 Bradish Rd,City,Swing Set,1996,Glanworth Park Swing Set 1,,,Sports Park,{D57B78FB-A1AF-489A-89BC-1581376A4A3D}
480469.9701,4752974.5125,9185,833,88 Lacey Cres,City,Swing Set,2001,Cheswick Park Swing Set 1,,,Neighbourhood Park,{2E6490DD-2BD5-4511-AAC6-C2097F3C7C6C}
474391.7326,4761831.4061,9186,834,48 Hawthorne Rd,City,Swing Set,2014,Norwest Optimist Park Swing Set 2,,,Neighbourhood Park,{87749B9D-8800-487B-828C-21ACAA365CD7}
474389.7107,4761841.8321,9187,835,48 Hawthorne Rd,City,Swing Set,2014,Norwest Optimist Park Swing Set 3,,,Neighbourhood Park,{EC067088-FB59-4DEE-9473-0705878E2988}
474273.6719,4761978.6777,9188,836,48 Hawthorne Rd,City,Swing Set,2009,Norwest Optimist Park Swing Set 1,,,Neighbourhood Park,{68FF60A0-B6F2-4DD2-B8A7-EC365908631C}
474033.9892,4762468.4791,9189,837,1830 Aldersbrook Rd,City,Swing Set,2000,Jaycee Park Swing Set 1,,,Neighbourhood Park,{9E66E83C-E0FA-4506-8DC8-2D54BF230D3C}
474171.1508,4762322.2628,9190,838,1830 Aldersbrook Rd,City,Swing Set,2008,Jaycee Park Swing Set 2,,,Neighbourhood Park,{168D9D40-52E4-464A-AAE2-0C92E0A9EA88}
478151.5431,4759653.897,9191,839,161 Empress Ave,City,Swing Set,1996,Empress Avenue Park Swing Set 1,,,Neighbourhood Park,{3FA5353B-3169-4871-ABD8-4D58024DF229}
482992.2377,4755480.8237,9192,840,280 Millbank Dr,City,Swing Set,2001,Past Presidents Park Swing Set 1,,,Neighbourhood Park,{45EBF374-4294-4B0F-9DE8-C0AEDDC33768}
478830.3038,4758673.4856,9193,841,17 Becher St,City,Swing Set,2003,River Forks Park Swing Set 1,,,Neighbourhood Park,{93FA6B35-D8C9-4B19-BB47-98CE44368C42}
486913.6608,4760675.4486,9194,842,142 Kipling Ave,City,Swing Set,2005,Nelson Park Swing Set 1,,,Neighbourhood Park,{B2409E5A-5CB7-4823-91F0-4BE37D04D75A}
476584.8117,4750639.73,9195,843,83 Dennis Ave,City,Swing Set,2007,Ralph Hamlyn Park Swing Set 1,,,Neighbourhood Park,{7A0E8027-6394-44BB-A31B-C8963CFE35E4}
476172.7029,4762797.6596,9196,844,257 Ambleside Dr,City,Swing Set,1996,Ambleside Park Swing Set 1,,,Neighbourhood Park,{E764FAFC-E71B-4BF7-B26D-AB6736289601}
484154.9915,4764323.6498,9197,845,64 Cayuga Cres,City,Swing Set,1996,Cayuga Park Swing Set 1,,,Neighbourhood Park,{E1A86997-3A1F-4EF6-AF69-E626B296274B}
482396.0622,4754118.3207,9198,846,16 Fitzroy Pl,City,Swing Set,2001,Nicholas Wilson Park Swing Set 1,,,Neighbourhood Park,{3E526AFA-C976-4C42-A88B-D1704103D89D}
483719.7386,4754411.2634,9199,847,150 Bexhill Dr,City,Swing Set,2007,Heritage Park Swing Set 1,,,Neighbourhood Park,{51162304-F954-4623-97A1-125D889EB043}
479412.16,4758153.2157,9200,848,15 Ridout St S,City,Swing Set,2003,Thames Park Swing Set 1,,,District Park,{C1CF3D11-C817-4B09-8ABF-DCB4B93E1496}
483772.1882,4758091.419,9201,849,15 Tommy Hunter Way,City,Swing Set,1999,St. Julien Park Swing Set 1,,,Sports Park,{9B0DF54F-5293-42B9-A03D-87020DCD4698}
479102.2334,4758786.1068,9202,850,331 Thames St,City,Swing Set,2003,Ivey Park Swing Set 1,,,City Wide Park,{E23C9FBF-7DE7-435C-8B6C-68BE8C308EB8}
475163.8941,4750791.4199,9203,851,7112 Beattie St,City,Swing Set,2008,Lambeth Centennial Park Swing Set 1,,,District Park,{DE0C5D57-1C93-4A4D-9999-413DA6715530}
476772.4019,4762931.2762,9204,852,71 Grasmere Cres,City,Swing Set,2003,Helen Mott Shaw Park Swing Set 1,,,Neighbourhood Park,{5A071FEC-9EAC-48D7-98D1-D07A74A1BE36}
481264.8563,4760649.3703,9205,853,656 Elizabeth St,City,Swing Set,1999,Carling Heights Optimist Community Centre Swing Set 1,,,District Park,{EC128270-17FF-40BA-8CA5-AC7B23513B92}
483077.0172,4758029.0995,9206,855,54 Price St,City,Swing Set,2003,Vauxhall Park Swing Set 1,,,Sports Park,{6D07A4A7-71AE-4668-A215-C10BFEDA1E72}
478274.4717,4764912.9757,9207,856,225 Chambers Ave,City,Swing Set,2012,Virginia Park Swing Set 1,,,Neighbourhood Park,{A5A266A9-9229-41E7-BB0B-9E5066C81F3A}
472557.4989,4753950.6873,9208,857,30 Alomar Dr,City,Swing Set,2002,Summercrest Park Swing Set 1,,,Neighbourhood Park,{0ACA3EE5-F25C-41F7-BFB3-7829368A49AE}
481077.521,4763875.8109,9209,858,905 Blackmaple Crt,City,Swing Set,2005,Meander Creek Park Swing Set 1,,,Neighbourhood Park,{639329E3-B2C9-4914-9B0D-402D5C5E9FEB}
478185.3368,4758807.5557,9210,859,136 Cavendish Cres,City,Swing Set,2005,Cavendish Park Swing Set 1,,,Open Space Park,{04B22F66-B857-463E-8B54-40788472C5A0}
473244.8922,4759007.7203,9212,861,43 Cheltenham Rd,City,Swing Set,2006,Cheltenham Park Swing Set 1,,,Neighbourhood Park,{70F1015F-266C-47B9-A312-7B1F37D35D7B}
472979.4571,4760124.73,9213,862,99 Prince Of Wales Gate,City,Swing Set,2004,Cantebury Park Swing Set 1,,,Neighbourhood Park,{9E5D5FB6-7B11-4E4C-A6A6-40DACF4328C6}
480403.3721,4764915.3616,9214,863,806 Dalkeith Ave,City,Swing Set,2005,Dalkeith Park Swing Set 1,,,Neighbourhood Park,{728C0837-090A-4942-ABDB-C379B64D4739}
476115.282,4764091.3935,9215,864,214 Plane Tree Dr,City,Swing Set,2007,Plane Tree Park Swing Set 1,,,District Park,{B4A86B6A-6F45-4EF8-BF55-4D465A4F839A}
485452.4283,4756531.1141,9216,865,270 Ellerslie Rd,City,Swing Set,2008,Carroll Park Swing Set 1,,,Neighbourhood Park,{8483F918-45F6-4B28-BB6F-5BA66619F666}
478494.2924,4765584.869,9217,866,2135 Blackwater Rd,City,Swing Set,2007,Northbrook Park Swing Set 1,,,Neighbourhood Park,{0134A687-8D8F-42D6-B257-B912AE1E023A}
471799.2893,4755203.0552,9218,867,80 Chalet Cres,City,Swing Set,2009,Scenic View Park Swing Set 1,,,Neighbourhood Park,{EF1DA34A-0278-49B3-BFD2-040EC2B0E449}
476462.3478,4757866.7662,9219,868,50 Greenside Ave,City,Swing Set,2009,Greenway Park Swing Set 2,,,Off-Leash Dog Park,{D5802997-5EA7-4BF4-8631-1F1C213C7836}
477132.835,4765293.5829,9220,869,204 Skyline Ave,City,Swing Set,2009,Heron Haven Park Swing Set 1,,,Neighbourhood Park,{DD6BD5C5-F2E5-483B-8998-BDB4AFCE7577}
480045.1295,4765977.2932,9221,870,1251 South Wenige Dr,City,Swing Set,2006,Wenige Park Swing Set 1,,,Neighbourhood Park,{50D667B1-6D57-4222-8D26-44340C0624B3}
475686.6968,4759254.9017,9222,871,40 Capulet Lane,City,Swing Set,2010,Capulet Park Swing Set 1,,,Neighbourhood Park,{DFDF9390-4359-4F94-842F-C1AE313D3CEA}
479413.5294,4766044.8243,9223,872,887 South Wenige Dr,City,Swing Set,2010,Stephens Farm Park Swing Set 1,,,Neighbourhood Park,{82E50EB1-8956-472C-A663-8B0618A8E6A7}
487119.6232,4761305.1289,9224,873,150 Vaubois Pl,City,Swing Set,2010,Bonaventure Meadows Park Swing Set 1,,,District Park,{5ACF947A-8985-4B5D-9613-E4AAE8D9DC88}
479170.8061,4753525.8149,9225,874,2875 Bateman Trail,City,Swing Set,2011,Swing Set 1,,,Neighbourhood Park,{A5FEC3D6-2956-440C-B38C-2D571817A9F1}
473908.57,4753846.9776,9226,875,955 Byronmanor Rd,City,Swing Set,2011,Byron Hills Park Swing Set 1,,,Neighbourhood Park,{EEB1FD6E-0AE6-43A9-9459-81DB25AE695F}
475182.324,4759582.186,9227,876,780 Mapleridge St,City,Swing Set,2011,Beaverbrook Woods Swing Set 1,,,Woodland Park,{92847957-DE51-41BA-A480-9E0F18B04B0A}
475284.4269,4761145.6419,9228,877,1051 Wonderland Rd N,City,Swing Set,2011,Medway Park Swing Set 1,,,District Park,{EB215DF1-4245-49E0-BA8E-2F316D248FE2}
474913.876,4759029.4473,9229,878,63 Meadowridge Rd,City,Swing Set,2011,Huntington Park Swing Set 1,,,Neighbourhood Park,{B94B7D6B-D8EC-425D-AEFA-3BB78891BA6D}
470289.5426,4757866.9088,9230,879,1585 Riverbend Rd,City,Swing Set,2011,Riverbend Park Swing Set 1,,,District Park,{7E7884BB-FC9C-4D4A-9A3E-4A5E7BBD8A61}
473326.4247,4761430.8943,9231,880,1965 Coronation Dr,City,Swing Set,2011,Coronation Park North Swing Set 1,,,Neighbourhood Park,{F60C3BDC-CDB6-4162-B258-4DF8245FD3A1}
482291.0025,4765417.9596,9232,881,564 Killarney Rd,City,Swing Set,2012,Cedar Hollow Park Swing Set 1,,,Neighbourhood Park,{F7950321-3A13-4377-A018-21402B470BB3}
479422.3005,4766694.1314,9233,882,1955 Rollingacres Dr,City,Swing Set,2012,Forest Hill Park Swing Set 2,,,Neighbourhood Park,{0DD5BBC7-DC1D-4A77-B8D6-C4F638676196}
475000.3709,4753433.1944,9234,883,3470 Settlement Trail,City,Swing Set,2012,Talbot Park Swing Set 1,,,Neighbourhood Park,{8EDA9FCE-1C0D-4A15-8058-022170E833CD}
473719.9102,4760397.4454,9235,884,1260 Coronation Dr,City,Swing Set,2012,Maple Grove Park Swing Set 1,,,Neighbourhood Park,{99D52E28-67C8-4A43-8E70-B15A38F78980}
479353.981,4754727.9675,9236,885,799 Homeview Rd,City,Swing Set,2012,Earl Nichols Park and Arena Swing Set 1,,,Neighbourhood Park,{47BB9B31-9BC6-42BC-AA82-7B183BB6CB0A}
476106.6399,4751427.4383,9237,886,4200 Campbell St N,City,Swing Set,2013,Lambeth Optimist Park Swing Set 1,,,Neighbourhood Park,{157FCD8C-999E-48FB-A2A5-AE1FAAF0DAD8}
486007.6336,4755829.7293,9238,887,3155 Meadowgate Blvd,City,Swing Set,2011,Meadowgate Park Swing Set 1,,,District Park,{9E151F44-FFCB-4599-8EF8-D8ABB805E212}
481509.3216,4766347.2693,9239,888,1480 Privet Pl,City,Swing Set,2012,Creekside Park Swing Set 1,,,Neighbourhood Park,{9222760B-EF3D-4748-AD24-97A62D14D1A5}
474796.4596,4759203.2103,9240,889,1115 Whetherfield St,City,Swing Set,2012,Whetherfield Park Swing Set 1,,,Neighbourhood Park,{E65064AE-E148-46C1-AB4E-B5286E22A2C5}
476096.4915,4765372.0762,9241,890,125 Pebblecreek Walk,City,Swing Set,2013,Pebble Creek Park Swing Set 1,,,Neighbourhood Park,{4440BDF0-8A58-4D8D-8028-90AD809F58AC}
478196.3333,4753780.1151,9242,891,3350 Singleton Ave,City,Swing Set,2013,Westbury Park Swing Set 1,,,Neighbourhood Park,{AB6244C4-D108-474F-86E0-4D26A36551DD}
473612.3672,4755038.1278,9243,892,211 Whisperwood Ave,City,Swing Set,2013,Whisperwood Park Swing Set 1,,,Neighbourhood Park,{F446C397-9FAC-402F-94CB-91B3C2955A16}
477832.6223,4763145.1566,9244,893,139 Pinebrook Pl,City,Swing Set,2013,Carriage Hill Park Swing Set 1,,,Neighbourhood Park,{D6FFE586-448F-458B-ADB2-35735AC898F4}
474467.3243,4764037.5009,9245,894,2070 Wallingford Ave,City,Swing Set,2013,Trooper Mark Wilson Park Swing Set 1,,,Neighbourhood Park,{985B2B6A-7421-4D1A-9C74-9FFEA4A94670}
487290.5156,4757873.3234,9246,895,1940 Frederick Cres,City,Swing Set,2013,Frederick Park Swing Set 1,,,Neighbourhood Park,{916D356F-6096-4680-AB4F-9BE99B5CC462}
473492.6591,4763731.5368,9247,896,2384 Buroak Dr,City,Swing Set,2013,Foxfield District Park Swing Set 1,,,District Park,{E625CBC4-759F-4C4B-BB92-681A1CD03C8B}
483037.5492,4754472.6427,9248,897,650 Osgoode Dr,City,Swing Set,2013,Westminster Optimist Park Swing Set 3,,,District Park,{8254C8E0-F2AE-40BF-83C7-D438822CB32F}
473475.5317,4761901.6898,9249,898,595 Blackacres Blvd,City,Swing Set,2014,Blackacres Park Swing Set 1,,,Neighbourhood Park,{CFF5088A-E8D3-407D-9987-D2E2A42510A7}
483317.2487,4759912.6183,9250,899,235 Oakland Ave,City,Swing Set,2014,Oakland Avenue Park Swing Set 1,,,Neighbourhood Park,{C23880F4-1D25-4426-8477-C3C156B77C30}
478003.5002,4766217.8298,9251,900,800 Superior Dr,City,Swing Set,2015,Powell Park Swing Set 1,,,Neighbourhood Park,{4C5BCDE4-B50F-4B09-AED7-522BD657F13B}
482559.1505,4756936.9884,9252,901,170 Helena Ave,City,Swing Set,2015,Glen Cairn Park - East Swing Set 1,,,District Park,{FCFB51BD-E79C-4348-A9CF-A7453E4D01C9}
473400.9745,4756371.2675,9253,902,1085 Commissioners Rd W,City,Swing Set,2000,Springbank Park Swing Set 3,,,Regional Park,{A34BA8A7-599E-4097-A5BA-782955C45257}
473398.0509,4756381.466,9254,903,1085 Commissioners Rd W,City,Swing Set,2000,Springbank Park Swing Set 4,,,Regional Park,{5DAD228B-17CF-4124-A505-F90B4E2A4D30}
479767.7416,4764501.4601,9255,904,656 Tennent Ave,School,Tennis Court,2021,Lucas Secondary School Tennis Court 2,,,School,{EBB4EB6D-0E3E-439A-8163-58B7D166A375}
479987.5916,4759630.3667,9257,906,509 Waterloo St,School,Tennis Court,2021,Central Secondary School Tennis Court 2,,,School,{BFBF37DA-2B59-476C-8AD1-855352BEAB60}
486053.7067,4760844.6875,9258,907,300 Clarke Rd,School,Tennis Court,2021,Clarke Road Secondary School Tennis Court 2,,,School,{BA44B405-C13B-46B8-95B0-55707837BC79}
482458.4409,4763626.9724,9259,908,1350 Highbury Ave N,School,Tennis Court,2021,Montcalm Secondary School Tennis Court 2,,,School,{E01FF5BD-E382-4D06-9B45-AF9B726A4B9F}
476268.8867,4754730.5115,9261,910,941 Viscount Rd,School,Tennis Court,2021,Saunders Secondary School Tennis Court 3,,,School,{0BC7BFB9-1B8B-41E5-9AF8-5D63BCB85CDD}
483149.0476,4754857.5282,9262,911,450 Millbank Dr,School,Tennis Court,2021,Laurier Secondary School Tennis Court 2,,,School,{05667309-2F96-4D84-A5AE-F135793A664A}
477269.2661,4756305.834,9263,912,230 Base Line Rd W,School,Tennis Court,2021,Westminster Secondary School Tennis Court 2,,,School,{AC5C6039-A067-4DB0-AF20-7F3DB5F62B11}
476235.8853,4754725.4986,9264,913,941 Viscount Rd,School,Tennis Court,2021,Saunders Secondary School Tennis Court 1,,,School,{5E11F92C-E4F7-414D-B085-A77658FFD175}
476252.6577,4754728.0594,9265,914,941 Viscount Rd,School,Tennis Court,2021,Saunders Secondary School Tennis Court 2,,,School,{A82E3A93-67C5-4493-9F77-3102B0B9A069}
476286.1072,4754733.9605,9266,915,941 Viscount Rd,School,Tennis Court,2021,Saunders Secondary School Tennis Court 4,,,School,{AAA55132-1EF7-4304-A163-6EBECC15465A}
477254.7045,4756304.1467,9267,916,230 Base Line Rd W,School,Tennis Court,2021,Westminster Secondary School Tennis Court 1,,,School,{A4DDCD8B-7A69-4789-9676-38616865AF28}
477283.5269,4756307.7412,9268,917,230 Base Line Rd W,School,Tennis Court,2021,Westminster Secondary School Tennis Court 3,,,School,{2C2854C4-D8B5-4581-9D90-58F869209EEC}
477298.3299,4756309.3641,9269,918,230 Base Line Rd W,School,Tennis Court,2021,Westminster Secondary School Tennis Court 4,,,School,{38F1DBE5-AC46-4870-AB35-1DBFC5F1BD04}
479753.3086,4764495.6675,9274,923,656 Tennent Ave,School,Tennis Court,2021,Lucas Secondary School Tennis Court 1,,,School,{241DAB66-9DDB-4191-9548-6213F6DCB9B3}
479781.0682,4764507.2304,9275,924,656 Tennent Ave,School,Tennis Court,2021,Lucas Secondary School Tennis Court 3,,,School,{224FB038-B8FF-426E-ADDF-91FCA1AD046D}
479793.2911,4764512.6026,9276,925,656 Tennent Ave,School,Tennis Court,2021,Lucas Secondary School Tennis Court 4,,,School,{3C2D870C-8639-48D0-9CA0-FC204233CAAE}
482446.0089,4763622.1388,9277,926,1350 Highbury Ave N,School,Tennis Court,2021,Montcalm Secondary School Tennis Court 1,,,School,{1C2312C1-DF35-4EC4-AC7C-BCD859A17511}
482470.8445,4763631.9921,9278,927,1350 Highbury Ave N,School,Tennis Court,2021,Montcalm Secondary School Tennis Court 3,,,School,{F494BFEA-FA10-44E1-B68B-DA63D9BAB01C}
479975.1143,4759625.6612,9279,928,509 Waterloo St,School,Tennis Court,2021,Central Secondary School Tennis Court 1,,,School,{BE6D4884-BE0A-4AB6-AAE4-528DE33A046D}
479999.895,4759634.9787,9280,929,509 Waterloo St,School,Tennis Court,2021,Central Secondary School Tennis Court 3,,,School,{9A652053-5ADD-4295-B266-5139D045BB98}
486039.6474,4760839.6798,9281,930,300 Clarke Rd,School,Tennis Court,2021,Clarke Road Secondary School Tennis Court 1,,,School,{58154318-5C62-4216-A80D-C194AB38F662}
486067.7572,4760850.2337,9282,931,300 Clarke Rd,School,Tennis Court,2021,Clarke Road Secondary School Tennis Court 3,,,School,{D0ED7087-04D6-4F97-9EFB-A8D5BD9B0354}
483135.8822,4754858.6396,9283,932,450 Millbank Dr,School,Tennis Court,2021,Laurier Secondary School Tennis Court 1,,,School,{939A03E6-5DBD-45C3-9F47-FC58C3025BB2}
483162.0923,4754856.9,9284,933,450 Millbank Dr,School,Tennis Court,2021,Laurier Secondary School Tennis Court 3,,,School,{8ACBEC83-DF3D-4AD9-9644-AF385B3224C7}
483215.2644,4760525.1078,9285,934,1260 Dundas St,School,Tennis Court,2021,Academie de la Tamise Tennis Court 1,,,School,{506728D8-0470-4DD6-BBEC-DCB2012979D3}
477158.0886,4761727.9136,9286,935,1349 Western Rd,School,Tennis Court,2021,Huron College Tennis Court 1,,,School,{994468DD-C1D1-4C27-A4A7-F76464123E88}
479453.6745,4762207.2307,9287,936,1040 Waterloo St,School,Tennis Court,2021,Kings College Tennis Court 3,,,School,{5AD401EB-7A33-4198-BEB1-CDE363BD1C42}
479478.2483,4762184.89,9288,937,1040 Waterloo St,School,Tennis Court,2021,Kings College Tennis Court 4,,,School,{BDC79942-5153-42E7-9D0B-6C0586B90745}
479429.1163,4762230.6885,9289,938,1040 Waterloo St,School,Tennis Court,2021,Kings College Tennis Court 2,,,School,{DB6DAE4B-8BF9-45F5-90B6-C5FF96BADA7D}
479426.104,4762224.6439,9290,939,1040 Waterloo St,School,Tennis Court,2021,Kings College Tennis Court 1,,,School,{7E19B8FD-0987-4ED8-8439-E84AB848712E}
477991.054,4761518.2591,9291,940,Lambton Dr (pvt),School,Tennis Court,2021,University of Western Ontario Tennis Court 7,,,School,{FC288CF2-53C7-45BA-B09B-A6FFAC233503}
478005.1166,4761517.7847,9292,941,Lambton Dr (pvt),School,Tennis Court,2021,University of Western Ontario Tennis Court 8,,,School,{1A04F61A-B1FB-41E8-9417-79F6B74498D3}
478018.741,4761517.409,9293,942,Lambton Dr (pvt),School,Tennis Court,2021,University of Western Ontario Tennis Court 9,,,School,{BB454AD1-3029-4587-AF6C-AE0D1983E284}
478002.5323,4761554.5012,9294,943,Lambton Dr (pvt),School,Tennis Court,2021,University of Western Ontario Tennis Court 4,,,School,{4A1294B5-C8EF-4EC0-879E-F0EECA978B94}
478014.3425,4761553.1446,9295,944,Lambton Dr (pvt),School,Tennis Court,2021,University of Western Ontario Tennis Court 5,,,School,{42FFEF83-45A7-4AD0-92CC-C1CFE66F7306}
478027.0082,4761552.1164,9296,945,Lambton Dr (pvt),School,Tennis Court,2021,University of Western Ontario Tennis Court 6,,,School,{0ED0D4F5-8861-4A4F-803F-470F609BE562}
478012.5742,4761590.997,9297,946,Lambton Dr (pvt),School,Tennis Court,2021,University of Western Ontario Tennis Court 1,,,School,{B9C5A841-919A-4A00-99CF-2D5EFFC71B38}
478038.4977,4761588.677,9298,947,Lambton Dr (pvt),School,Tennis Court,2021,University of Western Ontario Tennis Court 3,,,School,{B0700866-3433-4756-B8D6-346EEF8C9ACC}
478024.7625,4761589.2947,9299,948,Lambton Dr (pvt),School,Tennis Court,2021,University of Western Ontario Tennis Court 2,,,School,{EF332BED-49EE-4C9E-81D2-2E21E6B1FD92}
483201.7303,4760521.5817,9300,949,1250 Dundas St,School,Tennis Court,2021,W.D. Sutton Public School Tennis Court 2,,,School,{32D69DB2-457C-4D47-AFE7-FD155E158D76}
483189.1847,4760516.7659,9301,950,1250 Dundas St,School,Tennis Court,2021,W.D. Sutton Public School Tennis Court 1,,,School,{EBE26820-D42A-48D1-A902-8DB23AAC452C}
478733.3007,4760932.7018,9302,951,2a Grosvenor St,City,Tennis Court,1996,Gibbons Park Tennis Court 2,,,District Park,{5150E553-61F6-4409-99F3-2C27E9EB3C98}
478719.0841,4760927.9001,9303,952,2a Grosvenor St,City,Tennis Court,1996,Gibbons Park Tennis Court 3,,,District Park,{640C1232-4BE7-4555-8A4A-899BB3BE792B}
478747.0229,4760935.28,9304,953,2a Grosvenor St,City,Tennis Court,1996,Gibbons Park Tennis Court 1,,,District Park,{A6F0A188-AD78-4CEA-B325-9F6178F06420}
480778.9147,4761353.2255,9305,954,675 Grosvenor St,City,Tennis Court,2017,Carling Park Tennis Court 3,,,Neighbourhood Park,{8322774B-EEFA-4F65-8F75-DEDCC4519FE5}
480766.0444,4761348.5011,9306,955,675 Grosvenor St,City,Tennis Court,2017,Carling Park Tennis Court 2,,,Neighbourhood Park,{F47DDAEA-1C6C-46A5-BD77-E266CBF9240B}
480751.929,4761343.0827,9307,956,675 Grosvenor St,City,Tennis Court,2017,Carling Park Tennis Court 1,,,Neighbourhood Park,{D97C245E-6930-4F8A-AB1C-7F3A40A6F7AC}
484024.7306,4760389.7681,9308,957,612 Hale St,City,Tennis Court,1996,Kiwanis Park - North Tennis Court 2,,,District Park,{41962388-77A8-4153-B399-9F7E1D33E55A}
484010.6101,4760385.555,9309,958,612 Hale St,City,Tennis Court,1996,Kiwanis Park - North Tennis Court 1,,,District Park,{84BC99A9-5BF3-4850-B1C1-8FF181A5C4D1}
481429.3895,4757075.9246,9310,959, 750 Whetter Ave,City,Tennis Court,1996,Rowntree Park Tennis Court 1,,,Neighbourhood Park,{1CA5CA58-D11D-4CEB-A4C6-4EA5D8816AA0}
474927.5823,4758158.7991,9311,963,825 Valetta St,City,Tennis Court,1996,Oakridge Optimist Community Park Tennis Court 2,,,District Park,{FDBA2710-32EF-4351-95BE-5825A10C1437}
474938.683,4758168.1001,9312,964,825 Valetta St,City,Tennis Court,1996,Oakridge Optimist Community Park Tennis Court 1,,,District Park,{AF189B8D-D81E-49F4-A4ED-3F124A9000B7}
480960.3284,4758217.6344,9313,965,450 Nelson St,City,Tennis Court,2011,Meredith Park Tennis Court 1,,,Neighbourhood Park,{0B3E9034-CCED-49CD-A043-5495905C2D74}
479417.645,4761003.5069,9314,966,300 Cromwell St,City,Tennis Court,1996,Doidge Park Tennis Court 1,,,Neighbourhood Park,{850D9FBA-0A4A-4F5E-A30B-97D8466C9C08}
482426.7094,4761196.1955,9316,968,800 High Holborn St,City,Tennis Court,2014,Mornington Park Tennis Court 1,,,Sports Park,{A0F40D5E-7DC8-47A4-BB8B-CD4DACD1849D}
482440.1053,4761200.9621,9317,969,800 High Holborn St,City,Tennis Court,2014,Mornington Park Tennis Court 2,,,Sports Park,{1D8B3E67-CFD7-4A7B-AB03-3DF19C7E3DB4}
472680.8879,4755967.0696,9318,970,1308 Norman Ave,City,Tennis Court,1996,Jorgenson Park Tennis Court 1,,,District Park,{43D891F2-4EFD-43C8-B998-7A6ABE761BC6}
472695.2984,4755969.968,9319,971,1308 Norman Ave,City,Tennis Court,1996,Jorgenson Park Tennis Court 2,,,District Park,{20E1618F-140B-44AD-8F4C-6F9303C7FF58}
484886.8671,4758792.0947,9320,972,117 Tweedsmuir Ave,City,Tennis Court,1996,Fairmont Park Tennis Court 2,,,Neighbourhood Park,{4CB339FC-07DD-47E2-9113-6B83854DC0F3}
484873.6579,4758794.7931,9321,973,117 Tweedsmuir Ave,City,Tennis Court,1996,Fairmont Park Tennis Court 3,,,Neighbourhood Park,{E488C5CD-49DD-4471-89F5-BEA6A8255CC4}
484900.4858,4758790.9284,9322,974,117 Tweedsmuir Ave,City,Tennis Court,1996,Fairmont Park Tennis Court 1,,,Neighbourhood Park,{4171A6AC-DA42-4780-971D-C85EB43C827E}
476134.2561,4761223.8168,9323,975,100 Wychwood Pk,City,Tennis Court,1996,A. L. Furanna Park Tennis Court 1,,,Neighbourhood Park,{4256C817-7465-43C9-9A6C-A78033375802}
476147.5558,4761228.8074,9324,976,100 Wychwood Pk,City,Tennis Court,1996,A. L. Furanna Park Tennis Court 2,,,Neighbourhood Park,{5011E92E-F7BF-4350-8491-4D9D554A5A01}
474190.8612,4756650.7268,9327,979,65 Hartson Rd,City,Tennis Court,1996,St. Anthony's Park Tennis Court 1,,,Neighbourhood Park,{1569466F-7B9F-4BBD-9178-6F53EB7CEBA9}
483131.3608,4754425.6099,9328,980,650 Osgoode Dr,City,Tennis Court,2013,Westminster Optimist Park Tennis Court 1,,,District Park,{0BC283EC-EAE8-45B2-B5BF-ECD20B3DF49C}
478558.225,4763738.3896,9329,981,1428 Hastings Dr,City,Tennis Court,1996,Hastings Park Tennis Court 2,,,Neighbourhood Park,{CEFEB9CF-ED26-4D32-A08F-DB842A2311AF}
478544.636,4763735.9689,9330,982,1428 Hastings Dr,City,Tennis Court,1996,Hastings Park Tennis Court 1,,,Neighbourhood Park,{48D4509C-B783-4EEF-8B79-E6F844853B2B}
480716.8107,4755208.6156,9331,984,640 Upper Queen St,City,Tennis Court,1996,Mitches Park Tennis Court 2,,,District Park,{812BF563-78F3-49EB-8F15-E2EFB9007FF0}
480703.1452,4755207.6133,9332,985,640 Upper Queen St,City,Tennis Court,1996,Mitches Park Tennis Court 1,,,District Park,{5BFB4A88-54AF-4066-8156-84E88C0D0B2C}
480730.7381,4755209.8098,9333,986,640 Upper Queen St,City,Tennis Court,1996,Mitches Park Tennis Court 3,,,District Park,{29AA8690-E838-497C-858B-2E397FCC4719}
480851.8594,4753302.8783,9334,987,1119 Jalna Blvd,City,Tennis Court,2003,White Oaks Park Tennis Court 1,,,District Park,{A98CCDCF-536E-4BB3-9A55-DBC3FB7EE8F4}
480865.7681,4753307.4955,9335,988,1119 Jalna Blvd,City,Tennis Court,2003,White Oaks Park Tennis Court 2,,,District Park,{4E7C9CE6-76D5-4A1F-ABED-4BA689A6F513}
482704.465,4761856.9088,9336,989,145 Rhine Ave,City,Tennis Court,2003,Flanders Park Tennis Court 1,,,Neighbourhood Park,{B7DB1CC1-8713-4AEA-8538-BD82B04CEE93}
479795.9668,4760221.8288,9337,990,695 Waterloo St,City,Tennis Court,1996,Piccadilly Park Tennis Court 2,,,Urban Park,{8EE00F9F-8E76-494C-992C-B705A89B2025}
479810.6328,4760227.0104,9338,991,695 Waterloo St,City,Tennis Court,1996,Piccadilly Park Tennis Court 1,,,Urban Park,{E29CBC13-6E9F-452E-AE7D-BC359520726B}
482883.3387,4762433.7367,9339,992,1345 Cheapside St,City,Tennis Court,1976,North London Optimist Community Centre Tennis Court 2,,,Facility Park,{71E3E4F8-9C0D-4F8B-8B29-C63EF330D3DF}
482868.5427,4762427.642,9340,993,1345 Cheapside St,City,Tennis Court,1976,North London Optimist Community Centre Tennis Court 1,,,Facility Park,{D5283DF4-FD42-4A73-8571-3BB9FAC60C04}
482895.6365,4762439.2679,9341,994,1345 Cheapside St,City,Tennis Court,1976,North London Optimist Community Centre Tennis Court 3,,,Facility Park,{BE29E90C-8DF9-44B0-8070-F7218C18E497}
484137.555,4745895.0314,9342,998,6536 Bradish Rd,City,Tennis Court,1996,Glanworth Park Tennis Court 1,,,Sports Park,{80722927-813F-400D-A729-A36D1E0A8E8F}
476117.4487,4762848.599,9343,999,257 Ambleside Dr,City,Tennis Court,1996,Ambleside Park Tennis Court 1,,,Neighbourhood Park,{72172BCE-C90A-4F06-94E0-84765210C21F}
476131.486,4762847.0226,9344,1000,257 Ambleside Dr,City,Tennis Court,1996,Ambleside Park Tennis Court 2,,,Neighbourhood Park,{27E502C8-58E8-479E-B89D-9C93ABC7988F}
485409.6041,4756305.2744,9345,1001,270 Ellerslie Rd,City,Tennis Court,1996,Carroll Park Tennis Court 1,,,Neighbourhood Park,{742C6020-FF85-45DE-8821-3F4D83E6B06D}
485423.761,4756307.5618,9346,1002,270 Ellerslie Rd,City,Tennis Court,1996,Carroll Park Tennis Court 2,,,Neighbourhood Park,{646E1F04-19B8-4A21-8E71-06C9B70F9B10}
479457.7559,4758231.1538,9347,1003,15 Ridout St S,City,Tennis Court,1996,Thames Park Tennis Court 3,,,District Park,{B2595222-35EC-49F7-88DE-38AF1100F011}
479418.3485,4758238.3824,9348,1004,15 Ridout St S,City,Tennis Court,1996,Thames Park Tennis Court 1,,,District Park,{35F88033-CD09-44E9-9489-47D1E030F60A}
479432.9052,4758236.8339,9349,1005,15 Ridout St S,City,Tennis Court,1996,Thames Park Tennis Court 2,,,District Park,{EA02197C-5B59-46EA-B3A5-DDA2E9190A9B}
479471.735,4758224.5904,9350,1006,15 Ridout St S,City,Tennis Court,1996,Thames Park Tennis Court 4,,,District Park,{02B0422D-BABB-4D55-91E2-EE9B0B2AE459}
483636.9715,4757978.3112,9351,1007,15 Tommy Hunter Way,City,Tennis Court,1996,St. Julien Park Tennis Court 1,,,Sports Park,{129AB00C-9A42-4348-8BD5-3DB5221A286D}
483651.0681,4757983.5243,9352,1008,15 Tommy Hunter Way,City,Multi Use Pad,1996,St. Julien Park Multi Use Pad 1,,,Sports Park,{32F986A6-4235-4164-A640-71A86F2351F9}
473512.9671,4763893.822,9353,1009,2384 Buroak Dr,City,Tennis Court,2013,Foxfield District Park Tennis Court 1,,,District Park,{2998476D-1285-4CE3-B117-0C84E134822A}
473527.4146,4763899.3057,9354,1010,2384 Buroak Dr,City,Tennis Court,2013,Foxfield District Park Tennis Court 2,,,District Park,{09B672FF-815B-4CC7-BF7B-01791FB22F95}
482220.756,4760562.9859,9355,1011,1010 Princess Ave,City,Tennis Court,1996,Boyle Park Tennis Court 1,,,Neighbourhood Park,{1445AF9C-5266-49E1-AA7E-146C190DC589}
479661.3732,4762714.1354,9356,1012,1225 Adelaide St N,City,Volleyball Court,2013,North London Athletic Fields Volleyball Court 1,,,Sports Park,{593775DB-61BA-44F8-AAC1-8B9210C0BFCD}
479674.1208,4762719.3383,9357,1013,1225 Adelaide St N,City,Volleyball Court,2013,North London Athletic Fields Volleyball Court 2,,,Sports Park,{6CB6A25B-F045-4E90-921C-B3DACBF5C352}
479686.8684,4762724.5412,9358,1014,1225 Adelaide St N,City,Volleyball Court,2013,North London Athletic Fields Volleyball Court 3,,,Sports Park,{E26FF768-0CC1-4FAC-9DA2-E630DCB4DB46}
479698.4863,4762728.2066,9359,1015,1225 Adelaide St N,City,Volleyball Court,2013,North London Athletic Fields Volleyball Court 4,,,Sports Park,{EC119D65-F03B-4715-AAE8-DA83D4B89B59}
473418.5924,4756355.4692,9360,1016,1085 Commissioners Rd W,City,Wading Pool,1961,Springbank Park Wading Pool,,,Regional Park,{CBFC2B01-2D35-49DB-8C92-EC4F6E551559}
478658.8296,4760707.4741,9361,1017,2a Grosvenor St,City,Spray Pad,2007,Gibbons Park Spray Pad,,,District Park,{E70E2281-B0E0-4B86-AE51-1E6247BEC7FF}
478439.7475,4759380.4309,9362,1018,20 Granville St,City,Spray Pad,2003,West Lions Park Spray Pad,,,District Park,{C7121663-27D9-4844-BEAB-84C88853E0A9}
483167.1393,4758994.3326,9363,1019,50 Sycamore St,City,Wading Pool,1963,Silverwoods Park Wading Pool,,,District Park,{F98CB6FB-88C6-4FF2-BDC8-2BB36641A978}
480901.7504,4760484.586,9364,1020,640 Adelaide St N,City,Wading Pool,1962,McMahen Park Wading Pool,,,Neighbourhood Park,{4D657DEB-91C4-4EA7-850F-D1678844D8BB}
484044.9008,4760297.0835,9365,1021,612 Hale St,City,Spray Pad,2001,Kiwanis Park Spray Pad,,,District Park,{2CE0965F-45C6-48AF-A438-1513B97E0A21}
481305.5353,4757072.3148,9366,1022,750 Whetter Ave,City,Spray Pad,2001,Rowntree Park Spray Pad,,,Neighbourhood Park,{6F6425E6-1910-4343-91A5-4FB4AC5C671B}
480907.928,4761922.2044,9367,1024,194 Brampton Rd,City,Wading Pool,1960,Smith Park Wading Pool,,,Neighbourhood Park,{95C71748-004E-45F2-99D4-A5DD30EB4EC2}
481035.9611,4758262.3239,9368,1025,450 Nelson St,City,Wading Pool,1981,Meredith Park Wading Pool,,,Neighbourhood Park,{FA33A142-041B-467E-A07E-7031FD82F369}
478240.6958,4757282.2795,9369,1026,75 Cliftonvale Ave,City,Wading Pool,1963,Murray Park Wading Pool,,,Neighbourhood Park,{BBB88207-40A7-4DCE-BBFE-FA136D3558C0}
477148.2731,4760144.8432,9371,1029,290 Trott Dr,City,Wading Pool,1996,University Heights Park Wading Pool,,,Neighbourhood Park,{E6C4857B-ED56-420D-B0A7-52324977CB31}
481623.7499,4762309.7594,9372,1030,1050 Victoria Dr,City,Wading Pool,1968,Northeast Recreation Centre Wading Pool,,,Neighbourhood Park,{8C5382F7-1CF2-43CE-8D29-1448362A43A1}
477389.7368,4754771.2868,9373,1032,731 Viscount Rd,City,Spray Pad,2005,Jesse Davidson Park Spray Pad,,,District Park,{88EFFB9A-9BC0-404B-90A7-217B340C4478}
480792.285,4764917.8409,9374,1033,15 Mclean Dr,City,Wading Pool,1968,Northridge Pool  Wading Pool,,,Facility Park,{ABC689EC-16B9-461E-8C5B-0B9C7460CD30}
479145.9912,4758803.5712,9375,1034,331 Thames St,City,Spray Pad,2002,Ivey Park Spray Pad,,,City Wide Park,{3EC84338-B8DD-4DAF-B53A-4C80886816BE}
475141.5142,4750768.3568,9376,1035,7112 Beattie St,City,Spray Pad,2003,Lambeth Centennial Park Spray Pad,,,District Park,{BBCDBE75-497A-454B-90CE-A7A726628D01}
487352.5308,4761367.4666,9377,1036,141 Bonaventure Dr,City,Spray Pad,2005,Bonaventure Meadows Park Spray Pad,,,,{2511526E-473A-4357-8928-CBA6EB60C08B}
484104.8656,4755956.5899,9378,1037,237 Deveron Cres,City,Spray Pad,2008,Southeast Optimist Park Spray Pad,,,District Park,{A05EA3B5-3B08-497E-9E2D-94EFEEF606EC}
480932.5061,4762914.6372,9379,1038,449 Barker St,City,Spray Pad,2010,Ed Blake Park Spray Pad,,,District Park,{6ACEEB11-86E4-4B16-87D2-FD58B08752B5}
475304.0375,4761126.3075,9380,1039,1051 Wonderland Rd N,City,Spray Pad,2011,Medway Park Spray Pad,,,District Park,{BF0B55B7-D866-4893-91C5-0E1FD75A3AED}
474980.7295,4758128.6072,9381,1040,825 Valetta St,City,Spray Pad,2010,Oakridge Optimist Park Spray Pad,,,District Park,{51971478-71AE-4FCD-BDBE-F39B527724A4}
485963.5641,4755795.113,9382,1041,3155 Meadowgate Blvd,City,Spray Pad,2015,Meadowgate Park Spray Pad,,,District Park,{39690BF5-2676-4895-B838-2ED277BB6FF1}
474336.5246,4756151.9513,9383,1042,1085 Commissioners Rd W,City,Spray Pad,2015,Springbank Park Spray Pad,,,Regional Park,{D447C77F-2858-45B7-B11D-00C6F4667B8B}
478849.2061,4759033.6579,9384,1043,25 Wilson Ave,City,Washroom,2000,Labatt Park Washrooms 1,,,Sports Park,{1B15C1A6-4799-4A66-8241-7525F8B96CEC}
479658.577,4759609.7805,9385,1044,580 Clarence St,City,Washroom,2012,Victoria Park Washrooms 1,,,City Wide Park,{CA5A6CCA-262F-4F2C-ACA3-1F7108B4E584}
483132.5603,4758980.2572,9386,1045,36 Sycamore St,City,Washroom,1945,Silverwoods Park Washrooms 1,,,District Park,{2FDC5C5A-2253-4915-8784-39C8652282FD}
480888.0947,4761383.4198,9387,1046,675 Grosvenor St,City,Washroom,2000,Carling Park Washrooms 1,,,Neighbourhood Park,{B0547ED7-5C41-4B75-9F3C-A7A597B41339}
480855.2269,4760518.2077,9388,1047,640 Adelaide St N,City,Washroom,2010,McMahen Park Washrooms 1,,,Neighbourhood Park,{E1168BFD-BD29-4823-82D9-FCB8B0918CB0}
484063.5022,4760279.2948,9389,1048,612 Hale St,City,Washroom,1967,Kiwanis Park North Washrooms 1,,,District Park,{EC4CD101-AD99-48B2-AA54-C05F6D19D827}
481333.6422,4757057.5057,9390,1049,750 Whetter Ave,City,Washroom,2008,Rowntree Park Washrooms 1,,,Neighbourhood Park,{D3DB283C-9942-4B98-A281-3124376DDD49}
480944.0607,4761879.4698,9391,1051,194 Brampton Rd,City,Washroom,1960,Smith Park Washrooms 1,,,Neighbourhood Park,{C831AA5A-E45E-4567-B2BF-140519F94F37}
474967.6259,4758145.6698,9392,1052,825 Valetta St,City,Washroom,1962,Oakridge Optimist Community Park Washrooms 1,,,District Park,{D7BB0339-43EC-4CD8-9362-0E71B27DB6D1}
481046.5724,4758270.0277,9393,1053,450 Nelson St,City,Washroom,1981,Meredith Park Washrooms 1,,,Neighbourhood Park,{038AA41E-9085-41DE-9B16-37013AA53595}
478702.1524,4755917.3814,9394,1054,555 Wharncliffe Rd S,City,Washroom,1965,Basil Grover Park Washrooms 1,,,District Park,{10E7CFD8-DBF4-4271-8B92-5733993B9F7B}
478224.3102,4757284.282,9395,1055,75 Cliftonvale Ave,City,Washroom,1963,Murray Park Washrooms 1,,,Neighbourhood Park,{8AF40B17-2464-492A-AABD-D54258586055}
472702.404,4756016.707,9396,1056,1308 Norman Ave,City,Washroom,2010,Jorgenson Park Washrooms 1,,,District Park,{64E2ADD5-A6DD-4CCB-A054-A235594531DB}
477360.2601,4756659.9366,9397,1057,10 Hazelwood Ave,City,Washroom,,Southcrest Park Washrooms 1,,,Neighbourhood Park,{73D149EF-C2BA-4A77-A503-C62B71FAAA9A}
477174.0435,4760132.6006,9398,1058,290 Trott Dr,City,Washroom,1996,University Heights Park Washrooms 1,,,Neighbourhood Park,{58B46091-0F42-4420-9C60-C5909C1E5D7A}
483370.5043,4763068.2316,9399,1059,1221 Sanford St,City,Washroom,2002,Stronach Park Washrooms 1,,,Sports Park,{694C805D-799C-4861-918F-83EBF383E8BD}
484144.2577,4755870.4147,9400,1060,237 Deveron Cres,City,Washroom,1993,Southeast Optimist Park Washrooms 1,,,District Park,{62A97729-EAA7-4F07-8768-9E65785CD611}
476437.4306,4757855.3406,9401,1061,50 Greenside Ave,City,Washroom,2011,Greenway Park Washrooms 1,,,Off-Leash Dog Park,{6B8F7928-A533-469A-929F-79BA35045A2D}
483015.4115,4754435.3402,9402,1062,  650 Osgoode Dr,City,Washroom,2013,Westminster Optimist Park Washrooms 1,,,District Park,{25C1C6C9-EA20-4AFD-9E9E-3AA071B37BFE}
481635.0131,4762325.624,9403,1063,1050 Victoria Dr,City,Washroom,1968,Northeast Recreation Centre Washrooms 1,,,Neighbourhood Park,{59513648-2BDD-441E-8EB5-7F904109AF2B}
479544.0425,4762822.3671,9404,1065,1225 Adelaide St N,City,Washroom,2005,North London Athletic Fields Washrooms 1,,,Sports Park,{CCBDF61E-D698-4589-B6CE-9B295BD7CF52}
475662.1466,4754089.9747,9405,1066,682 Southdale Rd W,City,Washroom,1993,Southwest Optimist Park Washrooms 1,,,District Park,{20FA9505-6707-41A9-B4C4-DA7AE965BEB4}
482851.9729,4762385.459,9406,1067,1345 Cheapside St,City,Washroom,1976,North London Optimist Community Centre Washrooms 1,,,Facility Park,{83AF714F-B11B-4CA7-853D-A4962CD47E2C}
484044.3052,4745844.5737,9407,1068,6536 Bradish Rd,City,Washroom,1980,Glanworth Park Washrooms 1,,,Sports Park,{F5CC6745-3649-48D3-B1E5-0D0F421574DD}
476635.9973,4750670.6471,9408,1069,83 Dennis Ave,City,Washroom,1980,Ralph Hamlyn Park Washrooms 1,,,Neighbourhood Park,{B9B188A6-6701-4259-B7A6-E36C1840D989}
480813.8501,4764928.2375,9409,1070,15 McLean Dr,City,Washroom,1968,Northridge Pool Washrooms 1,,,Facility Park,{40BCCA8F-36AD-4A16-82B8-D0A15B6D772D}
479378.2811,4758191.4932,9410,1071,25 Ridout St S,City,Washroom,2010,Thames Park Washrooms 1,,,District Park,{10EA7707-4D7B-4B33-87C4-6B82792BD71E}
479368.6107,4758133.7458,9411,1072,15 Ridout St S,City,Washroom,2002,Thames Park Washrooms 2,,,District Park,{04150842-BBD1-4301-9917-0D6ADC53A267}
479166.1407,4758781.9754,9412,1073,331 Thames St,City,Washroom,2003,Ivey Park Washrooms 1,,,City Wide Park,{EDDD8626-6EDA-4697-B236-0D25255A16EC}
475141.5117,4750896.5003,9413,1074,7112 Beattie St,City,Washroom,1960,Lambeth Centennial Park Washrooms 1,,,District Park,{0A275A17-90B1-4A1A-A04D-3D7B78E3786D}
481328.6993,4760648.5515,9414,1076,656 Elizabeth St,City,Washroom,1998,Carling Heights Optimist Community Centre Washrooms 1,,,District Park,{0F7662E3-CC74-44A3-B2B8-4A4AA2D03D7F}
475951.9471,4751300.6793,9415,1077,4200 Campbell St N,City,Washroom,1980,Lambeth Optimist Park Washrooms 1,,,Neighbourhood Park,{360FB024-E65D-4135-98B7-D17FEAD8B305}
483089.1618,4758057.0095,9416,1078,54 Price St,City,Washroom,2001,Vauxhall Park Washrooms 1,,,Sports Park,{D39B58CB-8022-47AB-AF61-D6FE25AD0A77}
479521.963,4763319.7624,9417,1079,733 Windermere Rd,City,Washroom,1996,Windermere Fields Washrooms 1,,,Sports Park,{D2B125D8-21CC-4AA0-8E6C-A9557E02E9E0}
479566.2781,4758902.1637,9418,1080,130 King St,City,Washroom,2000,Covent Market Plaza Washrooms 1,,,Civic Space Park,{09134E00-1277-4C5E-AC93-47293F83C038}
477426.6746,4754814.1439,9419,1082,731 Viscount Rd,City,Washroom,2007,Jesse Davidson Park Washrooms 1,,,District Park,{EF3B7F8E-0879-4BFB-B8BE-47799CDADA96}
474669.9562,4756196.1137,9420,1083,950 East Springbank Gate,City,Washroom,,Springbank Park Washrooms 3,,,Regional Park,{F8C84747-867D-4DE7-9988-E971EFE7DB94}
476041.6895,4756871.1011,9421,1084,345 Wonderland Rd S,City,Washroom,1996,Civic Garden Centre Complex Washrooms 1,,,City Wide Park,{43087B70-E3F9-4423-89A5-61683B9CA819}
475914.6109,4757082.4045,9422,1086,285 Wonderland Rd S,City,Washroom,,Springbank Park Washrooms 5,,,Regional Park,{F35F8E94-37AE-434D-BE4E-B5CAFD4A7156}
480904.1355,4762872.3594,9423,1087,449 Barker St,City,Washroom,2010,Ed Blake Park Washrooms 1,,,District Park,{A8C75B60-2CF5-4231-899C-A5FC984551FB}
484443.1202,4759994.0819,9424,1088,1475 Brydges St,City,Washroom,2001,Kiwanis Park Central North Washrooms 1,,,District Park,{8249A117-20E3-4D89-9CDC-C7C6E0F2B7A2}
476013.5779,4757118.701,9425,1089,285 Wonderland Rd S,City,Washroom,,Springbank Park Washrooms 6,,,Regional Park,{D4A92CEF-8FA4-4804-9ECC-C9F711810804}
473688.1721,4756289.4462,9426,1090,1116 Springbank Trail,City,Washroom,2011,Springbank Park Washrooms 4,,,Regional Park,{CDE60AFA-410D-49EC-83A9-E5F06AB297BA}
485309.0124,4756993.0835,9427,1091,1510 Commissioners Rd W,City,Washroom,2011,City Wide Sports Park  Washrooms 1,,,Sports Park,{70EB701D-49DC-4836-92D1-40759E4A0E36}
485974.4121,4755792.3349,9428,1092,3155 Meadowgate Blvd,City,Washroom,2015,Meadowgate Park Washrooms 1,,,District Park,{DC9D0CD2-C266-4567-A813-91763BA85A81}
478561.1237,4760735.7139,9429,1093,2a Grosvenor St,City,Washroom,2010,Gibbons Park Washrooms 1,,,District Park,{4CE4CEF0-E32A-406B-83C0-ED04081069AA}
478369.9305,4759467.5258,9430,1094,20 Granville St,City,Washroom,2002,West Lions Park Washrooms 1,,,District Park,{F4E3C363-321D-49C2-B363-34A6669DAE3A}
475899.5967,4757041.6993,9431,1095,285 Wonderland Rd S,City,Washroom,2009,Springbank Park Washrooms 7,,,Regional Park,{07D0C06B-86E5-4FDC-A9CF-B4EFDC2CA64E}
473196.3047,4756377.5291,9432,1096,1205 Commissioners Rd,City,Washroom,2010,Springbank Park Washrooms 2,,,Regional Park,{7D9FA252-9BD2-41CA-9E35-DCA92F9867D7}
483280.8104,4763057.1191,9433,1097,1221 Sanford St,City,Washroom,2003,Stronach Park Washrooms 2,,,Sports Park,{97200BC4-5107-4F01-B52A-7B4D0BF3CC11}
478550.4345,4760740.4764,9434,1098,2a Grosvenor St,City,Washroom,,Gibbons Park Washrooms 3,,,District Park,{C2F64CED-7309-4D6A-A12B-46A40DCB9945}
475050.1761,4758208.7466,9435,1099,825 Valetta St,City,Washroom,2010,Oakridge Optimist Community Park Washrooms 2,,,District Park,{CB38EF1A-203A-466A-A9C3-D0E0A3A3DD2C}
478389.2451,4759438.0247,9436,1100,20 Granville St,City,Washroom,2002,West Lions Park Washrooms 2,,,District Park,{01C2A29F-B9CB-4634-9F32-25A17E705F04}
472692.4027,4756017.7389,9437,1101,1308 Norman Ave,City,Washroom,2010,Jorgenson Park Washrooms 2,,,District Park,{73DFF9CF-359B-4D63-8716-60504B9E2E74}
483149.4937,4758986.6072,9438,1102,36 Sycamore St,City,Washroom,,Silverwoods Park Washrooms 2,,,District Park,{D06C05E4-9DE4-47B1-895F-CB2E5E1B3D57}
483207.4376,4759024.9719,9439,1103,36 Sycamore St,City,Washroom,,Silverwoods Park Washrooms 3,,,District Park,{988BD7E6-0630-4BE9-A0DF-E1CDC555CD1D}
475078.4404,4750923.0142,9440,1104,7112 Beattie St,City,Washroom,1986,Lambeth Centennial Park Washrooms 2,,,District Park,{CEB47B20-91D6-4C91-96CD-DDA3C6142F05}
483798.8713,4758118.3007,9441,1105,15 Tommy Hunter Way,City,Washroom,1975,St. Julien Park Washrooms 1,,,Sports Park,{2BEA1CD2-41CC-4CD2-8E60-2B6BCCC48D16}
474498.591,4756153.6338,9442,1106,850 Arboretum Ave,City,Washroom,2021,Springbank Park Washrooms 8,,,Regional Park,{70BFB93C-9B4B-4913-B553-2EA684825D4E}
474343.9677,4756138.671,9443,1107,850 Arboretum Ave,City,Washroom,2021,Springbank Park Washrooms 9,,,Regional Park,{E3772767-3603-4C62-BF61-580B364CC275}
474169.1309,4756137.6329,9444,1108,1958 Storybook Lane,City,Washroom,2021,Springbank Park Washrooms 1,,,Regional Park,{08F81004-110B-42A8-A534-3F1155C90108}
475195.2374,4759516.2992,9445,1109,780 Mapleridge St,City,Soccer Field,2014,Beaverbrook Woods Soccer Field 1 - Mini,Mini,,Woodland Park,{8F1FB2BD-291C-4E39-B1B7-489660FAB421}
482238.4565,4760486.2658,9446,1110,530 Charlotte St,City,Soccer Field,2011,Boyle Community Centre / Park Soccer Field 1 - Micro,Micro,,Neighbourhood Park,{68455D69-8BA8-49F7-92E1-56C1EF65B329}
482243.931,4760470.911,9447,1111,530 Charlotte St,City,Soccer Field,2011,Boyle Community Centre / Park Soccer Field 2 - Micro,Micro,,Neighbourhood Park,{8139C8E5-4F11-4CCE-8F37-87396AFA4949}
482251.7968,4760456.1983,9448,1112,530 Charlotte St,City,Soccer Field,2011,Boyle Community Centre / Park Soccer Field 3 - MIcro,Micro,,Neighbourhood Park,{326D05BC-5248-4CD6-828B-5C0D5C5B84F3}
473909.9878,4753911.6436,9449,1113,955 Byronmanor Rd,City,Soccer Field,2014,Byron Hills Park Soccer Field 1 - Micro,Micro,,Neighbourhood Park,{652C903E-CCBF-4B72-8220-6D75C75EB347}
482618.8926,4756815.601,9450,1114,170 Helena Ave,City,Soccer Field,2012,Glen Cairn Park - East Soccer Field 1 - Mid,Mid,,District Park,{BC978C2B-94F0-4499-835C-980470E4193B}
481868.5601,4762169.9663,9451,1115,185 Mcnay St,City,Soccer Field,2012,Huron Heights Park Soccer Field 1 - Mid,Mid,,Neighbourhood Park,{849617FA-7BFF-4E97-9A8D-1220A5423A90}
474735.9143,4759195.8993,9452,1116,1115 Whetherfield St,City,Soccer Field,2012,Whetherfield Park Soccer Field 1 - Mid,Mid,,Neighbourhood Park,{95802251-A17E-4D16-BB9E-3CB900F8F2A3}
479329.8521,4758102.4588,9453,1117,15 Ridout St S,City,Soccer Field,2009,Thames Park Soccer Field 1 - Mid,Mid,,District Park,{D16C2DB9-6974-4EC8-88A0-2E519E84920F}
481801.6129,4754674.4634,9454,1118,710 Southdale Rd E,City,Soccer Field,2010,Westminster Ponds-Dearness Open Space Soccer Field 1 - Mid,Mid,,Facility Park,{9DA69E84-6617-431E-9AE3-73B7760986DD}
479672.8835,4762947.2254,9455,1119,1225 Adelaide St N,City,Soccer Field,2010,North London Athletic Fields Soccer Field 7 - Mid,Mid,,Sports Park,{667B8C46-AB60-417C-93C6-EF35C502B95B}
477686.2829,4758276.0995,9456,1120,50 Greenside Ave,City,Soccer Field,2011,Greenway Park Soccer Field 6 - Mid,Mid,,Off-Leash Dog Park,{E0B74705-793B-49D6-A8AC-166A2EB0D9F4}
477739.5699,4758290.215,9457,1121,50 Greenside Ave,City,Soccer Field,2011,Greenway Park Soccer Field 7 - Mid,Mid,,Off-Leash Dog Park,{0AF47167-5660-48DF-9676-E83407A42FB8}
474189.3883,4757068.5968,9458,1122,430 Hyde Park Rd,City,Soccer Field,2014,Hazelden Park Soccer Field 2 - Mid,Mid,,Neighbourhood Park,{F5CD86B6-C8DB-4ED3-A59B-C744287984FC}
474206.158,4757021.5552,9459,1123,430 Hyde Park Rd,City,Soccer Field,2014,Hazelden Park Soccer Field 3 - Mid,Mid,,Neighbourhood Park,{9E9FB423-8A8B-476B-A5B7-D3E868F1378F}
477391.4637,4754727.3437,9460,1124,731 Viscount Rd,City,Soccer Field,2001,Jesse Davidson Park Soccer Field 3 - Mid,Mid,,District Park,{621069C2-9375-47BF-8FD7-D3835CB79427}
477435.1335,4754737.3254,9461,1125,731 Viscount Rd,City,Soccer Field,2015,Jesse Davidson Park Soccer Soccer Field 4 - Mid,Mid,,District Park,{F98A11C8-27DC-4039-AE3D-E0FB38E6C7CA}
485881.4147,4755722.6217,9462,1126,3155 Meadowgate Blvd,City,Soccer Field,2010,Meadowgate Fields Soccer Field 3 - Mid,Mid,,District Park,{144CE1CB-2488-46F9-ACCD-96927ADCED86}
485931.9007,4755737.3931,9463,1127,3155 Meadowgate Blvd,City,Soccer Field,2010,Meadowgate Fields Soccer Field 4 - Mid,Mid,,District Park,{E55304E2-EE59-413D-9BA8-BB47BB362F0C}
485952.7905,4755666.3836,9464,1128,3155 Meadowgate Blvd,City,Soccer Field,2010,Meadowgate Fields Soccer Field 5 - Mid,Mid,,District Park,{032381FD-2226-4787-9FE5-A3BAB6006038}
479442.5577,4762898.3672,9465,1129,1225 Adelaide St N,City,Soccer Field,2014,North London Athletic Fields Soccer Field 8 - Mid,Mid,,Sports Park,{9762D14E-2787-4A19-93C2-D1EBE1E2FE74}
479446.5568,4762847.7333,9466,1130,1225 Adelaide St N,City,Soccer Field,2014,North London Athletic Fields Soccer Field 9 - Mid,Mid,,Sports Park,{57AD52AB-9202-435F-8122-06E8DBBD8C54}
479340.9004,4762774.434,9467,1131,1225 Adelaide St N,City,Soccer Field,2010,North London Athletic Fields Soccer Field 10 - MId,Mid,,Sports Park,{46FB6FBB-3ECF-4327-9D88-E15D39B1B9FC}
479343.3729,4762726.0602,9468,1132,1225 Adelaide St N,City,Soccer Field,2010,North London Athletic Fields Soccer Field 11 - MId,Mid,,Sports Park,{388AD084-2CEC-4439-8949-AE0468A4BD27}
475565.8242,4754157.0581,9469,1133,682 Southdale Rd W,City,Soccer Field,1993,Southwest Optimist Park Soccer Field 3 - Mid,Mid,,District Park,{D6004531-8C98-4614-BEBF-9DA0EB34AD42}
475614.2307,4754163.6956,9470,1134,682 Southdale Rd W,City,Soccer Field,1993,Southwest Optimist Park Soccer Field 4 - Mid,Mid,,District Park,{7ADDAC20-86A1-4925-9152-5BC1FE9A9BDD}
479578.1026,4757521.9208,9471,1135,165 Elmwood Ave E,City,Soccer Field,1999,The Green Soccer Field 2 - Mini,Mini,,Urban Park,{07985DA5-050A-40DD-AEDF-7EB82D1856F9}
476102.1104,4751529.3734,9472,1136,4200 Campbell St N,City,Soccer Field,2011,Lambeth Optimist Park Soccer Field 2 - Mid,Mid,,Neighbourhood Park,{570C9AFD-B9B5-4CCD-8B6D-3ECAD4DB72DE}
476133.2773,4751501.2983,9473,1137,4200 Campbell St N,City,Soccer Field,2011,Lambeth Optimist Park Soccer Field 3 Mid,Mid,,Neighbourhood Park,{9F18F46A-EAAF-49E6-93F9-E4C37725B63A}
486761.0645,4760701.6668,9474,1142,284 Admiral Dr,City,Baseball Diamond,1996,Admiral Park Baseball Diamond 1,,,Neighbourhood Park,{4946BEA0-88E5-4891-A275-90E74291FAA4}
481380.6816,4757123.1639,9475,1140,750 Whetter Ave,City,Baseball Diamond,1999,Rowntree Park Baseball Diamond 1,,,Neighbourhood Park,{41162D63-94BA-488A-8679-4CA30CB94FBE}
477976.0207,4766204.9701,9476,1141,800 Superior Dr,City,Basketball Court,2015,Powell Park Basketball Court 1 - Full,Full,,Neighbourhood Park,{16DB5D8C-9C5A-4313-AD69-B67364D4926F}
476957.9431,4757893.5626,9477,1159,150 Chelsea Ave,City,Soccer Field,2011,Kensal Park Soccer Field 3 - Mini,Mini,,Neighbourhood Park,{249D0B70-582F-4ABD-BF3A-26CCBC19E83F}
481335.1513,4753213.1855,9479,1147,1119 Jalna Blvd,City,Spray Pad,2001,South London Community Centre Spray Pad,,,District Park,{E9900C64-4EC7-40A5-9D9F-3B94DED60848}
479944.7586,4763400.5829,9480,1143,815 Windermere Rd,City,Washroom,1996,Stoneybrook Recreation Field Washroom 1,Other,,Sports Park,{4AE1DD13-ABA5-487F-9832-CE692037CFC1}
481247.6977,4754733.3296,9481,1144,640 Winblest Ave,City,Play Structure,2008,Winblest Park Play Structure 2,,,Neighbourhood Park,{9683D8BD-F5B1-4D93-9CE5-87DC5945CB48}
481487.8672,4758016.5925,9482,1145,1 Adelaide St S,City,Play Structure,2017,Chelsea Green Park Play Structure 1,,,Neighbourhood Park,{18EB10CC-9393-40C4-BCF5-827395D47059}
481482.7465,4758018.6707,9483,1158,1 Adelaide St S,City,Swing Set,2017,Chelsea Green Park Park Swing Set 1,,,Neighbourhood Park,{35A06761-6AFE-49D6-9F3D-9C9E0CE5C824}
479813.1921,4765241.5246,9484,1157,725 Grenfell Dr,City,Spray Pad,2017,Constitution Park Spray Pad,,,District Park,{A0A55069-9DE1-480F-AD3F-C4B60C73D14C}
479383.0083,4766613.1103,9485,1148,1955 Rollingacres Dr,City,Basketball Court,2017,Forest Hill Park Basketball Court 1 - Half,Half,,Neighbourhood Park,{DFBD1A4B-1520-4AD7-86DF-36EC5F62DA80}
487164.9152,4759844.2044,9486,1149,323 Hudson Dr,City,Swing Set,2017,Forest View Park Swing Set 1,,,Neighbourhood Park,{6AC08D01-ACB7-443E-8929-BE02423E6590}
487186.605,4759835.205,9487,1150,323 Hudson Dr,City,Swing Set,2017,Forest View Park Swing Set 2,,,Neighbourhood Park,{B09C3D14-DFEC-4AB6-A67A-991D763F7260}
482382.0163,4757084.8538,9488,1151,170 Helena Ave,City,Basketball Court,2017,Glen Cairn Park - East Basketball Court 1 - Full,Full,,District Park,{0BE72C32-5DCD-4CF3-BFDB-B5D743F6C8C8}
475420.3808,4756247.534,9489,1152,651 Westwood Dr,City,Swing Set,2017,Mitchell Park Swing Set 1,,,Neighbourhood Park,{20D67893-E7D4-4498-A64D-8CC3EEA1863F}
486299.5071,4758065.0379,9490,1153,55 Danielle Cres,City,Outdoor Ice Pad,2017,River East Optimist Park Out Door Ice Rink,Outdoor,,Neighbourhood Park,{42BB995E-303C-4387-B778-DE00EB6C626A}
486296.997,4758109.2731,9491,1154,55 Danielle Cres,City,Swing Set,2017,River East Optimist Park Swung Set 1,,,Neighbourhood Park,{6494733C-701F-4369-9E44-8806CA4925ED}
473997.6967,4763166.9724,9492,1155,1075 Melsetter Way,City,Soccer Field,2017,Vista Woods Park Soccer Field 1 - Mini,Mini,,Neighbourhood Park,{1BA0D4CE-9A47-4017-8CEF-361213DE9B83}
474004.025,4763109.3588,9493,1156,1075 Melsetter Way,City,Play Structure,2017,Vista Woods Park Play Structure 1,,,Neighbourhood Park,{3F356802-27BC-4063-A63B-3DEA5D497938}
474007.3607,4763113.9878,9494,1559,1075 Melsetter Way,City,Swing Set,2017,Vista Woods Park Swing Set 1,,,Neighbourhood Park,{996CD5E6-D774-4520-89E3-B5AE6A66C4AE}
480861.6992,4762798.6304,9495,1956,499 Barker St,City,Community Garden,2021,Ed Blake Community Garden,,,District Park,{64B43785-544B-4C3C-BBAA-88AE9A2A52D2}
476600.388,4757916.9496,9496,1957,50 Greenside Ave,City,Off-leash Park,2017,Greenway - Off-Leash Dog Park,,,Off-Leash Dog Park,{4C528830-2527-4BF6-BD58-D2BE2736E950}
479401.329,4754761.283,9497,1958,799 Homeview Rd,City,Basketball Court,2018,Earl Nichols Park and Arena Basketball Court 1 - Full,Full,,Neighbourhood Park,{0C32F8F1-0EA6-4AFA-97BB-5040BD44B335}
482295.7726,4765431.7749,9498,1959,564 Killarney Rd,City,Swing Set,2018,Cedar Hollow Park Swing Set 2,,,Neighbourhood Park,{36556977-63A5-405C-A088-E3F39EB373EC}
482332.1437,4761350.2387,9499,1960,800 High Holborn St,City,Swing Set,2018,Mornington Park Swing Set 1,,,Sports Park,{0EFFC625-32AC-4D52-A7C6-7B227DAB474B}
479655.8678,4762832.9226,9500,1961,1225 Adelaide St N,City,Volleyball Court,2018,North London Athletic Fields Volleyball Court 5,,,Sports Park,{C8C233C0-56C1-4481-8C83-26E6FB0FA34D}
479662.0204,4762819.1128,9501,1962,1225 Adelaide St N,City,Volleyball Court,2018,North London Athletic Fields Volleyball Court 6,,,Sports Park,{624165B7-EB0D-413D-B93D-93F42C9915B9}
479667.2918,4762803.856,9502,1963,1225 Adelaide St N,City,Volleyball Court,2018,North London Athletic Fields Volleyball Court 7,,,Sports Park,{C5C0387C-7289-41A3-A175-0DD03F16D7DA}
479672.6537,4762788.3506,9503,1964,1225 Adelaide St N,City,Volleyball Court,2018,North London Athletic Fields Volleyball Court 8,,,Sports Park,{692BBB24-53F2-486D-99DF-5DEF52CE8D61}
479685.4918,4762793.3049,9504,1965,1225 Adelaide St N,City,Volleyball Court,2018,North London Athletic Fields Volleyball Court 9,,,Sports Park,{B8F78A88-9964-476E-832E-B41065B0662C}
479700.2513,4762798.3954,9505,1966,1225 Adelaide St N,City,Volleyball Court,2018,North London Athletic Fields Volleyball Court 10,,,Sports Park,{FE555C5B-04C5-43E6-BA70-69EF22A71D90}
479715.6662,4762804.006,9506,1967,1225 Adelaide St N,City,Volleyball Court,2018,North London Athletic Fields Volleyball Court 11,,,Sports Park,{02716A73-12D9-4437-ADF3-2BA45C617AB5}
479731.9403,4762808.803,9507,1968,1225 Adelaide St N,City,Volleyball Court,2018,North London Athletic Fields Volleyball Court 12,,,Sports Park,{E55E0CA7-35A4-4759-AC9F-AF3591F44471}
479746.4283,4762814.6393,9508,1969,1225 Adelaide St N,City,Volleyball Court,2018,North London Athletic Fields Volleyball Court 13,,,Sports Park,{0BD5DF78-159E-46B1-8DE7-DBCBA9881B86}
480834.8893,4761336.6616,9509,1970,675 Grosvenor St,City,Swing Set,2018,Carling Park Play Swing Set 1,,,Neighbourhood Park,{798ECADD-1804-4408-A029-166C1EB2B55A}
476559.9322,4760310.9778,9510,1971,328 Castlegrove Blvd,City,Adult Exercise Stn,2018,Chesham Heights Park Adult Exercise Station 1,,,Neighbourhood Park,{2819CBF0-7F0E-4A7E-A846-1AB9687D441F}
476565.1415,4760314.8448,9511,1972,328 Castlegrove Blvd,City,Adult Exercise Stn,2018,Chesham Heights Park Adult Exercise Station 2,,,Neighbourhood Park,{2823C711-CE95-4711-8521-B78D429B37D0}
476569.9326,4760318.7004,9512,1973,328 Castlegrove Blvd,City,Adult Exercise Stn,2018,Chesham Heights Park Adult Exercise Station 3,,,Neighbourhood Park,{664F4B32-F6BE-45E0-BA7F-0C222CE87C6A}
476574.4298,4760322.5898,9513,1974,328 Castlegrove Blvd,City,Adult Exercise Stn,2018,Chesham Heights Park Adult Exercise Station 4,,,Neighbourhood Park,{A15A724D-964C-47DB-BFC9-B0578828C345}
480852.9816,4765288.3991,9514,1975,65 Tweed Cres,City,Basketball Court,2018,Fanshawe Optimist Little League Park Basketball Court 1 - Half,Half,,Neighbourhood Park,{E7B920E4-3227-4B4A-B930-167764502D67}
480899.7117,4765305.5003,9515,1976,65 Tweed Cres,City,Play Structure,2018,Fanshawe Optimist Little League Park Play Structure 1,,,Neighbourhood Park,{645ED87F-9F39-4150-8A3C-53C8136F890C}
480898.015,4765299.2196,9516,1977,65 Tweed Cres,City,Swing Set,2018,Fanshawe Optimist Little League Park Swing Set 1,,,Neighbourhood Park,{7225DCB9-67C4-468A-8DEB-FD1ABB2226F2}
472392.7365,4762827.1063,9518,1979,3150 Tokala Trail,City,Play Structure,2018,Tokala Woods Play Structure 1,,,Woodland Park,{04068343-E95A-473C-A855-B1A927E15D18}
472386.6209,4762824.4313,9519,1980,3150 Tokala Trail,City,Swing Set,2018,Tokala Woods Swing Set 1,,,Woodland Park,{8A93213E-7D70-43C6-8B3C-E96A8B14096E}
472805.8781,4762850.3245,9520,1981,2245 Water Oak Dr,City,Swing Set,2018,Water Oak Park Swing Set 1,,,Neighbourhood Park,{1D9B4035-002B-42D7-A84A-259F679E2A44}
472802.6725,4762841.8639,9521,1982,2245 Water Oak Dr,City,Play Structure,2018,Water Oak Park Play Structure 1,,,Neighbourhood Park,{BA491B9F-F2FE-410B-98CF-1A82EFB06B48}
482510.1837,4754139.6454,9522,1983,16 Fitzroy Pl,City,Disc Golf,2018,Nicholas Wilson Park Disc Golf 1,,,Neighbourhood Park,{E7C90888-39C7-4690-8291-40EDE0042CCA}
483245.4334,4754215.4497,9523,1984,580 Osgoode Dr,City,Disc Golf,2018,Osgoode Drive Park Disc Golf 1,,,District Park,{9CD6136B-7A71-4A78-89CE-65834EACE418}
482885.7319,4755203.5479,9524,1990,29 Shaftesbury Ave,City,Disc Golf,2018,Stanhope Park Disc Golf 1,,,Neighbourhood Park,{B762E68C-2F92-4FBC-AFB6-EB6DD1350A7B}
476440.6815,4753900.6558,9525,1986,501 Southdale Rd W,City,Community Centre,2018,Bostwick Community Centre,,,Facility Park,{7447BB03-19AF-4220-B962-9141911BA9DB}
485206.6153,4760464.9621,9526,1987,1731 Churchill Ave,City,Community Centre,2021,East Community Centre,,,District Park,{EDA5D7F0-4CFC-41BF-98C9-387E2BA7BF2D}
473118.3054,4756420.6037,9527,1988,1085 Commissioners Rd W,City,Adult Exercise Stn,2019,Springbank Park Exercise Station 1,,,Regional Park,{D0A6D337-33B6-429A-85DA-4B64273739BB}
482899.0615,4755168.6304,9528,1991,29 Shaftesbury Ave,City,Disc Golf,2019,Stanhope Park Disc Golf 2,,,Neighbourhood Park,{BF840DA9-34A8-43E3-BC6A-327275FEC953}
478238.8582,4758346.0166,9529,1992,60 Evergreen Ave,City,Basketball Court,2019,Evergreen Park Basketball Court 1 - Full,Full,,Neighbourhood Park,{33EABF85-DD42-456E-9307-7AB39C00C72E}
478240.4457,4758395.5467,9530,1993,60 Evergreen Ave,City,Play Structure,2019,Evergreen Park Play Structure 1,,,Neighbourhood Park,{B371D986-EE67-404E-9B82-29BA56475F3A}
487704.0551,4756736.987,9531,1994,2660 Sheffield Blvd,City,Swing Set,2019,Sheffield Park Swing Set,,,Neighbourhood Park,{21F9E401-E789-47E2-B826-7FCBF96193C7}
487716.5419,4756739.2692,9532,1995,2660 Sheffield Park Blvd,City,Play Structure,2019,Sheffield Park Play Structure,,,Neighbourhood Park,{C9A885A2-6A89-4199-93FA-B49D846249B8}
473889.0907,4752070.2357,9533,1996,7391 Silver Creek Cres,City,Play Structure,2019,Grand Oak Park Play Structure,,,Neighbourhood Park,{E2AEE3FF-82D7-4860-BB3A-58E8FFBC16DC}
484334.9853,4760273.9904,9534,1997,612 Hale St,City,Community Garden,2018,Kiwanis Park North - Community Garden,,,District Park,{C618AAEF-B1AF-48F6-AF9C-783EA4DB236B}
485442.2623,4756261.8968,9535,1998,270 Ellerslie Rd,City,Multi Use Pad,2020,Carroll Park Multi Use Pad 1,,,Neighbourhood Park,{2F33898D-11D2-48F1-A60E-382ED89D172F}
484957.508,4761280.2482,9536,1999,444 Kathleen Ave,City,Swing Set,2020,Mildred Barons Park Swing Set 1,,,Neighbourhood Park,{0F97CA4E-2418-4D92-829F-603117172232}
475549.4441,4761451.5366,9537,2000,7 Annadale Dr,City,Play Structure,2020,Sherwood Forest Park Play Structure 1,,,Neighbourhood Park,{2C76C0BE-C1A7-4A29-B970-F80FE9BD561D}
475551.6976,4761447.2948,9538,2001,7 Annadale Dr,City,Swing Set,2020,Sherwood Forest Park Swing Set 1,,,Neighbourhood Park,{26686EF1-6889-492A-BB14-2B43B2B38C26}
478251.7788,4759223.8607,9539,2002,20 Granville Street,City,Community Garden,2020,West Lions Park Community Garden,,,District Park,{A16A10C0-C8B2-4B10-AE6B-508C6BDD67BD}
480834.232,4765697.4534,9540,2003,1160 Blackwell Blvd,City,Play Structure,2020,Blackwell Park Play Structure 1,,,Neighbourhood Park,{946AE25C-7A2E-4322-A849-1451C22FABDF}
481357.1364,4760062.5749,9541,2004,723 Lorne Ave,City,Play Structure,2020,Lorne Ave Park Play Structure 1,,,Neighbourhood Park,{C429B015-9268-4640-AEFE-BE398E814875}
481368.6968,4760061.8573,9542,2005,723 Lorne Ave,City,Swing Set,2020,Lorne Ave Park Swing Set 1,,,Neighbourhood Park,{0AC40560-DD8B-450D-BF02-EFDEADF43C4E}
480253.8943,4754063.6317,9543,2006,65 Elvira Cres,City,Disc Golf,2020,Ashley Oaks Park Disc Golf 1,,,Neighbourhood Park,{1275AFE3-533D-4CB6-97F0-83EF99408BAD}
480267.3438,4754115.9355,9544,2007,65 Elvira Cres,City,Disc Golf,2020,Ashley Oaks Park Disc Golf 2,,,Neighbourhood Park,{197CF228-EAEC-47DA-A75E-9F5912317ED2}
482330.9947,4764907.61,9545,2061,1600 Drew St,City,Play Structure,2021,Edgevalley Park Play Structure 1,,,Neighbourhood Park,{D4E2020E-5CAB-4D65-B479-44068053AFBA}
474921.6086,4758166.128,9546,2062,825 Valetta St,City,Pickleball Court,2021,Oakridge Optimist Community Park Pickleball Court 1,,,District Park,{6ADEAFBD-C9F1-404B-9306-6931F9CB67A3}
474933.0795,4758175.4298,9547,2063,825 Valetta St,City,Pickleball Court,2021,Oakridge Optimist Community Park Pickleball Court 2,,,District Park,{C7A3849D-1D1A-4081-B574-D20C09AB80B5}
484887.7728,4758798.5513,9548,2064,117 Tweedsmuir Ave,City,Pickleball Court,2021,Fairmont Park Pickleball Court 1,,,Neighbourhood Park,{22A3D123-A167-4E9C-9FA9-810725169261}
472681.0922,4755973.6182,9549,2065,1308 Norman Ave,City,Pickleball Court,2021,Jorgenson Park Pickleball Court 1,,,District Park,{3D44F363-D9A4-4EDC-BE65-F0A595FC35FF}
476120.3947,4762855.8887,9550,2066,257 Ambleside Dr,City,Pickleball Court,2021,Ambleside Park Pickleball Court 1,,,Neighbourhood Park,{B9CD59FD-2885-4A47-94CD-4057D20B2027}
485408.6555,4756313.9908,9551,2067,270 Ellerslie Rd,City,Pickleball Court,2021,Carroll Park Pickleball Court 1,,,Neighbourhood Park,{281A9FDB-3D3D-4497-9F8C-1C81AD122608}
480716.0247,4755215.3734,9552,2068,640 Upper Queen St,City,Pickleball Court,2021,Mitches Park Pickleball Court 1,,,District Park,{3912FA1A-729C-452B-9B5A-E9E730FE7E4D}
479793.0867,4760228.499,9553,2069,695 Waterloo St,City,Pickleball Court,2021,Piccadilly Park Pickleball Court 1,,,Urban Park,{47A22D92-6D3D-4ADE-A484-C8B8EFA5FA7B}
479798.2078,4760214.4832,9554,2070,695 Waterloo St,City,Pickleball Court,2021,Piccadilly Park Pickleball Court 2,,,Urban Park,{BDD567DB-7D1F-493A-A2EE-0EBF97F7FB31}
473574.1394,4754953.0112,9555,2071,211 Whisperwood Ave,City,Pickleball Court,2021,Whisperwood Park Pickleball Court 1,,,Neighbourhood Park,{02FE8AA7-4650-496E-B1C5-A7902B31854E}
477764.8216,4763196.8002,9556,2072,139 Pinebrook Pl,City,Basketball Court,2021,Carriage Hill Park Basketball Court 1,,,Neighbourhood Park,{F83D2D62-A759-4A10-86E2-3E20A8095058}
485020.8361,4760487.5366,9557,2073,1731 Churchill Ave,City,Tennis Court,2021,East Lions Park Tennis Court 1,,,District Park,{2F1C628B-522A-4334-987A-F3BF9365B78E}
485082.4913,4760518.2163,9558,2074,1731 Churchill Ave,City,Pickleball Court,2021,East Lions Park Pickleball Court 1,,,District Park,{467A3636-7249-4AEC-BAEB-5C8AACDC48DE}
485208.2988,4760447.1784,9560,2076,1731 Churchill Ave,City,Indoor Pool,2021,East Lions Park Indoor Pool 1,,,District Park,{5FDDD0D5-9844-4C3D-9354-74560F1E7A24}
485158.1496,4760484.1933,9561,2077,1731 Churchill Ave,City,Play Structure,2021,East Lions Park Play Structure 1,,,District Park,{9E43E894-D495-4078-A875-73667F355B51}
482027.1021,4759866.747,9563,2079,925 Dundas St,City,Spray Pad,2021,Queen's Park Spray Pad 1,,,City Wide Park,{D8244677-F1D3-476D-ABF0-7124D1BB03BA}
470323.0839,4757821.9748,9564,2080,1585 Riverbend Rd,City,Spray Pad,2021,Riverbend Park Spray Pad 1,,,District Park,{01C506AB-555B-425F-A1DC-33FEF7CA85F8}
475718.4334,4754046.987,9565,2081,682 Southdale Rd W,City,Play Structure,2021,Southwest Optimist Park Play Structure 1,,,District Park,{E6CC298E-72E4-49E3-BA89-63B4FA15D9FE}
475720.5804,4754039.9146,9566,2082,682 Southdale Rd W,City,Swing Set,2021,Southwest Optimist Park Swing Set 1,,,District Park,{70F4FF66-D3AD-4ED6-A7A6-FD0023B73FB3}
483217.0762,4763164.4808,9567,2083,1221 Sandford St,City,Basketball Court,2021,Stronach Park Basketball Court 1,Full,,Sports Park,{36D9FA76-6120-4F08-B2D9-A6CF177B771D}
473801.4128,4759406.4561,9568,4512,741 Redtail Trail,City,Play Structure,2020,Sunrise Park Play Structure #1,,,Neighbourhood Park,{26A63801-2B80-4E2A-845A-344E66D607E6}
472383.2946,4755483.5316,9569,4513,457 Belvedere Pl,City,Play Structure,,Belvedere Place Park Play Structure #1,,,Neighbourhood Park,{5815E887-0DD5-4F10-98C5-1FA7B4AE61F4}
478111.5666,4752520.3337,9570,4514,225 Middleton Ave,City,Play Structure,2022,Middleton Park Play Structure #1,,,Neighbourhood Park,{5E6CE554-BF89-481E-AC63-817179C7949D}
478491.2368,4760736.3218,9571,4516,2a Grosvenor St,City,Play Structure,,Gibbons Park Play Structure #1,,,District Park,{2ADFE502-69A4-412E-B255-179ED39CC2A4}
483078.9651,4759121.7098,9572,4517,50 Sycamore St,City,Cricket Pitch,2022,Silverwoods Park Cricket Pitch #1,,,District Park,{23FB10B5-78E0-4895-918D-AC47884C206B}
472357.6311,4755478.3921,9573,4518,457 Belvedere Pl,City,Swing Set,2022,Belvedere Place Park Swing Set #1,,,Neighbourhood Park,{D5862125-A0A7-4C24-B03D-A6E93C9EC42F}
478571.7377,4763749.9457,9574,4519,1428 Hastings Dr,City,Pickleball Court,2022,Hastings Park Pickleball Court #1,,,Neighbourhood Park,{5FD27EC1-ADBF-4ABE-910F-D1D58EAD4DD4}
478575.0993,4763733.0199,9575,4520,1428 Hastings Dr,City,Pickleball Court,2022,Hastings Park Pickleball Court #2,,,Neighbourhood Park,{E71F05A8-F690-4E3A-80C7-1CDB4F5C7F73}
478085.3137,4752525.8591,9576,4521,225 Middleton Ave,City,Basketball Court,2022,Middleton Park Basketball Court #1,,,Neighbourhood Park,{1311C23A-30FA-479C-A2A3-546B41CCE7EA}
478009.3973,4752522.1795,9577,4522,225 Middleton Ave,City,Soccer Field,2022,Middleton Park Soccer Field #1,Full,,Neighbourhood Park,{8C5B1794-129A-475C-A1CB-369167EDF735}
478181.414,4758792.6332,9578,4523,200 Cavendish Cres,City,Play Structure,,Cavendish Park Play Structure #1,,,Open Space Park,{6ED26FE0-0ACC-4DE0-8125-7358E489080C}
481051.2373,4763877.2825,9579,4524,905 Blackmaple Crt,City,Adult Exercise Stn,2021,Meander Creek Park Adult Exercise Stn #1,,,Neighbourhood Park,{433E389E-43EE-4D36-83DA-6D8D38FCF818}
478395.4191,4759381.069,9580,4525,20 Granville St,City,Basketball Court,,West Lions Park And Kinsmen Recreation Centre Basketball Court #1,,,District Park,{DFE787D9-93F9-4EB1-BC5E-21D9047E5879}
478406.9203,4759370.7961,9581,4526,20 Granville St,City,Basketball Court,,West Lions Park And Kinsmen Recreation Centre Basketball Court #2,,,District Park,{60E8DFDD-CF23-4D64-9791-F4A997F5C90C}
483767.1172,4758037.3902,9582,4527,15 Tommy Hunter Way,City,Soccer Field,2023,St. Julien Park Soccer Field #6,Full,Y,Sports Park,{F089E176-AA42-405B-A7B8-E6C7205D078E}
485012.3243,4759463.1091,9583,4528,1580 Gore Rd,City,Play Structure,2021,Kiwanis Park - Central South Play Structure #1,,,District Park,{BFC365EF-D984-4E41-B340-E0DC8E001731}
485020.2602,4759452.6699,9584,4529,1580 Gore Rd,City,Swing Set,2021,Kiwanis Park - Central South Swing Set #1,,,District Park,{C2A41FB7-0EC9-4CBB-96AF-393BAE4A4BD0}
479703.5343,4763851.1435,9585,4530,1360 Adelaide St N,City,Baseball Diamond,2022,Northridge Fields Baseball Diamond #1,Peewee,,Sports Park,{A83D0A2A-E77B-4DC3-98C1-5BECAEB3A6CD}
479845.3222,4763894.8025,9586,4531,1360 Adelaide St N,City,Baseball Diamond,,Northridge Fields Baseball Diamond #2,Peewee,,Sports Park,{759BBFE0-73C3-41AE-8B33-D85847915D19}
479795.3812,4763893.2736,9589,4534,1360 Adelaide St N,City,Play Structure,2022,Northridge Fields Play Structure #1,,,Sports Park,{45657AC8-98A4-40FF-8686-73A16F42369F}
479962.1269,4764044.1454,9590,4535,1360 Adelaide St N,City,Cricket Pitch,2022,Northridge Fields Cricket Pitch #1,,,Open Space Park,{12CB54EC-B8F6-4A21-9468-1BBB2EE409EE}
479804.0775,4763871.2788,9591,4536,1360 Adelaide St N,City,Washroom,2022,Northridge Fields Washroom #1,,,Sports Park,{308D3E76-AE95-4558-B5CA-B39C069E0A66}
478677.56,4755870.4028,9592,4537,555 Wharncliffe Rd S,City,Disc Golf,2022,Basil Grover Park Disc Golf #1,,,District Park,{9AE98ACB-6E2F-46D5-A0FF-2AD8EDF6462D}
485091.2612,4760514.3214,9593,4538,1731 Churchill Ave,City,Pickleball Court,,East Lions Park Pickleball Court #2,,,District Park,{12911624-94BB-42CD-B5BD-15B6A33AD359}
470704.8693,4756673.8533,9594,4539,1136 Riverbend Road,City,Play Structure,2022,Hickory Park Play Structure #1,,,Urban Park,{4602F61A-2A5C-4983-872D-01227DDDFF01}
479794.5645,4763933.0043,9595,4540,1360 Adelaide St N,City,Batting Cage,2022,Northridge Fields Batting Cage #1,,,Sports Park,{B8437784-A6B6-40C8-9A68-2E3AED42DC1C}
470336.1172,4757953.0474,9596,4541,1585 Riverbend Rd,City,Washroom,2021,Riverbend Park Washroom #1,,,District Park,{2D9BBCB2-9487-4E5F-A7E4-D2E031DE510C}
478632.181,4760706.7453,9597,4542,2a Grosvenor St,City,Washroom,2021,Gibbons Park Washroom #1,,,District Park,{7AF91A86-F061-4121-96AC-389E2D4AE31C}
472921.418,4760992.6145,9598,4543,1695 Hyde Park Rd,City,Play Structure,,Hyde Park Village Green Play Structure #1,,,Urban Park,{33F347A0-80EB-4178-B678-84387C2D9E57}
472861.5457,4761023.8344,9599,4544,1695 Hyde Park Rd,City,Play Structure,,Hyde Park Village Green Play Structure #2,,,Urban Park,{68C688D3-6D61-4521-A783-4E211223FF14}
478261.3176,4753836.4313,9600,4545,3350 Singleton Ave,City,Basketball Court,2023,Westbury Park Basketball Court #1,,,Neighbourhood Park,{C8BAF165-86CF-4396-8FAD-EDEAEBF843AE}
478213.1049,4753883.3205,9601,4546,3350 Singleton Ave,City,Soccer Field,2023,Westbury Park Soccer Field #1,Mini,,Neighbourhood Park,{2DB80C3A-0F36-40EB-AC28-6EC61685E60E}
484180.2003,4763913.6386,9602,4547,176 Pawnee Rd,City,Play Structure,,Pawnee Park Play Structure #1,,,Neighbourhood Park,{E5C9C5EE-7F9E-406B-88C1-D9578179FC41}
480836.0347,4753300.4271,9603,4548,1119 Jalna Blvd,City,Tennis Court,2023,White Oaks Park Tennis Court 3,,,District Park,{63DD0F23-0DA4-4EF7-BB92-A2046D3287B5}
480798.4024,4753312.2855,9604,4549,1119 Jalna Blvd,City,Pickleball Court,,White Oaks Park Pickleball Court #1,,,District Park,{4653D95A-7A56-4E9C-B012-F9E7EAF3883A}
480810.0188,4753312.6485,9605,4550,1119 Jalna Blvd,City,Pickleball Court,,White Oaks Park Pickleball Court #2,,,District Park,{2DAD0F90-7497-4166-94B2-F1F7C39A34AD}
480798.6444,4753298.249,9606,4551,1119 Jalna Blvd,City,Pickleball Court,,White Oaks Park Pickleball Court #3,,,District Park,{51883541-DB7B-421B-A5F5-E44A1301C229}
480810.9868,4753299.338,9607,4552,1119 Jalna Blvd,City,Pickleball Court,,White Oaks Park Pickleball Court #4,,,District Park,{62ADC32A-416F-408D-9E94-54485E16B468}
484137.8827,4745886.2435,9608,4553,6536 Bradish Rd,City,Pickleball Court,,Glanworth Park Pickleball Court #1,,,Sports Park,{E25FD7AA-C9A1-4002-8190-B5AA765B8666}
481430.1278,4757069.628,9609,4554,750 Whetter Ave,City,Pickleball Court,,Rowntree Park Pickleball Court #1,,,Neighbourhood Park,{19B7A5FE-C623-4510-9FC6-F115181B69C3}
474077.1049,4762478.2866,9610,4555,1830 Aldersbrook Rd,City,Community Garden,,Jaycee Park Community Garden #1,,,Neighbourhood Park,{80C3046D-1E09-46D5-AF9B-10D4ED512263}
476108.6393,4751433.0896,9611,4556,4200 Campbell St N,City,Swing Set,2023,Lambeth Optimist Park Swing Set #2,,,Neighbourhood Park,{EDC3BCF6-3275-4012-9B95-D832330C9BFA}
482805.9084,4757470.6056,9612,4557,410 Scenic Dr,City,Play Structure,2023,Thompson Ravine Play Structure #1,,,Neighbourhood Park,{C93CCF32-0129-485F-B532-0B381BAC6C42}
470643.1296,4756455.4355,9615,4558,1050 Upperpoint Ave,City,Basketball Court,2024,Upperpoint Park  #1,Full,,Neighbourhood Park,{E404CB21-044A-4199-A764-02C0E09F6D99}
470727.6343,4756481.0167,9616,4559,1050 Upperpoint Ave,City,Play Structure,2024,Upperpoint Park  #1,,,Neighbourhood Park,{82167EAA-A2B1-4FA2-9AD6-DB7B0DF13E34}
470719.2406,4756478.4712,9617,4560,1050 Upperpoint Ave,City,Swing Set,2024,Upperpoint Park  #1,,,Neighbourhood Park,{69DDFF3E-2A94-4ADA-9210-D18C2B2474B1}
478194.2398,4757263.3267,9618,4561,75 Cliftonvale Ave,,Basketball Court,2024,Murray Park  #1,Full,,Neighbourhood Park,{5D900A51-65DC-4C5E-801A-044EF0CE8C73}
475838.153,4753409.6649,9619,4562,3290 Regiment Road,City,Basketball Court,2024,Regiment Park  #1,Full,,Neighbourhood Park,{DAFC5FAC-6919-444B-B609-A6A50C71DDEB}
475783.1924,4753431.6182,9620,4563,3290 Regiment Road,City,Play Structure,2024,Regiment Park  #1,,,Neighbourhood Park,{3729DB64-6640-4E7B-BE19-FB44951986A8}
475791.7779,4753430.9445,9621,4564,3290 Regiment Road,,Swing Set,2024,Regiment Park  #1,,,Neighbourhood Park,{7DB805B3-E7AE-40A4-81BC-D6F80920663F}
477272.4934,4754799.5339,9622,4565,731 Viscount Rd,City,Basketball Court,2024,Jesse Davidson Park  #1,Half,,District Park,{62FC71E0-B3B8-4C2F-8D13-17F8049560E6}
478150.6538,4760810.4329,9623,4566,2a Grosvenor St,City,Adult Exercise Stn,2024,Gibbons Park  #1,,,District Park,{312DA592-C2ED-4775-8EBD-7511AB5B7E05}
473281.4391,4761380.1152,9624,4567,1965 Coronation Dr,City,Soccer Field,,Coronation Park North  #1,Mini,,Neighbourhood Park,{A6D2469E-E64A-4531-984B-9B6C337BC267}
483498.5448,4758015.3587,9632,4574,15 St Julien St,,Skateboard Park,,River's Edge Disc Golf Course And St Julien Skate Park  #1,,,District Park,{A37AE007-C71A-4EE6-8370-3155B0CD2C70}
473501.8273,4763794.7005,9633,4576,2384 Buroak Dr,City,Spray Pad,2024,Foxfield District Park Spray Pad #1,,,District Park,{3544C377-D443-4A79-8716-BA3059D964A5}
473436.8866,4763802.6463,9634,4577,2384 Buroak Dr,City,Soccer Field,2024,Foxfield District Park Soccer Field #1,Full,,District Park,{5BFE9896-9546-484C-9D82-E82EA34F3218}
481296.5525,4760661.9139,9635,4578,656 Elizabeth St,City,Multi Use Pad,2024,Carling Heights Optimist Community Centre Multi Use Pad #1,,,District Park,{7709C372-9585-48B2-BC97-EEFC8A0DDA06}
485116.7828,4760503.3851,9636,4579,1731 Churchill Ave,City,Multi Use Pad,2024,East Lions Park Multi Use Pad #1,,,District Park,{DF2B6876-85A3-4E47-8F7E-EBF55E906EB2}
473669.0378,4760404.1509,9638,4581,1260 Coronation Dr,,Community Garden,,Maple Grove Park Community Garden #1,,,Neighbourhood Park,{322088BB-BBC0-4CDD-A39C-C657FA16BBE3}
472366.5786,4755507.0175,9639,4582,457 Belvedere Pl,,Community Garden,,Belvedere Place Park Community Garden #1,,,Neighbourhood Park,{097205D8-D0E5-487F-9150-F3B1D1BAEEB7}
474434.3384,4761884.5614,9640,4583,48 Hawthorne Rd,,Community Garden,,Norwest Optimist Park Community Garden #1,,,Neighbourhood Park,{BA281BD4-4BA6-4840-B1CC-BE2925110186}
479955.3357,4762968.1101,9641,4584,1220 Adelaide St N,,Play Structure,,Adelaide Street Wells Park Play Structure #1,,,Neighbourhood Park,{1D8B68C8-8116-406D-A0EA-C4F3E059619A}
482687.3056,4760921.1758,9642,4585,39 Connaught Ave,,Play Structure,,Mccormick Park Play Structure #1,,,Open Space Park,{F281157C-B664-427C-BF50-129C9B5B8BBE}
480877.4631,4765633.7321,9643,4586,1160 Blackwell Blvd,,Soccer Field,,Blackwell Park Soccer Field #1,Full,,Neighbourhood Park,{433105FD-E481-42AA-BB77-1CF83604A6FB}
479360.5089,4766667.4703,9644,4587,1955 Rollingacres Dr,,Soccer Field,,Forest Hill Park Soccer Field #1,Mini,,Neighbourhood Park,{16A5393F-C09A-46EF-9001-0D4C36790D91}
476521.5218,4753955.999,9645,4588,501 Southdale Rd W,,Play Structure,,Bostwick Community Centre Play Structure #1,Mini,,Facility Park,{4D1B651D-F5B0-47C1-ADC7-132E4869A6CF}
479801.8506,4765234.3831,9647,4590,725 Grenfell Dr,,Washroom,,Constitution Park Washroom #1,,,District Park,{06287CB7-0FF4-4CFC-B0C8-AA3BDB765F5E}
473481.6622,4763825.3597,9648,4591,2384 Buroak Dr,,Washroom,,Foxfield District Park Washroom #1,,,District Park,{CAABF712-492D-484E-8E44-CC408A8E1F91}
482336.6624,4761371.494,9649,4592,800 High Holborn St,,Washroom,,Mornington Park Washroom #1,,,Sports Park,{8FAA714F-8337-416B-8E49-C40DA5BB973C}
474988.3127,4750953.0765,9650,4593,7112 Beattie St,,Washroom,,Lambeth Centennial Park Washroom #3,,,District Park,{A820D600-4D80-4FB4-A0F2-322565124A1C}
483263.9916,4759074.8198,9651,4594,50 Sycamore St,,Soccer Field,,Silverwoods Park Soccer Field #1,Full,,District Park,{F09DA854-BCC8-4231-A960-A3E92A9D3E9B}
483872.0007,4757941.2536,9652,4595,15 Tommy Hunter Way,,Soccer Field,,St. Julien Park Soccer Field #7,,,,{42CF9DB2-F003-49CF-A785-E0F88C50162C}
485272.6079,4757653.2781,9654,4597,1139 Hamilton Rd,,Paddle Access,2025,Pottersburg Park - East Paddle Access #1,,,,{43413CD5-8FF9-44BD-8A90-4ACD737F1E84}
484103.6622,4760298.2919,9655,4598,612 Hale St,,Basketball Court,2025,Kiwanis Park - North Basketball Court #1,Half,,,{5534AA11-533B-4A6B-8498-4238A6138654}
484093.3743,4760278.8414,9656,4599,612 Hale St,,Pickleball Court,2025,Kiwanis Park - North Pickleball Court #1,,,,{4447105C-AF64-4034-9CAA-3431B8CC163A}
484088.7126,4760285.7535,9657,4600,612 Hale St,,Pickleball Court,2025,Kiwanis Park - North Pickleball Court #2,,,,{4CAB291E-37A9-410F-85F7-9146FCBEE6C8}
477985.7196,4755402.6473,9658,4601,671 Viscount Rd,,Pickleball Court,2025,Arthur Ford Park Pickleball Court #1,,,,{B029FE42-E4E8-4065-AB81-F3D3F5782C14}
477996.8183,4755416.3196,9659,4602,671 Viscount Rd,,Pickleball Court,2025,Arthur Ford Park Pickleball Court #2,,,,{FCBA6698-AD48-442C-8B99-DFC049556768}
478005.8259,4755393.3502,9661,4604,671 Viscount Rd,,Tennis Court,2025,Arthur Ford Park Tennis Court #1,,,,{1D409FEE-17EA-4FFA-82E3-6FD9CF4B6084}
479656.5684,4763060.7057,9662,4605,745 Windermere Rd,,Paddle Access,2025,Windermere Fields Paddle Access #1,,,,{4A9F602E-2988-4FB4-B5F0-B79BE74C2AD6}
473404.3392,4758225.5614,9663,4606,1207 Royal York Rd,,Adult Exercise Stn,2025,Oak Park Adult Exercise Stn #1,,,,{C23215E4-9307-4D88-8E9E-97C71CC7089C}
473412.9576,4758238.5736,9664,4607,1207 Royal York Rd,,Volleyball Court,2025,Oak Park Volleyball Court #1,,,,{4F31FF62-F880-4ACD-B545-1C996CB60F86}
483145.4278,4763660.5789,9665,4608,1345 Bentley Dr,,Basketball Court,2025,Huronview Park Basketball Court #1,Half,,,{D9073735-501E-4CAE-9FEF-F8E97551247E}
482305.0995,4765489.969,9666,4609,564 Killarney Rd,,Soccer Field,2025,Cedar Hollow Park Soccer Field #1,Mini,,,{237FA90D-5386-4CB3-B730-502E9285F724}
